date,avg_correlation,median_correlation,std_correlation,p25_correlation,p75_correlation,n_assets,n_pairs
1999-03-26,0.20517772249049146,0.20372620439134478,0.2633393227847225,0.0802201659420719,0.3291884002144972,40,768
1999-03-29,0.20363772411209338,0.20424915400830806,0.26502739005760795,0.07867567843417722,0.32861318046873345,40,768
1999-03-30,0.2036338898621427,0.20275077945412145,0.26465621704433034,0.07898848605005522,0.3294557038548458,40,768
1999-03-31,0.20268583241086732,0.20001156845717816,0.2649011013156738,0.07702419851250926,0.32711116926562217,40,768
1999-04-05,0.20011722973919188,0.19670813345221186,0.2670206598087748,0.0753450498350247,0.32727079924529534,40,768
1999-04-06,0.19764289230618295,0.19845017814902516,0.2750152657112436,0.07554572101049624,0.3282344649703913,40,768
1999-04-07,0.19801791610198763,0.19794273428182496,0.27525188134513745,0.07658543731186246,0.32808138274995724,40,768
1999-04-08,0.19732364571576774,0.19744765521563204,0.2756719906538044,0.07522080968846903,0.3279826464126774,40,768
1999-04-09,0.19747258537956502,0.19447909246674253,0.27663780493204243,0.07197090214342214,0.32748767551976704,40,769
1999-04-12,0.19736011670294648,0.19251531654951098,0.27671901704514457,0.07263624756961234,0.32727381001708705,40,769
1999-04-13,0.19661562691035092,0.19135448038808348,0.27631302433471444,0.07102718550881007,0.32660542849869767,40,769
1999-04-14,0.19603647916055297,0.18998974194301432,0.27694812274820146,0.07309058505445298,0.32705047735284093,40,769
1999-04-15,0.19929143319123419,0.19277818442596098,0.27401845689526727,0.0726090016919123,0.3261761404048402,40,770
1999-04-16,0.1982478028426125,0.19053332972723805,0.27415216531894837,0.0694127596229849,0.32448917636597563,40,770
1999-04-19,0.19776625706240383,0.19073710585952314,0.2743972106425866,0.0694127596229849,0.3252536659529075,40,770
1999-04-20,0.1971932967116145,0.19102963992967414,0.2744998786055866,0.07019573263635173,0.3253306379912116,40,770
1999-04-22,0.1997509533357127,0.19362152441757383,0.2741255561993704,0.07598033552232979,0.32797648376746447,40,771
1999-04-23,0.199618401807539,0.1917561432300794,0.2740039827544448,0.07240628001556981,0.3274347455261471,40,771
1999-04-26,0.1963280494079311,0.19068931642773407,0.27582180119161975,0.07163995896123174,0.32546399777358553,40,772
1999-04-27,0.19514841447066902,0.19101133722251679,0.2761828446480265,0.0670694148142784,0.3247643282106698,40,772
1999-04-28,0.19442033311952672,0.18882415307056916,0.2763284373720642,0.06660532398479521,0.3226691258383597,40,772
1999-04-29,0.19505108433064472,0.19040417125168763,0.2754457232172356,0.07060728074348399,0.32279492476457006,40,772
1999-04-30,0.19422009426813183,0.1904560097691173,0.2755444079134925,0.06609994160499832,0.32235414200633106,40,772
1999-05-03,0.1937957963026743,0.18928685780414378,0.275101124025425,0.06606107195241803,0.32346679615889107,40,772
1999-05-04,0.19418408893663866,0.18767688947117045,0.2748885284732591,0.06737158864106943,0.32435208996934806,40,772
1999-05-05,0.1950904016866326,0.1898986430094035,0.2746226062076133,0.06762542180366796,0.3252177322616934,40,772
1999-05-06,0.19557021998469507,0.18967734680709036,0.2746171611742034,0.06764949130050782,0.3250040194630303,40,772
1999-05-07,0.19504927742466688,0.18633570267241856,0.27359080632591815,0.06774075653300766,0.3237146708438689,40,772
1999-05-10,0.19546487300513063,0.18773810095919607,0.27334291108428577,0.06811423200986687,0.323925090539134,40,772
1999-05-11,0.1963660427606729,0.18940453313777816,0.27335331125477424,0.06901876146213452,0.32515068381017187,40,772
1999-05-12,0.20135309156302603,0.19180788481733974,0.263380906975808,0.06930070060901522,0.3268060120288845,40,772
1999-05-13,0.20050111843357485,0.1908673741337568,0.26306831973823663,0.06886259897478215,0.32453761722898933,40,772
1999-05-14,0.20172968828890103,0.1924576165334438,0.2651103710280373,0.07015463695936844,0.32365638712459766,40,772
1999-05-17,0.2008882524396588,0.1916840261674504,0.26468832687486676,0.07031378847473779,0.3208060337141458,40,772
1999-05-18,0.2009222925628017,0.19347647244402638,0.26482612384317955,0.07042101449495716,0.3209498471571566,40,772
1999-05-19,0.20016725595247342,0.19089690474929558,0.26314155072114637,0.07023597033285443,0.3215368563014473,40,771
1999-05-20,0.1999387304122442,0.19063431056294902,0.26296709353321657,0.07011372663090473,0.32178011292505326,40,771
1999-05-21,0.1990361210041602,0.1887212423018173,0.263259344414988,0.07043863334610688,0.3211901076684909,40,771
1999-05-24,0.20070798073063426,0.18953311167329803,0.263110154415537,0.07125013419869566,0.3234635435190677,40,771
1999-05-25,0.20310914518718914,0.193026881898699,0.262929604259417,0.07621224391441553,0.3236532967263268,40,771
1999-05-26,0.2056791618016146,0.19520371275857243,0.2616142971845827,0.0809509157792212,0.3261419362096753,40,771
1999-05-27,0.20761312282266434,0.19449018109027824,0.25869880836737097,0.07911639414930519,0.3286453397028136,40,771
1999-05-28,0.2079219249337888,0.19496916123034946,0.25882611178299886,0.07925235136169523,0.33225530198071557,40,771
1999-05-31,0.2086012150845947,0.1959459773324985,0.26063601523788626,0.07884135309154801,0.33179224405229235,40,771
1999-06-01,0.20934668203378903,0.19838202609663447,0.2646682242078611,0.07884131136211747,0.3341856767020488,40,771
1999-06-02,0.20944069367112247,0.1999496119597969,0.26759844511560604,0.08210175520986195,0.3337722826494771,40,771
1999-06-04,0.20980879154869006,0.19913762686557623,0.267644891456448,0.08280568560462155,0.33378934095595647,40,771
1999-06-07,0.20885157650756606,0.19659120882340989,0.2674720352669209,0.08117054953227529,0.33164288294724636,40,771
1999-06-08,0.20827739648559118,0.19850651923140428,0.26513771161745975,0.07735136903482139,0.3326532654696722,40,771
1999-06-09,0.20723135180369257,0.19531155222809576,0.2642781141836785,0.07998211236640992,0.33217150485916147,40,771
1999-06-10,0.2077052983262074,0.1961004449767922,0.26479049282552697,0.08017167304089377,0.3329393187659191,40,771
1999-06-11,0.2050480370126033,0.19481379437247695,0.26620003640417383,0.07437877411657971,0.3310615927808036,40,772
1999-06-14,0.20598437075717543,0.19578836729395602,0.2661015266092272,0.0766833665517795,0.3319597446455937,40,772
1999-06-15,0.20608974583595416,0.19548934523225744,0.2654743621978352,0.07919907675673134,0.33365816494777034,40,772
1999-06-16,0.2056189077943943,0.19550589238302926,0.26553933830009885,0.0778522427942881,0.33459170314240394,40,772
1999-06-17,0.20639134174733406,0.19499751379831026,0.2655163764690861,0.07931540173422347,0.33528103878817933,40,772
1999-06-18,0.20644213265960148,0.19332171081374008,0.26552982675916154,0.0803855864837355,0.3348349631486535,40,772
1999-06-21,0.20739158803668553,0.1939666835319147,0.264959476907487,0.08053859904147173,0.3396800807370412,40,772
1999-06-22,0.20771860013703583,0.1962388549120599,0.2646942306772629,0.08396790217501772,0.33920375734662617,40,772
1999-06-23,0.20409389413122975,0.19360468171256573,0.2676341875541085,0.08348514551021341,0.3386312699904347,40,772
1999-06-24,0.20223897821121062,0.19085404896617533,0.26810492945270825,0.077589289279669,0.33680345916321597,40,772
1999-06-25,0.20281030490697038,0.19269753339207923,0.26812794624326675,0.07787005599958954,0.3362016441331787,40,772
1999-06-28,0.201977801984327,0.19278258448951358,0.26767961105065863,0.07761907427054736,0.3407025699380917,40,772
1999-06-29,0.20082966066604482,0.19067297372607311,0.2679238284350345,0.07545489031425476,0.33666462048218915,40,772
1999-06-30,0.20087214784114,0.19125641680085081,0.2679119152793558,0.07407816346498358,0.33699092156690746,40,772
1999-07-01,0.20061259530290804,0.19284117924657582,0.26743600348419627,0.07586325240209883,0.336269756276808,40,772
1999-07-02,0.20025620184343404,0.19295309522906656,0.26714443355824213,0.07450285806288141,0.33577665907778503,40,772
1999-07-05,0.2001284147259554,0.19165971910026133,0.2671346432857954,0.07365805792944662,0.33579580412655113,40,772
1999-07-06,0.1997995819401389,0.19185235188440103,0.2668545611483803,0.07298349749892395,0.33399880398655285,40,772
1999-07-07,0.2001096595602969,0.19115707196482318,0.26614794347075577,0.07205975658072979,0.3326646302601008,40,772
1999-07-08,0.20078479150534223,0.1911723266146349,0.26294435634478464,0.07330620724396837,0.32846089782882937,40,772
1999-07-12,0.2027203112582142,0.19190565931743564,0.2640214387242516,0.07358338100779223,0.3290816799038295,40,772
1999-07-13,0.20462229089908515,0.19288485342122538,0.26011715495610593,0.07816173283483524,0.328835027461047,40,772
1999-07-14,0.2043566436951594,0.19087777138905831,0.25986540612468373,0.07468717642681985,0.32915694846813043,40,772
1999-07-15,0.2042037144619458,0.19112054873008907,0.2597724679231279,0.07405255062962122,0.32833996908915564,40,772
1999-07-16,0.2039619013362906,0.18974041172524653,0.25979916781903734,0.07299943131982208,0.3292809281407314,40,772
1999-07-19,0.20383341759386228,0.18977889435472722,0.25949826775661305,0.07479992321049143,0.3293665491794286,40,772
1999-07-20,0.20377667143217634,0.18986397028262547,0.25940934490198503,0.07491314755709466,0.3296873432570404,40,772
1999-07-21,0.2041238477141648,0.1901279255056457,0.25952396183338555,0.07530467027975765,0.32981772706877577,40,772
1999-07-22,0.2039308660171605,0.18972808306470626,0.2593082377158742,0.07446717523671598,0.32994536949583697,40,772
1999-07-23,0.20381522089659948,0.19126193125271948,0.25941341458391265,0.074764275315933,0.32907662197805077,40,772
1999-07-26,0.2018389269544963,0.18786978136525867,0.25907782842326116,0.07318686633375199,0.32810820602930163,40,772
1999-07-27,0.20186571915759294,0.190752851313844,0.25976027079235997,0.07196742362600572,0.3300282500231663,40,772
1999-07-28,0.20165554253836282,0.19073576584586188,0.2596912850188341,0.07199632393440104,0.3304991332232941,41,772
1999-07-29,0.20579310337633086,0.19272763788658767,0.3089631025043141,0.07012580764170029,0.3454984339806061,41,799
1999-07-30,0.18962294234940044,0.18844334348822542,0.2972287504024575,0.0627849581173972,0.3350571015816737,41,801
1999-08-02,0.1913155675734458,0.18760792346849878,0.28117701778313214,0.06591194558510564,0.3343876019076121,41,803
1999-08-03,0.1989554635944248,0.18921821266814096,0.26997381954595434,0.06836370610636161,0.3351820689750075,41,804
1999-08-04,0.20034622871358854,0.19124918731956997,0.2688316244614157,0.07116425679819814,0.34139074858709834,41,804
1999-08-05,0.1991412576737554,0.19174013791603003,0.26865337658534455,0.07033208763318445,0.3417855101180835,41,804
1999-08-06,0.1978022297277832,0.19057129548065396,0.26588644155833724,0.07029393810819784,0.33660232656548617,41,804
1999-08-09,0.1986218409792144,0.18993165012574853,0.26676716382589,0.06954022729917897,0.33577872361040884,41,805
1999-08-10,0.20356180065489526,0.19470047372384927,0.26610297333831673,0.07909626598448713,0.3364787379938847,41,806
1999-08-11,0.20353351047313398,0.1947993540770087,0.2651717514891682,0.07898748722112238,0.33441765187396966,41,806
1999-08-12,0.20820025896055036,0.19601454048409012,0.2634890200162978,0.08315022641529841,0.3460633349299287,41,806
1999-08-13,0.20540663021688602,0.19436663317597097,0.26594531914027736,0.0826353628560307,0.3416221629536172,41,807
1999-08-16,0.2036221456591332,0.19563823486849358,0.2644869599612126,0.08014955547923316,0.33795320139784235,41,807
1999-08-17,0.20570685027357796,0.19373134978809206,0.2613902353301474,0.07803623019911307,0.33608555347188157,41,807
1999-08-18,0.2065115826143168,0.19164334774484132,0.26144042459168493,0.08065075102529337,0.33448997220713994,41,808
1999-08-19,0.20430720570990551,0.193779845523599,0.262292172715266,0.0811256799480952,0.33574880387995176,41,809
1999-08-20,0.20444763234936078,0.193779845523599,0.262123809340267,0.07835946467320394,0.3358386346755326,41,809
1999-08-23,0.2078895270020258,0.19563823486849358,0.26181132001341123,0.0829944881706664,0.33844896771725325,41,809
1999-08-24,0.20973970489625451,0.1980476694195827,0.2597297808527622,0.08556919934921885,0.35123110084966136,41,809
1999-08-25,0.20902541169895555,0.19619579984174468,0.25883553363860373,0.07782790041230069,0.35159635196974326,41,809
1999-08-26,0.21113421453531273,0.196402279141573,0.2581274593359623,0.08445927397750085,0.3524619132658428,41,809
1999-08-27,0.2126733592322882,0.19714863571027058,0.2568507717065835,0.0823268442172953,0.3535023697064113,41,810
1999-08-30,0.21213838104859034,0.19730705192405784,0.2568187116580011,0.08131930513829241,0.3524686090283733,41,810
1999-08-31,0.21019618077114607,0.19617115476809793,0.25728832236145815,0.07922832670171297,0.3444032526628996,41,810
1999-09-01,0.20612748779731613,0.19753356252344254,0.25557281690469275,0.07309304840621708,0.33469884073148637,41,807
1999-09-02,0.20757487103628108,0.19741649171678757,0.25629889473402134,0.07444397234544026,0.3339004879781509,41,807
1999-09-03,0.2076701199492716,0.1970278495016929,0.2565088335513351,0.07299268292824232,0.3345192318745537,41,807
1999-09-06,0.20714277430756298,0.1965557242780162,0.25639413872702577,0.07315850745123659,0.33298131733220654,41,807
1999-09-08,0.20360346178957384,0.18834268101688914,0.2555580508969337,0.07086354627125602,0.330580256805731,41,807
1999-09-09,0.20619203715729803,0.19006466407822953,0.25209136921241787,0.0720020448441323,0.33411212079068237,41,806
1999-09-10,0.20649735951949855,0.19168684265121427,0.25313494227835165,0.07082456991557948,0.33615817798685743,41,807
1999-09-13,0.20559331503935285,0.18758635937736357,0.25485780875292247,0.07062415751910707,0.33566766245006086,41,807
1999-09-14,0.19948519318876898,0.18590288985406228,0.26269357992396153,0.06728112888585178,0.3305853781314157,41,806
1999-09-15,0.19787687185255717,0.18360211801330406,0.26132409474459156,0.06563221961594666,0.3330121927525264,41,806
1999-09-16,0.19254283961558968,0.1802056827739603,0.26311843162634857,0.05656185886471845,0.3308879595764906,41,806
1999-09-17,0.1925806167021385,0.18223001349899404,0.26292469861271794,0.05648873139861824,0.3304384494507294,41,806
1999-09-20,0.19341812741283168,0.18203404067880186,0.262081526244286,0.05753262758036354,0.3296174440592279,41,806
1999-09-21,0.17791798270183667,0.16259715807256953,0.2595973805833802,0.045375173188456776,0.31462732211459576,41,806
1999-09-22,0.18201769612644497,0.16500156308308656,0.25330963700075343,0.04806302856635773,0.3142419208580551,41,806
1999-09-23,0.18116070953341373,0.16566080111529988,0.2521221462244132,0.04633683819378624,0.3145051356905405,41,806
1999-09-24,0.1717533134866357,0.15443502485488064,0.2513517973657243,0.03536922924134423,0.31564583258279466,41,806
1999-09-27,0.17294628191342812,0.15733182216059166,0.2521750649021719,0.03808879126858039,0.3157617753840684,41,806
1999-09-28,0.1717533829648262,0.15361414012082986,0.25219362642212834,0.03245274583536338,0.31586228582869735,41,806
1999-09-29,0.17320494765024685,0.1534343120047743,0.2509137226836706,0.0344486048894381,0.3169564582800048,42,806
1999-09-30,0.16705486911106496,0.15278924757328002,0.31504341888992893,0.033052768406563994,0.3210160888355351,42,836
1999-10-01,0.1586697362436717,0.1458492608910755,0.28910911708850434,0.027241997264523844,0.3133197496515222,42,839
1999-10-04,0.15794249597269103,0.14630664272246552,0.28118598665752,0.02673983483060344,0.30935269811550503,42,839
1999-10-05,0.16696884123531047,0.15340038825836708,0.26895271684570227,0.031141935009873015,0.3136420241921116,42,839
1999-10-06,0.1666618405430136,0.1534350976101839,0.26710753349978505,0.02917639017245112,0.3115798683829919,42,839
1999-10-07,0.1699076244167832,0.15329410791103257,0.26388918333885597,0.03619332422754746,0.3151232834695236,42,841
1999-10-08,0.16840094661147764,0.15220472895819914,0.2618197003088416,0.036469101987265155,0.3100551759907577,42,841
1999-10-11,0.1688193507955469,0.15432272732053273,0.26216754255768276,0.03598882434524855,0.31125435186278433,42,841
1999-10-13,0.1607200413739483,0.1425784471018098,0.2656633163755104,0.027204604710906393,0.3099951403191867,42,841
1999-10-14,0.1603831428536199,0.14420339686777656,0.26550705643124267,0.025373408186232703,0.30960902139993984,42,841
1999-10-15,0.15959119642275818,0.14076671249309752,0.264866101080294,0.025373408186232703,0.3075216792569246,42,841
1999-10-18,0.1598830950498791,0.1424465363740973,0.26498594282115073,0.024436899818669814,0.3084381454881005,42,841
1999-10-19,0.15853048385767995,0.14015898970372898,0.264758374500103,0.02584960333242737,0.3075216792569246,42,841
1999-10-20,0.16086972280826714,0.1426377827945124,0.26413434761872295,0.027841019798953714,0.31289155634270815,42,842
1999-10-21,0.17290370798096352,0.14752706429490658,0.26381480061439067,0.031132772100951382,0.3187386297892315,42,840
1999-10-22,0.1730850326857314,0.14752025329878965,0.26402092436731334,0.02884917055364166,0.3198455771231723,42,840
1999-10-25,0.1756610135313245,0.15026638434413048,0.26237374360906696,0.03407892570006494,0.32183668118243064,42,841
1999-10-26,0.17536172259473898,0.15097490871822591,0.26232154753714915,0.03384115735179286,0.3208930708108125,42,841
1999-10-27,0.1752872797204829,0.1503816513601674,0.26219129622332205,0.03405669565128996,0.3205648344487424,42,841
1999-10-28,0.17342031403351596,0.14755608537197243,0.2649927281931751,0.03107842520814036,0.320064478832651,42,843
1999-10-29,0.17381726797960176,0.14653768164124922,0.2622460134176803,0.03417181796868193,0.3213886048071479,42,843
1999-11-01,0.17434351750246663,0.14724442038098765,0.2616923267062418,0.03557978457531664,0.3256566230037964,42,843
1999-11-03,0.17423129554680322,0.1505278276710524,0.26192593770137745,0.03378306712178376,0.3255671340384916,42,843
1999-11-04,0.1813698252056745,0.15698464170351434,0.2604400496924501,0.038565632717973364,0.3299481372273519,42,844
1999-11-05,0.1821613333726949,0.15658262213812313,0.25859608887352914,0.04268282189480247,0.32710715856366956,42,844
1999-11-08,0.18500803799506532,0.1619534271845952,0.2546125397763929,0.04944965649845735,0.3255969427459251,42,844
1999-11-09,0.18658789891472274,0.15675050193014184,0.2532980329043943,0.04963619722757171,0.33055257944330135,42,845
1999-11-10,0.18621653421315,0.15893931492463123,0.2518153122003928,0.05033569072330618,0.32631600732116517,42,846
1999-11-11,0.18705662718758376,0.16116336467973555,0.24981816587961173,0.051360597134944806,0.32373687303057147,42,847
1999-11-12,0.18417943902719836,0.16109912790228864,0.24818414353413176,0.04997666888541752,0.3208548240368122,42,847
1999-11-16,0.18523176540354427,0.1621572602042146,0.24847331075917192,0.05316886172556059,0.32035168181567397,42,847
1999-11-17,0.18388056603822928,0.16211386419492485,0.248014807357594,0.0534394545526777,0.31811706755967145,42,847
1999-11-18,0.18374585202714633,0.16530595954026567,0.24847996148687518,0.04925424138611167,0.3154087535251099,42,847
1999-11-19,0.1839558108950313,0.16448587021451597,0.24840981317727334,0.049238539848900184,0.31394600502788983,42,847
1999-11-22,0.18628733207163325,0.16845501506925772,0.24734894269412536,0.05210261398841094,0.31882339049844377,42,847
1999-11-23,0.1862219614649592,0.16660559744379003,0.24678194814019244,0.052880112258422235,0.31646144303822815,42,847
1999-11-24,0.18528601445282117,0.16726908913997626,0.24372661435569284,0.05249037394226238,0.31442706905275963,42,847
1999-11-25,0.18550206319267162,0.1673154408403188,0.2423952209503929,0.05460998416901755,0.31636054241673073,42,847
1999-11-26,0.1854508292249559,0.16640675562854468,0.24078920302178905,0.053338906923896395,0.3181745189887941,42,847
1999-11-29,0.18592825847843233,0.16340473883554502,0.24086912016148662,0.05148862888535102,0.3184888044205414,42,847
1999-11-30,0.18571854419829648,0.16230930225102724,0.24052705820270737,0.05329543521839013,0.3161495128062307,42,847
1999-12-01,0.18512717184276273,0.1616584717505706,0.24034950895091198,0.051380435062381394,0.3156095013143853,42,847
1999-12-02,0.18385145845263495,0.1615217320406041,0.23991005839965485,0.0511341198688194,0.3145358560270284,42,847
1999-12-03,0.18545338970517014,0.16319408881476813,0.2386670735326571,0.05317849886357963,0.3141624025812899,42,847
1999-12-06,0.18645710899713433,0.16443304160069552,0.23682506460527258,0.051446181614442185,0.31316775300680644,42,847
1999-12-07,0.18633873182215563,0.16098723743975601,0.23641549615474966,0.05215121825749165,0.313282276587337,42,847
1999-12-08,0.18696721678852704,0.161547569464337,0.23606290687795983,0.05579085275588247,0.309658694601339,42,847
1999-12-09,0.1863562041671172,0.16270353892364028,0.23492840557490743,0.05601728595390329,0.30320480178017195,42,847
1999-12-10,0.1843715667366481,0.16180946947669564,0.23461787328377406,0.05205456565655092,0.30162456362955986,42,847
1999-12-13,0.18340346142640634,0.15967493362973217,0.2346586666695452,0.05120450257752931,0.3024946025245351,42,847
1999-12-14,0.18282509758227897,0.1577215056287994,0.23461431687485826,0.05103189101293941,0.30358117480400826,42,847
1999-12-15,0.18172947815668358,0.15825638087686109,0.23313912894596103,0.05095339584523609,0.2947168467524113,42,847
1999-12-16,0.17734218434638638,0.15357764298198537,0.2311694831899333,0.047369312200595884,0.2930293109335897,42,847
1999-12-17,0.17416117438189288,0.15357764298198537,0.23607976701460212,0.04758485070133905,0.2924823967745709,42,849
1999-12-20,0.17587717679175852,0.15376210015084846,0.2310339416800447,0.04925077509388875,0.2898599992459647,42,849
1999-12-21,0.1750254313613545,0.15198210232327672,0.23105690917945884,0.04880015431687583,0.28810159498439586,42,849
1999-12-22,0.1764743473553383,0.15094707875664987,0.23029823727652926,0.050033168201644745,0.2915668148240438,42,849
1999-12-23,0.17630281923742375,0.15130524399933967,0.2289410479175125,0.049156723856861984,0.2959877002300256,42,849
1999-12-27,0.1741861183322396,0.15130524399933967,0.22641479317689106,0.04901243972039135,0.2870600401543161,42,849
1999-12-28,0.174048107323994,0.1509314565394355,0.22643902884326741,0.0488222088393322,0.28717006885207647,42,849
1999-12-29,0.17065042888558296,0.14765788394549745,0.2264273628374591,0.04343508598772116,0.28550955693054936,42,849
1999-12-30,0.17078448748904343,0.14800056627223093,0.22596720651756486,0.04252591426463135,0.2851956546379802,42,849
2000-01-03,0.17210687365922728,0.14766352680221623,0.22657172623061705,0.04354310058106221,0.2890474665986144,42,849
2000-01-04,0.17204468481558344,0.14918241891505984,0.22568251076031828,0.044244177388208315,0.2885930742441148,42,849
2000-01-05,0.18025783521122105,0.15762601499611603,0.22558103535884594,0.05758564295630975,0.2980173706624722,42,849
2000-01-06,0.18113314103143635,0.15732345577339052,0.22565457193441785,0.05605246156314802,0.29927226283168556,42,849
2000-01-07,0.1816519199411097,0.15696325244079423,0.22359162227517376,0.05639704237117837,0.2985567092081589,42,849
2000-01-10,0.18038678462724014,0.15691661734615045,0.22776757909666517,0.05774554672334019,0.29807737680457325,42,849
2000-01-11,0.18302446912527653,0.15992820837470045,0.2262220440176147,0.060128158143764175,0.2986777958959432,42,849
2000-01-12,0.1848376875550861,0.16070504978681294,0.22677669315235666,0.06260529195132293,0.30331513532751386,42,849
2000-01-13,0.18545704539300026,0.16061202610724765,0.2262197539203451,0.0628465489566572,0.30040177040558713,42,849
2000-01-14,0.18499881212882344,0.16081368993093131,0.2260984531637366,0.06196940257235076,0.2977190773795831,42,849
2000-01-17,0.18338551062603584,0.1598354717454765,0.2254943408480818,0.06005796570005488,0.2945932999065508,42,849
2000-01-18,0.18211250008355406,0.1592227718478607,0.2249338097084886,0.05842886579933494,0.29333768095362284,42,849
2000-01-19,0.18143386525439603,0.15544341245814156,0.22416759199986852,0.059144708080743916,0.2937174824123447,42,849
2000-01-20,0.17911799901512637,0.1515702000093316,0.22391670603530245,0.0561312999384859,0.29103297894986296,42,849
2000-01-21,0.17741747633174038,0.15118841359109403,0.2233927240083005,0.05366938455323791,0.29228364248954825,42,849
2000-01-24,0.1690541333335689,0.14567323947439806,0.21896743247658526,0.046387237433864296,0.28034271401656385,42,849
2000-01-26,0.1483097514832878,0.13155468053066785,0.2071436282974685,0.03915316335025805,0.24657267953201856,42,849
2000-01-27,0.14850924422006787,0.13198034454706664,0.20615391325312094,0.04105740415074686,0.24671923961695533,42,849
2000-01-28,0.1514571002401142,0.13571999265147275,0.2087099793390435,0.04399356696919809,0.24791199706419426,42,848
2000-01-31,0.1492906476226015,0.1330737823486232,0.20871756709736175,0.03992029975768352,0.24462788808209854,42,848
2000-02-01,0.14882425042773234,0.13609733961147424,0.20746990014583272,0.03971700427048681,0.24242502887014894,42,848
2000-02-02,0.14882632310957905,0.13583702772001363,0.20707440055124424,0.04026593307815903,0.2414231837985964,42,848
2000-02-03,0.14612265566890845,0.13286605388445782,0.20644067434169758,0.03714622888118464,0.23861779298529454,42,848
2000-02-04,0.1462964261565618,0.12982267480438175,0.20667317875536426,0.03737636294405781,0.23873341389494385,42,848
2000-02-07,0.1496654818343619,0.12880497403261926,0.2036040704794312,0.04180952583940832,0.24238948033553556,42,848
2000-02-08,0.1469004403598746,0.12704670806228852,0.20241323884975665,0.042403622541340454,0.23454849362885627,42,848
2000-02-09,0.1455350990502941,0.12625307839700062,0.20144784307144575,0.04173562260015594,0.23322422697242023,42,848
2000-02-10,0.14728280516641687,0.12764741074029318,0.20186817799493,0.044136424722818174,0.2361329304494654,42,848
2000-02-11,0.14785262825504944,0.13049679618614904,0.1967745013195494,0.042727300610075736,0.22831041583254824,42,848
2000-02-14,0.14668747844037866,0.12873694060572166,0.19723290373242347,0.0391027407788538,0.22588109420293642,42,848
2000-02-15,0.14765412819884693,0.12861544076238351,0.19464182874725924,0.039618907564652125,0.22755593833644927,42,848
2000-02-16,0.1470331917874585,0.12685682394407646,0.19319045799589885,0.03901487778986727,0.22506528562858807,42,848
2000-02-17,0.14667266296180595,0.12682552028451172,0.19297939100775627,0.038686750714477545,0.2251776223819189,42,848
2000-02-18,0.14681635534947945,0.12669429494205087,0.19301105022931217,0.03883056176518075,0.22439228677496875,42,848
2000-02-21,0.14782413057985652,0.12609979125725104,0.19276478302128472,0.04042438143070704,0.2276742728403351,42,848
2000-02-22,0.14808946482125587,0.12730267166401144,0.1926421313111044,0.042104868101217954,0.22495438443349228,42,848
2000-02-23,0.14853598473256638,0.12754347578242867,0.19276811595785961,0.04361181471657196,0.22594808529877825,42,848
2000-02-24,0.1478351725060491,0.12814937552612402,0.19297124639100563,0.044430004719969364,0.2245487280506646,42,848
2000-02-25,0.14808958843122394,0.12724656217318156,0.192639092157109,0.04341358978000954,0.22519884108978566,42,848
2000-02-28,0.1482662679143715,0.12685333157176631,0.19301413691807373,0.043639452081012345,0.22351766336580353,42,848
2000-02-29,0.14927476444778462,0.12803918094040806,0.19292280133786152,0.044048622732313185,0.22529018068202838,42,848
2000-03-01,0.14914073671309308,0.12720181226404859,0.1931523926436803,0.04288615175982677,0.22597117033476305,42,848
2000-03-02,0.14881127542458136,0.1281558695208973,0.19286705308457738,0.04145283752407235,0.22775318298341118,42,848
2000-03-03,0.1495353664914591,0.12933770364370292,0.1928928704677163,0.0425141273501951,0.22775318298341118,42,848
2000-03-08,0.14985991285844893,0.13006643130389062,0.19305352203585827,0.04228298637079932,0.22942911990681245,42,848
2000-03-09,0.15001787911159442,0.12958994046257222,0.1929562731568175,0.043289279628390326,0.22805537080628766,42,848
2000-03-10,0.14889714134264878,0.12905898309909852,0.191922164680132,0.0418230009902952,0.22770415714289222,42,848
2000-03-13,0.14740635440309713,0.12873325320549622,0.1909661828299593,0.04070015583085121,0.2271176083201935,42,848
2000-03-14,0.14864456674749219,0.13204230738610734,0.19117562704254504,0.04229125972151361,0.22792159077780916,42,848
2000-03-15,0.1491005490116687,0.1340558771346217,0.19108673060764542,0.043045620012502915,0.2291903772371961,42,848
2000-03-16,0.14992474463140557,0.13332911693227698,0.1910429307747349,0.043505748576999605,0.232107776865177,42,848
2000-03-17,0.14879549438916373,0.13255431886570831,0.19080693596004752,0.042383803781872266,0.23240768149293245,42,848
2000-03-20,0.1498898231274535,0.13526439040356664,0.19131024313501044,0.042445854086864875,0.23235412161960645,42,848
2000-03-21,0.15094634157798645,0.13746064444242195,0.19150438104123896,0.04114087903473333,0.2323926823157677,42,848
2000-03-22,0.14975191418765943,0.13980333351127938,0.19106226644601412,0.04328396176279932,0.22821310186764637,42,848
2000-03-23,0.1486872728692731,0.13727603510060205,0.19125338568726138,0.04112873537861944,0.22704910761932418,42,848
2000-03-24,0.1493241714629593,0.13843523617359882,0.19116658181933557,0.04080256210308124,0.2275161936977026,42,848
2000-03-27,0.14978238097198227,0.13893312513484984,0.19103849929540617,0.04342658230873987,0.2272306244157875,42,848
2000-03-28,0.14940538770845274,0.13603269516652183,0.19076821756023551,0.04239250240327984,0.22783000466797548,42,848
2000-03-29,0.14945943318172614,0.1337864408222284,0.1903391292615366,0.04374516033513441,0.2276518600740252,42,848
2000-03-30,0.149702936968605,0.13376078795926682,0.19038648588667142,0.04430418077176374,0.22779885239130973,42,848
2000-03-31,0.14974482517841142,0.13631702709975513,0.1901227215671603,0.04317727487965799,0.2276518600740252,42,848
2000-04-03,0.14990098965930812,0.13312534907120113,0.18974547101864916,0.045244648108749196,0.22837489752988488,42,848
2000-04-04,0.1506055628146077,0.133788752091142,0.18980743148120066,0.04685760856988861,0.22950727878594893,42,848
2000-04-05,0.1519884179977423,0.13550084730317447,0.18960342909800762,0.04762049444971244,0.23113972136613445,42,848
2000-04-06,0.15236047644973041,0.13867842729634422,0.18909115409881416,0.05029471790041398,0.23312571879545838,42,848
2000-04-07,0.1529055114125557,0.13868268331984723,0.18890562045947448,0.05109716781416247,0.2336268144148949,42,848
2000-04-10,0.15215542315545472,0.14059893962258502,0.18784250227791094,0.05151039029652334,0.23071690839471753,42,848
2000-04-11,0.15164942683603322,0.13858882905458167,0.1890251273700106,0.0504450033562146,0.23316653235368737,42,848
2000-04-12,0.15201066923963438,0.13760528100767178,0.1889265409392559,0.0504176300962713,0.23481362252696758,42,848
2000-04-13,0.1531638503119699,0.142717665707971,0.18871442345294057,0.05034257025170452,0.23482942026529754,42,848
2000-04-14,0.1544387309866622,0.14456988558233178,0.1892400422921051,0.051890519514572714,0.23503438575708324,42,848
2000-04-17,0.16332461485356445,0.155306806944408,0.18945916553454498,0.06086024521794393,0.2431538053225822,42,848
2000-04-18,0.1626404134877156,0.1556358505649191,0.1897265085624024,0.05872061234467322,0.24477628837894946,42,848
2000-04-19,0.16766982538134007,0.15307077240901376,0.2148473840545787,0.06028588417573543,0.2456861467511895,42,845
2000-04-20,0.16845824539235665,0.15496766770424572,0.21482470030776785,0.060782645798142854,0.24509706056987657,42,845
2000-04-24,0.1692621605958964,0.1559282634382525,0.21446792826511357,0.06101778973947014,0.24850944105026654,42,845
2000-04-25,0.1692865069798294,0.15542199976452592,0.2146914109942829,0.06144415428550405,0.2473057343705811,42,845
2000-04-26,0.1650173485948388,0.15406894502926893,0.21526499689121273,0.05913949029944527,0.24226963110757205,42,845
2000-04-27,0.16462805409852865,0.1527135988143768,0.21522832862629696,0.058748694606517375,0.2423959073476383,42,845
2000-04-28,0.15103118585910574,0.14874388075591422,0.14916789265688396,0.057672584289341244,0.23399903051021004,42,820
2000-05-02,0.15186897046374126,0.1504132694323295,0.14891302251466657,0.05753838388584803,0.23211490368453858,42,820
2000-05-03,0.15301427496665948,0.15313095551273825,0.14856828440965314,0.059584493302716854,0.23125080133308393,42,820
2000-05-04,0.15231204232831372,0.1530168899679559,0.14778975941368533,0.05998645976864034,0.2293005002704768,42,820
2000-05-05,0.15247082571104506,0.15474284693823423,0.1471272830625511,0.06102609437587103,0.2303438269936909,42,820
2000-05-08,0.15191784559210356,0.152516906674664,0.14732877507725572,0.060006802170246495,0.2292649379600186,42,820
2000-05-09,0.15333455966520423,0.15421726686910045,0.14754503766704394,0.06165748691663282,0.23295809428703107,42,820
2000-05-10,0.15255891963964324,0.1517087782836919,0.14813232022962086,0.059463814285001554,0.23230623766146596,42,820
2000-05-11,0.15275051264683143,0.15088005712096447,0.1472614644500455,0.06112388792851867,0.23404813983345668,42,820
2000-05-12,0.1527622093679173,0.15027391550304714,0.14678867892970496,0.05974451292357522,0.23571312612532924,42,820
2000-05-15,0.15231877216664097,0.15177299020274876,0.14678675971066782,0.05882107184839987,0.23324937055707542,42,820
2000-05-16,0.15332005900195458,0.15114629523695472,0.14715013090986104,0.0591943217936689,0.2348067081407462,42,820
2000-05-17,0.15238690003487282,0.1499772358686044,0.14818143626712976,0.05486168823109139,0.23100941383750437,42,820
2000-05-18,0.15410296878007934,0.14922349903494606,0.1488012129226118,0.05499678130580052,0.2333955959322367,42,820
2000-05-19,0.15319935271472357,0.14741065496337263,0.14857793367996366,0.054069167603683195,0.23334560564564003,42,820
2000-05-22,0.15473379291189035,0.15253387043468358,0.14828070751406347,0.05997015853885743,0.23324328418284646,42,820
2000-05-23,0.15550632499963243,0.1537833023955944,0.14905239914893068,0.057026854867959255,0.23496826192689813,42,820
2000-05-24,0.15532284715466138,0.15307508952013305,0.14907309580616843,0.056620233799941536,0.23361652690744117,42,820
2000-05-25,0.15550141551476376,0.15457950855804992,0.14955597072888877,0.05777180122870518,0.23525311013059627,42,820
2000-05-26,0.15570717411713228,0.15459201491132302,0.14935453777321142,0.05883102985599821,0.23629261575565172,42,820
2000-05-29,0.15274184978426905,0.15192564243286513,0.14884868819551264,0.05462589028424081,0.23153332159376266,42,820
2000-05-30,0.1493849786036043,0.14434418177197356,0.14830472297648495,0.05501241420658344,0.2283304788700649,42,820
2000-05-31,0.14614594056288308,0.14107523684311396,0.14741388522040513,0.048402895957419395,0.22650262568770557,42,820
2000-06-01,0.13952580701877262,0.1404856798631084,0.15088455154367073,0.04847903230858764,0.22385568198906922,42,820
2000-06-02,0.13918388774533724,0.13984392193582057,0.15100620374884346,0.045965668625214715,0.2246314842193976,42,820
2000-06-05,0.14025053869758863,0.14237557721951716,0.1516165258257729,0.048951866108069564,0.22591475582769882,42,820
2000-06-06,0.14020524223290723,0.1423601624929428,0.15135322713535732,0.04932996107969904,0.22589283550886546,42,820
2000-06-07,0.14035899520284703,0.14375069864120088,0.151652801916853,0.04986648396894036,0.22508057686289581,42,820
2000-06-08,0.13975351422373655,0.14346790885811672,0.1519110640534829,0.045621051314155,0.22187567478608522,42,820
2000-06-09,0.13932792394544405,0.14328586727386747,0.15167386535253077,0.045551237021528634,0.22096795685402337,42,820
2000-06-12,0.13904872494097312,0.14491077405662955,0.15357952257203908,0.048680161623378335,0.22126433334807383,42,820
2000-06-13,0.13860538020084728,0.1455525739678617,0.15382162755150552,0.04614574467897018,0.2253888304726699,42,820
2000-06-14,0.13891037433639597,0.1453549530524328,0.15381230481302058,0.04676052195453703,0.2250298268415025,42,820
2000-06-15,0.14024770836579475,0.14719659011552447,0.15377098626681424,0.0464231897141847,0.22778960672110604,41,820
2000-06-16,0.13959485549375067,0.14608331152770507,0.1535089621671589,0.0454087348842813,0.2276489429172991,41,820
2000-06-19,0.13988286184764895,0.1450947733892185,0.15336416078453188,0.04602368021270406,0.23015805177467338,41,820
2000-06-20,0.14043233532368138,0.14603051670359324,0.15376361966238677,0.04593466327943489,0.23016323256348278,41,820
2000-06-21,0.1393487379492817,0.14368288714564031,0.15290360921129603,0.04592926080015126,0.2261621441287654,41,820
2000-06-23,0.14148196697839316,0.14616738595318063,0.15363975366165897,0.04768662608002027,0.2305984592169577,41,820
2000-06-26,0.14039293739319672,0.1453462783580758,0.1532305142123635,0.05045290115002593,0.22858438355304395,41,820
2000-06-27,0.14033690045049538,0.14292709939877274,0.1536154109667187,0.05160275886738591,0.22799147301638217,41,820
2000-06-28,0.1402160676360859,0.1453496720119995,0.15396148145742583,0.051926926095283515,0.22674151303227438,41,820
2000-06-29,0.1406226513124979,0.1460187052053057,0.1538129287488382,0.05428136083664829,0.22771065364691045,41,820
2000-06-30,0.1396660477368543,0.1439045501998967,0.15374779231824534,0.053600221334919054,0.22474379270735345,41,820
2000-07-03,0.1400859349489006,0.14491529884780519,0.1535877967892752,0.053778651136929576,0.2256487891170249,41,820
2000-07-04,0.14043692287412024,0.14493539434716135,0.15355557885452778,0.055136246454428064,0.22392188684934064,41,820
2000-07-05,0.14088090864048672,0.14508843442354336,0.1539904990892527,0.05386565970372612,0.2261925712553456,41,820
2000-07-06,0.14022560474374093,0.1444248664423507,0.15336140438236906,0.05405245920529722,0.22448353170844482,41,820
2000-07-07,0.14040994297168133,0.14317773049934854,0.15314176883569755,0.05449006350515976,0.22368444731492795,41,820
2000-07-10,0.14287396089866888,0.1451721974233559,0.14702174989425718,0.055689670819629035,0.22302098670265078,41,820
2000-07-11,0.14341680478799357,0.14536754694477738,0.14717173776758571,0.05727839986860157,0.22327352424215757,41,820
2000-07-12,0.14701100149882634,0.1476629356737057,0.14809872597661733,0.06221152740386551,0.22758074623861868,41,820
2000-07-13,0.14703130277810958,0.14767555993394654,0.14818036783290714,0.06022577364309148,0.22731881100237256,41,820
2000-07-14,0.14872228724146855,0.14973021662065633,0.14901140645932834,0.06284428475331497,0.23031889723673118,41,820
2000-07-17,0.14660122236175202,0.14724695670381785,0.14846544737214454,0.06061802345168155,0.2276145557038029,41,820
2000-07-18,0.14697325600548247,0.1488706287280041,0.14870993783454017,0.06300892854328262,0.2287622957904731,41,820
2000-07-19,0.14691829823454838,0.1480933436816047,0.1486484426071049,0.0610908499328386,0.2281973687648835,41,820
2000-07-20,0.14800737280257115,0.14895589655189428,0.14902708675307946,0.06084270580771982,0.22963994012430583,41,820
2000-07-21,0.14811851459432168,0.15069798730024425,0.14928383035569498,0.060682447357798854,0.22897365036333978,41,820
2000-07-24,0.14818250741631017,0.15065247407582122,0.14927580631536366,0.06025837418174969,0.22765909515442379,41,820
2000-07-25,0.14809335877449703,0.15011571463563067,0.1488464222043782,0.061261657628268004,0.2286788607721958,41,820
2000-07-26,0.14864279963813923,0.150501605801891,0.1494538449498988,0.06192532743726613,0.22846219095709813,41,820
2000-07-27,0.148526088083504,0.15056160667323992,0.14922615119238636,0.0616231107492976,0.22695779838029315,41,820
2000-07-28,0.1491514036738999,0.15007668271841024,0.14831172045192267,0.061427891618619446,0.2296193160008202,41,820
2000-07-31,0.1497266182969589,0.15148555664513197,0.14785716543706912,0.06339720421822767,0.2277554219282651,41,820
2000-08-01,0.14898864305772283,0.1510381075177289,0.14798160673516195,0.0621819587375412,0.22590711919608303,41,820
2000-08-02,0.14928877167532764,0.15322285144536943,0.14844105288775894,0.06314273168443593,0.2277828843409263,41,820
2000-08-03,0.14897872176249555,0.15322285144536943,0.14840398262153054,0.06243542842184756,0.22640956389248806,41,820
2000-08-04,0.15051747829904302,0.1536922052174901,0.14887033870002786,0.06339507977872379,0.22991471227134258,41,820
2000-08-07,0.14875347328958596,0.15259704331352913,0.14738216876986732,0.061862353416592894,0.22545497074250964,41,820
2000-08-08,0.14909074441620598,0.15168071520373497,0.14741630906553882,0.06390921150997309,0.2286454838023441,41,820
2000-08-09,0.14850239470995755,0.15179560066252112,0.14724803635293574,0.06120131913019588,0.22671245622940717,41,820
2000-08-10,0.1482846496703786,0.1510635295072414,0.1477891631247746,0.06091595121454798,0.2265903028912351,41,820
2000-08-11,0.14739785721824653,0.15008139714756608,0.14717077381615945,0.06071659698720284,0.22339808651774223,41,820
2000-08-14,0.14785389136898833,0.14979144410246562,0.1474249566925837,0.06221978845218018,0.22424929242218705,43,820
2000-08-15,0.14673957862967582,0.15163125924641568,0.3035611311591641,0.05538090945022291,0.234330710110396,43,885
2000-08-16,0.15374993929482053,0.150071040443709,0.2177170638468905,0.055996354394159155,0.23504967417092698,43,889
2000-08-17,0.1716273444392342,0.15765850469385648,0.21512291913142104,0.06279651641689836,0.24284300314936924,43,893
2000-08-18,0.17272046924331463,0.15895433525164598,0.20513597657900104,0.06219239616835272,0.2452000689870503,43,893
2000-08-21,0.17065126718412402,0.16175823054367708,0.19461425446298566,0.061519433560747155,0.24379486966217057,43,895
2000-08-22,0.16574276025114956,0.1620898279923189,0.188284028169082,0.06408468508242098,0.24135360784442084,43,895
2000-08-23,0.16551598235654022,0.16096223703061754,0.18063800342967223,0.0639201138282161,0.24505237606495378,43,895
2000-08-24,0.16745653552002895,0.16033371099878102,0.18138639889909983,0.06663848544796341,0.24489530717335645,43,897
2000-08-25,0.16178914823523358,0.15944089843853776,0.18030254553517291,0.06341544379122824,0.2432974866178708,43,899
2000-08-28,0.1611123348967717,0.16081802209349727,0.1797504921201517,0.06457245606222742,0.24287645843356548,43,901
2000-08-29,0.16226653447816036,0.16015342782181213,0.1798775659769731,0.06562573109642399,0.2440776705700186,43,901
2000-08-30,0.16253155490204374,0.15956981233847148,0.1693166723542625,0.06546422340163001,0.24218807427990374,43,901
2000-08-31,0.1600313507433433,0.1588958246671474,0.16424884903054293,0.06521586768647591,0.23926756578589792,43,901
2000-09-01,0.15963503101097815,0.15862983925205473,0.16141459524390836,0.06552471984643851,0.2372991698440853,43,901
2000-09-04,0.15840918327996095,0.1579090251636831,0.1603706731381369,0.06521586768647591,0.23496671522579624,43,901
2000-09-05,0.15946406405537444,0.15873037966466103,0.15744874494019653,0.06568312228625713,0.2340368321473981,43,901
2000-09-06,0.15815953969984367,0.15821550433006343,0.15589469010339102,0.06273144425517074,0.23291988632922705,43,901
2000-09-08,0.15785176550603147,0.1577691856521958,0.15485412621768524,0.0623630114693342,0.23130713297221792,43,901
2000-09-11,0.15747356730963977,0.15771284591681461,0.15444273111881862,0.06308254296630056,0.23188761475818773,43,901
2000-09-12,0.15759232372018597,0.15757646852794804,0.15430545955453653,0.06308254296630056,0.23405534184760732,43,901
2000-09-13,0.15833408522046447,0.1579379130831632,0.15393872171692172,0.06308254296630056,0.23697553124008927,43,901
2000-09-14,0.1569581740172024,0.15721986377888023,0.15381039550972936,0.06367456445530817,0.23402464963259811,43,901
2000-09-15,0.1583828525919494,0.15822840419436038,0.15454880230791485,0.06450732026038498,0.23859297527180168,43,901
2000-09-18,0.15885871394658996,0.1586643717136534,0.15431893299391827,0.06468692074413415,0.236980235567306,43,901
2000-09-19,0.16584029483028342,0.1630875829418308,0.15551273341675897,0.06830264475655719,0.24475545500997822,43,901
2000-09-20,0.16484177936621888,0.16142001244138884,0.15573688153495177,0.06634949183678648,0.24408011461586507,43,901
2000-09-21,0.1645843662290816,0.16149463549518003,0.15533893894542786,0.0668163020184597,0.24423816416910735,43,901
2000-09-22,0.1638874894419364,0.1627965315052403,0.15358614635623796,0.06634949183678648,0.24435633461579145,43,901
2000-09-25,0.16370620780757272,0.1627965315052403,0.15416507763087178,0.06724240626556588,0.24609127887551438,43,901
2000-09-26,0.1635543991810794,0.16456613819037574,0.15368898799510164,0.06749690419805592,0.2442072787773099,43,901
2000-09-27,0.1632660356050915,0.16427383765250786,0.15277656336072162,0.0681198150311276,0.24414903454510903,43,901
2000-09-28,0.16320722648499553,0.1635523973792477,0.15357564914725436,0.06582289992718585,0.24540980627145192,43,901
2000-09-29,0.16356246347101341,0.1632354470518547,0.15331538276524578,0.06869260465685378,0.24580429622874453,43,901
2000-10-02,0.16393215176192105,0.16501687689681,0.15319642539645856,0.07019194806409096,0.24838265973520948,43,901
2000-10-03,0.16537614050961677,0.1667946916221406,0.1534258179761398,0.07089559874809033,0.2485116148624288,43,901
2000-10-04,0.16494041278235744,0.16550607500004838,0.1539190509940746,0.07031046634640839,0.24805395345975184,43,901
2000-10-05,0.164647611451103,0.1646060451035527,0.15284220946081487,0.06938717670594029,0.2477461908383279,43,901
2000-10-06,0.16506882225380545,0.16447700424355302,0.15300847574817897,0.07279761877832144,0.24915329578451673,43,901
2000-10-09,0.16566714125486579,0.1652337657028819,0.15373210734328668,0.07062179860061271,0.24915329578451673,43,901
2000-10-10,0.16537842058363586,0.16385844039658387,0.15301834519888166,0.07159098527630875,0.24974451399887587,43,901
2000-10-11,0.16386701483721036,0.16150038698194913,0.15282511135414711,0.06724947439355997,0.24874314032793457,43,901
2000-10-13,0.16423344815934776,0.16158084563412223,0.1524391647125614,0.06781726037966297,0.24913141317701346,43,901
2000-10-16,0.16341350577850486,0.16025109050608008,0.15229660277046106,0.068109594330647,0.24721559655247616,43,901
2000-10-17,0.1632712226090911,0.1597540805228543,0.15196143375389487,0.0668996096049755,0.24487695447857052,43,901
2000-10-18,0.16411656166295005,0.16021147011654557,0.15189460876888053,0.06710865722543528,0.24425295962367827,43,901
2000-10-19,0.1673721384001862,0.16380706542327617,0.15315355782607404,0.06976639137642722,0.25055243019698803,43,901
2000-10-20,0.16716208295396204,0.16364346365561455,0.15174377088363947,0.07359063309915968,0.25275253289213323,43,901
2000-10-23,0.16674931544820104,0.16349907998901206,0.15065556772279357,0.07415877358021584,0.25157941399683886,43,901
2000-10-24,0.1687158168613155,0.16424503996107095,0.15234152686554897,0.072342642224344,0.25408252052453384,43,901
2000-10-25,0.17504388560577686,0.171922656356425,0.1488929336851703,0.08097914715519684,0.2624985322216627,43,901
2000-10-26,0.17459725051937752,0.17362810056654993,0.14841616732981391,0.08260348405116412,0.2573634172257723,43,901
2000-10-27,0.17644924127212494,0.17471374394290853,0.15067137775435485,0.08004484746041007,0.2615471244806474,43,901
2000-10-30,0.17814256258281794,0.1730702866735077,0.15182912025255485,0.08164224217640059,0.2620220384791765,43,901
2000-10-31,0.17767831214818902,0.17292902937064308,0.15164274830326085,0.08070404768777223,0.2608018448028731,43,901
2000-11-01,0.1774691923221342,0.17211026197947749,0.15156688002427232,0.08004484746041007,0.260933378721289,43,901
2000-11-03,0.17762333877733089,0.1741990132578021,0.1513629235683458,0.08102247509951373,0.2617982320269456,43,901
2000-11-06,0.17802523883294874,0.17259785686749704,0.15121167308796601,0.07956677425762505,0.2621444060617055,43,901
2000-11-07,0.17778843317190793,0.17196112050914572,0.15097924527039513,0.07956677425762505,0.2630092208363823,43,901
2000-11-08,0.1743755836210805,0.16938834533706537,0.15112590979280188,0.08013478015860309,0.2597959644934246,43,901
2000-11-09,0.17315899943225607,0.16791741667936788,0.1508608671995457,0.07873187243574577,0.2610059341779359,43,901
2000-11-10,0.17071293401527907,0.164555820710326,0.1503281199398299,0.07300899803979667,0.2591235434535787,43,901
2000-11-13,0.17080727134312362,0.16606740642251575,0.1499969983385877,0.0722078783485304,0.2595926996043887,43,901
2000-11-14,0.17105759466213932,0.16636406728827774,0.1496975635870406,0.07246551573356397,0.2592433318625693,43,901
2000-11-16,0.16930502435603798,0.16308042842938214,0.14993591235788412,0.07252030780282501,0.2598135976969543,43,901
2000-11-17,0.1694434857526087,0.16196139220438432,0.14965448764461708,0.07368351911242987,0.2591429243772324,43,901
2000-11-20,0.16891303029937,0.16185437481076284,0.14948814884062261,0.07224004047795055,0.2573634172257723,43,901
2000-11-21,0.16940085766059712,0.1608159345619422,0.14984089398739142,0.06972531427053458,0.2569839515102134,43,901
2000-11-22,0.17090887795879073,0.16121456384009145,0.15078703380642097,0.06699267005690161,0.25699530754973515,43,901
2000-11-23,0.17021155150293601,0.16143285553429074,0.15087670450335325,0.0698339705694627,0.2573634172257723,43,901
2000-11-24,0.1693993716764642,0.16043387677218143,0.15067628793169052,0.06789306559892888,0.2589576997449054,43,901
2000-11-27,0.1692777730921677,0.16032749426529386,0.1505365410926389,0.06754439865244431,0.2582520931335961,43,901
2000-11-28,0.1704204728000494,0.1601650530862934,0.15177870389646078,0.0697864156972711,0.2617465108809437,43,901
2000-11-29,0.1701776474073977,0.15905943785453067,0.15141974842992245,0.07119468683078525,0.26016528245458836,43,901
2000-11-30,0.17057089251748117,0.15994979124395378,0.15126073688481217,0.07226324662762881,0.26316668527827725,43,901
2000-12-01,0.1716533647785461,0.16181837282100295,0.15191272816087242,0.07584805828935794,0.262842025259746,43,901
2000-12-04,0.1713725803738299,0.16063280735468088,0.1515063949979903,0.07419001719836049,0.2631655288965312,43,901
2000-12-05,0.17089634604838194,0.1624789708993213,0.15173111270400647,0.07386118195317282,0.2623637172327092,43,901
2000-12-06,0.17307385287134236,0.1632510861458319,0.15213023237272005,0.07414807656450073,0.261567789963814,43,901
2000-12-07,0.1706243281312703,0.15924557114611795,0.15279883030851996,0.07186104383944313,0.25974502062988297,43,901
2000-12-08,0.170881929771743,0.15588991633585755,0.15329512031750278,0.06891740962275389,0.2630536686077606,43,901
2000-12-11,0.17258799206528594,0.15876855959300032,0.1533947543496247,0.07024743485000462,0.2650992035165185,43,901
2000-12-12,0.17236368856845938,0.15982512620579692,0.1537336163956206,0.06679482826001223,0.26441803290753657,43,901
2000-12-13,0.17349503087658114,0.162360767028282,0.15370882860616558,0.07075349261525554,0.26945305359973065,43,901
2000-12-14,0.17735339044399012,0.16701899219674474,0.15302263073913713,0.07310196104567757,0.270600239850379,43,901
2000-12-15,0.17752544831838796,0.1668090024117847,0.1531006299038389,0.07310196104567755,0.27100177355269106,43,901
2000-12-18,0.17790182193053425,0.16704966674482552,0.15330380347870715,0.07334795728112074,0.27280719552419874,43,901
2000-12-19,0.17761881365396764,0.16385827063263458,0.1539843822585449,0.07344261230307136,0.27074789880361544,43,901
2000-12-20,0.17916219549050405,0.1646726131804173,0.15428044186623904,0.0730857487684429,0.2726368280112102,43,901
2000-12-21,0.18193152707992702,0.16624008865284295,0.15632925265142422,0.07607740835242463,0.27541110112080847,43,901
2000-12-22,0.17965273970796264,0.16414648949730534,0.15738414420388425,0.07382562348189511,0.2765640200384442,43,901
2000-12-26,0.18010688453818557,0.16597011704771983,0.1573208827774101,0.07348441973525176,0.2760116147186066,43,901
2000-12-27,0.17764346431529088,0.16356249116550986,0.15760648476580777,0.06950405489942887,0.27137868506687224,43,901
2000-12-28,0.17925102450305758,0.1638465213859337,0.15795071274539427,0.07134471733760034,0.2721700472841672,43,901
2001-01-02,0.17758990300466596,0.16492775904532908,0.15706137558069333,0.06818608811939653,0.26984966851044506,43,901
2001-01-03,0.1768931340795288,0.16693365350404293,0.15696187526423108,0.06853209249180638,0.2712463820788409,43,901
2001-01-04,0.186179782460403,0.17483133459133607,0.16222313299879124,0.0740174031805595,0.2836791460348515,43,901
2001-01-05,0.18538538442494715,0.17581832043606926,0.16193599692916305,0.0727524551499463,0.28033318591207995,43,901
2001-01-08,0.18376934412114473,0.17224408035023014,0.16111378655271108,0.0722665309948058,0.2763881670225247,43,901
2001-01-09,0.18386411319930965,0.1730701701943879,0.1611195807562389,0.07265156088586776,0.27775649459216206,43,901
2001-01-10,0.17751569625912855,0.16406432153620887,0.160456268665097,0.06827289086610075,0.272613944974269,43,901
2001-01-11,0.17639020171969133,0.1628706762057632,0.16035419274167972,0.06719990815427876,0.2730131212967466,43,901
2001-01-12,0.17674950632350078,0.16287643625109124,0.16064909088615478,0.06658439792099713,0.275123394258067,43,901
2001-01-15,0.1746783423782652,0.16230870221056345,0.16211250604491695,0.06697382700288909,0.2696910251745982,43,901
2001-01-16,0.16886529258680236,0.15684159399210693,0.16715144593537176,0.06304606163136646,0.2672013536432108,43,901
2001-01-17,0.1685712064503358,0.15665858498742277,0.16700564370608384,0.0633027230747662,0.26682340445498304,43,901
2001-01-18,0.16969379741588733,0.15697785559493296,0.16789777209756152,0.0633027230747662,0.26943059428225613,43,901
2001-01-19,0.1713583137212353,0.15889414948296296,0.16780508493062224,0.06300094541571089,0.27215138876984063,43,901
2001-01-22,0.17201964325610375,0.15795563322856293,0.16791875084821836,0.06607234375708786,0.2712346829330881,43,901
2001-01-23,0.1719224482557789,0.15614765029752645,0.16932211416242654,0.06637751337060797,0.27117673497409145,43,901
2001-01-24,0.17558408740681866,0.15982302410503493,0.16883759349474328,0.06865407514672899,0.2742278949337183,43,901
2001-01-26,0.17522375447400773,0.15767708503790834,0.16852494723696518,0.06836584726854543,0.2725682667742258,44,901
2001-01-29,0.1764265984797394,0.1654355160090392,0.16858242635323079,0.07089919474419815,0.2726808382545363,44,901
2001-01-30,0.17654337849563356,0.16490700271196507,0.16901626148784815,0.07066180916079576,0.2731809591992049,44,901
2001-01-31,0.17606656500278106,0.16234318953305082,0.16903342224082693,0.06973661904442555,0.273763115864618,44,901
2001-02-01,0.17589688184790034,0.16159537214103306,0.16917928475677357,0.06861927441238405,0.273234859754254,44,901
2001-02-02,0.17737419564774326,0.16320980684091932,0.1701355670262659,0.07034369274299204,0.27964807111178974,44,901
2001-02-05,0.17899088135705715,0.16419539648992496,0.16741711059901632,0.07054436533811748,0.2779249983535328,45,901
2001-02-06,0.18315382418656007,0.16962893356711692,0.2400027232016705,0.06797138652240484,0.2899639384860557,45,931
2001-02-07,0.19388645626225165,0.1712330434752136,0.21356171508813318,0.07241230795193254,0.2959444498584495,46,935
2001-02-08,0.19294558835513717,0.17117079918452777,0.20337995825637178,0.07426431600261771,0.29323261658689415,46,937
2001-02-09,0.20247416494429082,0.1764381299285224,0.19775714304466413,0.07648926055200198,0.29987263911749934,46,940
2001-02-12,0.20137790632824526,0.1785106052693645,0.19540175858372666,0.07781624947602576,0.304038536661482,46,941
2001-02-13,0.19976687020850772,0.17625741855274865,0.1916371001071503,0.07606003731969586,0.3026494993777332,46,941
2001-02-14,0.1970824185287792,0.17453228409897534,0.18826247763403353,0.07654915359707631,0.3015675948988223,46,941
2001-02-15,0.1973005190090455,0.17444451881909528,0.1891617876325991,0.07506387454231422,0.30348648577153753,46,942
2001-02-16,0.19322307475851536,0.17546264512577014,0.18631657477059915,0.07553583739330909,0.29948885459666763,46,942
2001-02-19,0.2000193216323414,0.1783817800649986,0.19543718925031017,0.07937514250178403,0.30674022933514566,46,943
2001-02-20,0.21216420526525168,0.18073208503493018,0.25216446909829937,0.07826293502628036,0.31789149252580007,46,976
2001-02-21,0.2104644825973821,0.1814465285351474,0.2487696490753494,0.07916696123981629,0.31837087445196666,46,976
2001-02-22,0.21014185307146235,0.18190013782176662,0.2477789212547411,0.08064791139882178,0.3173447598138893,46,976
2001-02-23,0.21219073294308458,0.18297466853737404,0.24793437244316813,0.07900116973969232,0.3176933981908445,46,976
2001-02-28,0.2136313984098859,0.1856474410969272,0.2474097156133787,0.08267635218997539,0.32005960886930174,46,976
2001-03-01,0.21207287636842043,0.1837181728657888,0.24687870891740027,0.08148581027933162,0.31832152711650774,46,976
2001-03-02,0.17442237994845386,0.17407868372312435,0.2490713043632167,0.07065860153602227,0.30449180525637465,46,979
2001-03-05,0.17428512500932414,0.17511321565466836,0.23991615802592783,0.07095947266309537,0.3036397566406706,46,981
2001-03-06,0.17496614202408717,0.17487773411324056,0.24071610643410524,0.07128633000118209,0.3066465400872426,46,981
2001-03-07,0.17458860093708456,0.1750191573566422,0.24056046671381504,0.07157208505740917,0.3051836418820623,46,981
2001-03-08,0.1745301695531199,0.1750191573566422,0.23875554258617937,0.07262013068639447,0.30565726896139095,46,981
2001-03-09,0.17460693768711347,0.1778586927790837,0.23768208690925496,0.07220930730865464,0.30598480286065904,46,981
2001-03-12,0.17430574726832995,0.17901925639125518,0.23783749880721614,0.07161875677233834,0.3052697796897494,46,981
2001-03-13,0.17584089915533438,0.17951004545928403,0.23853615326768463,0.07219403313639489,0.3084996563055282,46,981
2001-03-14,0.1752355457608685,0.17723143832772725,0.23793754856688257,0.07192806383229755,0.30752346194493557,46,981
2001-03-15,0.17521269787685304,0.17528246466903624,0.23827260343461223,0.07330710341529957,0.3075294518409039,46,981
2001-03-16,0.17515664695258026,0.17565338113702847,0.23818638787931473,0.07165325713425597,0.3062216061306796,46,981
2001-03-19,0.1751693492859743,0.1769087931860358,0.23838221976865856,0.07165325713425597,0.3063887868480055,46,981
2001-03-20,0.17646386778224224,0.17820630689487962,0.240880139446004,0.07109633065399684,0.31113737968726807,46,981
2001-03-21,0.17721650113684717,0.17851479710600213,0.2406318807469743,0.07286412871854892,0.3123666505659309,46,981
2001-03-22,0.17673048548317227,0.17951004545928403,0.24005579599609714,0.07286276751147672,0.3112567482865339,46,981
2001-03-23,0.18535074521274994,0.18862647057281715,0.2427194376561488,0.07700868881076679,0.3223114102202947,46,981
2001-03-26,0.1854171292387268,0.18896032842913035,0.24250459435044922,0.08093096567144334,0.3202756626202073,46,981
2001-03-27,0.18663120862658505,0.19023043711237086,0.2423517254249614,0.08250576966799547,0.3196820651688076,46,981
2001-03-28,0.18614482102738952,0.18928627906737538,0.24227994938860795,0.08225559044616675,0.31990739794465634,46,981
2001-03-29,0.1862876775980702,0.1884703527041252,0.24202795594048046,0.08227980940913117,0.3225262955728793,46,981
2001-03-30,0.18631230718442782,0.1887605202016071,0.24181686195415372,0.08285698430867006,0.32537495057518556,46,981
2001-04-02,0.18620961008207074,0.1901470667444691,0.2411978625948579,0.0835894808804697,0.32307836839253684,46,981
2001-04-03,0.19139578893963974,0.19261898138681602,0.24516329629638445,0.08677428886922929,0.3304143242762152,46,981
2001-04-04,0.1919800327911234,0.1916142131244719,0.24512240080134762,0.08677428886922929,0.3308057995862691,46,981
2001-04-05,0.19182915187152966,0.19069018588307074,0.24505137378928715,0.08774403044348164,0.33398022976289776,46,981
2001-04-06,0.1983624171726845,0.19389405477072733,0.2462037121119096,0.09176178929047814,0.33574230814287004,46,981
2001-04-09,0.1979361202356747,0.19440928080446648,0.2455423603365595,0.09310113458425992,0.3342625446150651,46,981
2001-04-10,0.1999347498249284,0.19334372641612724,0.2386162730705594,0.092100693626769,0.3350393947441097,46,982
2001-04-11,0.1965969219448204,0.18983170553867051,0.2368502235433955,0.09003249006211828,0.3360503465759447,46,984
2001-04-12,0.200418755101961,0.1901420038929176,0.2333966843331867,0.09261026603932777,0.3364487500587698,46,985
2001-04-16,0.1999250970918734,0.1904879129690754,0.23269970771946882,0.09405907252793046,0.33612501426831604,46,985
2001-04-17,0.20170315979042458,0.1920576398041991,0.23285398727801426,0.09655092439028724,0.33708592794199727,46,985
2001-04-18,0.20196812334542588,0.19316273042815554,0.2317849632660915,0.09792323526401053,0.33650848271492056,46,985
2001-04-19,0.2024009068466123,0.19379164133664495,0.23261524380383972,0.09796288966372141,0.3383869152067773,46,985
2001-04-20,0.20368793012295033,0.19393495243869335,0.23273026731621602,0.0987889849038009,0.3400188394136845,46,985
2001-04-23,0.21619001013293246,0.1952486803083931,0.20807285949247795,0.10386149788058063,0.344707006475612,46,985
2001-04-24,0.20884247984586685,0.19330105798997954,0.20741766222437247,0.09519760842835756,0.33551713567709573,46,985
2001-04-25,0.20961733280873188,0.193628855300036,0.2082461721996566,0.09597906946772616,0.3350237257483602,46,987
2001-04-26,0.21146432040677052,0.19528714837623357,0.20211377425576255,0.09752564288860954,0.33710703003275955,46,987
2001-04-27,0.21152441543056677,0.1998005319065152,0.20341490799148032,0.09710718254703951,0.3365922344816717,46,987
2001-04-30,0.211162654909409,0.19994794046580136,0.20346568975222848,0.09690808765458586,0.33672796542583566,46,987
2001-05-02,0.2107819029104367,0.20034877609906374,0.2028037317305546,0.0979076023733837,0.3373604189774967,46,987
2001-05-03,0.21069383402674632,0.20034877609906374,0.20231076788675725,0.0972079338422806,0.3312219058217052,46,987
2001-05-04,0.21061485302962205,0.20081230289784222,0.20166053167415382,0.10025642454264605,0.33338176535059405,46,987
2001-05-07,0.21049606501840532,0.19965280441716246,0.2015433323332547,0.09734032246340657,0.33367718925001133,46,987
2001-05-08,0.21019061300877667,0.1975966781750925,0.20137171489928002,0.09939626789127241,0.33210522321959335,46,987
2001-05-09,0.21071160001132197,0.1985178152302733,0.20213886514679957,0.097225657847132,0.3349537005748817,46,987
2001-05-10,0.2106014886051081,0.19929274200091324,0.2020095048965075,0.09870890365310758,0.33504659404352266,46,987
2001-05-11,0.21094144239236953,0.19815384010894635,0.2020332933054536,0.09777407930749368,0.335314645169996,46,987
2001-05-14,0.21307495989750005,0.20132401730040111,0.20419472767652244,0.09816901675777483,0.3389923983853004,46,987
2001-05-15,0.21241012850387597,0.20125994798349842,0.2045484248171245,0.09529003502288111,0.33865009259175816,46,987
2001-05-16,0.21184981766636587,0.1998523060086176,0.2039239930739312,0.09543337435810523,0.33891611664848126,46,987
2001-05-17,0.21268405322584136,0.19906534334500486,0.20561959732815877,0.09406311512959209,0.3395536693331306,46,987
2001-05-18,0.21271047527827708,0.19914513676621487,0.2052899844483504,0.09368025572902659,0.34023744095044706,46,987
2001-05-21,0.2124260531577181,0.19812758250953866,0.20473943048009846,0.09493190351983952,0.33814638144575254,46,987
2001-05-22,0.21120642826595734,0.1961488413168458,0.20443886394360558,0.09449786815899729,0.34160275670642115,46,987
2001-05-23,0.21225323259906778,0.19735982469552826,0.20398911718708754,0.09529937087524676,0.343213731382348,46,987
2001-05-24,0.21150760067589172,0.19767479608222796,0.2036966253318853,0.09559587996060606,0.3427301905764851,46,987
2001-05-25,0.21136047120045065,0.19506634322442254,0.20325019382099463,0.09515518728536188,0.340499494707827,46,987
2001-05-28,0.21234952722346512,0.19655674937258005,0.20333598346847226,0.09568573818230205,0.34142731010437055,46,987
2001-05-29,0.21185030488198547,0.19505519272041225,0.20325457660966254,0.09241427028337748,0.34030803393693076,46,987
2001-05-30,0.2126136353562452,0.19721903679086675,0.20320318810184923,0.09386211358710514,0.34164238720772944,46,987
2001-05-31,0.21255314750825063,0.19773131322169232,0.20265561930950796,0.09503596272893615,0.3413516077758751,46,987
2001-06-01,0.21046433628852673,0.19718601749930997,0.19915557268373113,0.09536793275659414,0.3371798911730388,46,987
2001-06-04,0.20997770329694201,0.1969058466028729,0.1988772080890674,0.09655786867999086,0.3357994084003849,46,987
2001-06-05,0.20919745540414045,0.19484147316351033,0.19966758132598286,0.09384650887876168,0.33424403756060966,46,987
2001-06-06,0.20708163952247968,0.19019937939222628,0.19960174126794591,0.09226721254160422,0.3334855101353189,47,987
2001-06-07,0.21643793467239245,0.19338390652895882,0.2590360450688311,0.09155277237410328,0.3465064958716047,47,1020
2001-06-08,0.21186410635007946,0.1918265940796199,0.24364278818801854,0.09172197808247275,0.34022394316151056,47,1025
2001-06-11,0.20636602579440888,0.18932700838182775,0.22567775529546946,0.08893485519919087,0.33384017252783676,47,1026
2001-06-12,0.2001709200678867,0.1869569269933209,0.2234949503690799,0.08824270164747405,0.3310729182445684,47,1027
2001-06-13,0.19853838693983591,0.1870343072267832,0.21881852810357308,0.08763997250494918,0.3285551491876544,47,1027
2001-06-15,0.20043952033353996,0.18794543578357645,0.21365005080349375,0.09038068233437685,0.33043826472380766,47,1027
2001-06-18,0.20196180905559066,0.1891572562324348,0.21252957174606107,0.09068539328031551,0.3314180600576931,47,1027
2001-06-19,0.20539279438367478,0.19049789439384754,0.21060318662532426,0.09337093250394754,0.33350120576621206,47,1027
2001-06-20,0.2055655203875358,0.19133355565729793,0.2093186010739329,0.09375670252185517,0.33449335089818033,47,1027
2001-06-21,0.20526238712891426,0.190386888280937,0.2092094625820377,0.09146517057896174,0.33520677689204514,47,1028
2001-06-22,0.20405836568925992,0.18909629939826098,0.21242462202741727,0.09202888194854676,0.33353982203515964,47,1028
2001-06-25,0.20296867295246088,0.1858812895442104,0.21198795604285864,0.09048475096481852,0.32971502516743934,47,1029
2001-06-26,0.2018577828711592,0.18364206943276326,0.2117822701522135,0.08826480793772228,0.32723985888961993,47,1029
2001-06-27,0.20193584714592533,0.18364206943276326,0.2111002258515008,0.08850680926837184,0.32739682784964735,47,1029
2001-06-28,0.20210195296533146,0.18644675040247133,0.20925952113686513,0.08977157332142094,0.3282209910942253,47,1029
2001-06-29,0.20014492838655756,0.18184688206853364,0.20853452818115148,0.08811763788229968,0.32681367821542306,47,1029
2001-07-02,0.19812648671805827,0.18051390090128344,0.2097454499684472,0.08540923191996236,0.3252465170866091,47,1030
2001-07-03,0.19691138412025447,0.18150577771160703,0.20934850189467574,0.08480878868343346,0.32426374888060283,47,1030
2001-07-04,0.19752679987627159,0.18244850830855325,0.20913381279328977,0.08471134007874795,0.32427904706387706,47,1030
2001-07-05,0.19800081739465555,0.18443709476878234,0.20971091713680884,0.08504027296046532,0.3239189023085377,47,1030
2001-07-06,0.1979845076908941,0.18389285024588634,0.21069111336720792,0.08351249175210461,0.32532686916993936,47,1031
2001-07-10,0.19737694460807265,0.18219813871935,0.21034107401106691,0.08482398953547615,0.32195860443862523,47,1031
2001-07-11,0.19313475080214798,0.17742934944278282,0.21099189341246996,0.08323370264884372,0.317903966970083,47,1031
2001-07-12,0.19264336101373272,0.17579507906995007,0.20906467079760696,0.08297300097216143,0.31015747066449406,47,1031
2001-07-13,0.19308362469972973,0.1751817284093371,0.20911137840376157,0.08329619825867693,0.31139505289023306,47,1031
2001-07-16,0.19168746930785605,0.1764333889261393,0.20835702452014637,0.0834935603016793,0.31057012403926076,47,1031
2001-07-17,0.19025740329712104,0.1740378820140935,0.20897000940700772,0.08104276826544411,0.3114179624757884,47,1031
2001-07-18,0.1903411394979349,0.1751817284093371,0.20901660276997533,0.08093030733819574,0.3111262041833077,47,1031
2001-07-19,0.1859728718334931,0.17097534907613968,0.21188642599188168,0.0769750864488441,0.30939871034696287,47,1031
2001-07-20,0.18598698910891887,0.17112516481384976,0.21168704351595755,0.07653212430175232,0.30846621154484694,47,1031
2001-07-23,0.18844555041759944,0.1717774886563201,0.20158428818464355,0.07774493924748987,0.30679346849396905,47,1031
2001-07-24,0.18889454335476044,0.17148454953534797,0.20057738895944138,0.07952054017279518,0.3056506821333824,47,1031
2001-07-25,0.18787825627480795,0.17124593054528997,0.1996912218122318,0.07810021261368016,0.3045889376764285,47,1031
2001-07-26,0.18581673300879348,0.16875973447444897,0.19997350145580398,0.07549382804895001,0.3036152090420425,47,1031
2001-07-27,0.18483658069880624,0.1677626637536544,0.19945538585596057,0.07548645714760618,0.2997904665143578,47,1031
2001-07-30,0.18450224398490686,0.16840126049847684,0.1991872137485674,0.07498586994725705,0.3006073839760559,47,1031
2001-07-31,0.18518750797185232,0.16971702665996383,0.19921471116909617,0.07548645714760618,0.30088744039434245,47,1031
2001-08-01,0.1798555167559471,0.16549225861768327,0.20561994008456078,0.0718551204550903,0.2973986572582617,47,1032
2001-08-02,0.17978043615474612,0.16217512407384782,0.20570851983804378,0.07359315404365581,0.2983916926770976,47,1032
2001-08-03,0.18007716264294538,0.16196248090002038,0.2055115344089124,0.07482852287191845,0.29899878444181727,47,1032
2001-08-06,0.18049043939042758,0.16144605610763307,0.20540809828977266,0.07542073248584463,0.2977537347510637,47,1032
2001-08-07,0.1799759716805667,0.16120423174209952,0.20528603826041963,0.07366544732011338,0.2953157248277397,47,1032
2001-08-08,0.18048274229525318,0.1631830389485266,0.20564050067806344,0.07441428500754452,0.2960979932908414,47,1032
2001-08-09,0.17992146763407935,0.1632697997738921,0.20549894617254807,0.07485690350127495,0.2952981639898371,47,1032
2001-08-10,0.17997460799103712,0.163073205805773,0.20495195126673663,0.07373829058860185,0.2955657561067591,47,1032
2001-08-13,0.17828646532111778,0.16102835723031306,0.20444852408733422,0.07248550434987845,0.2955197747853311,47,1032
2001-08-14,0.17847664596703308,0.16088564639891925,0.20460850101237082,0.07338740864033885,0.2967263397144214,47,1032
2001-08-15,0.17845650283407866,0.1612220303619355,0.20449069538518422,0.07290053616473674,0.297305244709103,47,1032
2001-08-16,0.1782144328809696,0.16132458539250857,0.20492512208511035,0.07187652378637337,0.29916052646588187,47,1032
2001-08-17,0.17867439410917824,0.1615701366261762,0.20478355825838257,0.07132644546421055,0.2988705253791628,47,1032
2001-08-20,0.18037512756502183,0.16233133089146662,0.20533844053599234,0.0695960929833061,0.30254004068389806,47,1032
2001-08-21,0.1796553825669515,0.1620074516611022,0.20528072388318516,0.06953022808350899,0.30352592276685647,47,1032
2001-08-22,0.179187969360708,0.16362946412828727,0.20571643198875236,0.06786328166540515,0.3040257275209185,47,1032
2001-08-23,0.17958325119991067,0.16372541954163175,0.20575638006984096,0.0669191552616557,0.3024144363436212,47,1032
2001-08-24,0.1790765664898089,0.1608968347049135,0.20545247930088362,0.06592905336249667,0.30246393052338555,47,1032
2001-08-27,0.17922770030142687,0.16216145472682728,0.20514566302386006,0.06684874547762057,0.30193497271948155,47,1032
2001-08-28,0.1792237300808338,0.16371073482454362,0.20452324844762831,0.07023962859654136,0.3018698786886541,47,1032
2001-08-29,0.17893686622903576,0.1635501736169719,0.20446259799862732,0.06921810179304094,0.30012980292834934,47,1032
2001-08-30,0.17870276020734818,0.16338659554303747,0.2044469434504559,0.06678039318701215,0.30194851514100624,47,1032
2001-08-31,0.17846489208548771,0.16365426864389176,0.2039858106761037,0.06822350393828379,0.29883437776155614,47,1032
2001-09-03,0.17856380680956918,0.163511964405069,0.20392667242851423,0.0671423141075069,0.2999151975392959,47,1032
2001-09-04,0.1779205649570713,0.162476964536998,0.20405088961105017,0.06753748297050441,0.3021710763365561,47,1032
2001-09-05,0.17807228754757198,0.16254716283102189,0.2037124334207994,0.06743998517107297,0.30016953060329915,47,1032
2001-09-06,0.17781395584792326,0.16233189775593682,0.20378195428454174,0.06874579504303147,0.300614885938996,47,1032
2001-09-10,0.17811444558076195,0.16405190861956012,0.2034067717422368,0.07034681681543409,0.2989156218937686,47,1032
2001-09-11,0.1788058615172771,0.16523509482065413,0.2035438204532109,0.07202804158278442,0.2993494694935088,47,1032
2001-09-12,0.18843098510599246,0.1736498684430406,0.20854685126417846,0.07239655178140328,0.3207598018020818,47,1032
2001-09-13,0.18728978055867374,0.17237589951566445,0.2076723944894061,0.07282183570737388,0.31511053615484497,47,1032
2001-09-14,0.19577424045801628,0.17867539883001737,0.2087893056118705,0.08145115702691415,0.32401836157622943,47,1032
2001-09-17,0.19740633876484226,0.1858809214949973,0.20893282160734059,0.08137145579055892,0.3289388414017392,47,1032
2001-09-18,0.19552395915909798,0.18133963755625526,0.2085930253206367,0.0792391473679845,0.32809962994618624,47,1032
2001-09-19,0.19487753822994355,0.1809862104050179,0.20819369561727877,0.07816517999769393,0.32932373422486494,47,1032
2001-09-20,0.19533636447083827,0.18150916075717993,0.2093921412467703,0.0796659587906862,0.33042255207087584,47,1032
2001-09-21,0.19522080058513247,0.1825753600452894,0.2099240317034846,0.07943561253159447,0.3303783248018958,47,1032
2001-09-24,0.19748315781818163,0.18582199625403512,0.21024317088272393,0.0804152006089475,0.32992726562531965,47,1032
2001-09-25,0.197529159844925,0.18638314147499496,0.21015413450787965,0.08016701155858535,0.33290365666334193,47,1032
2001-09-26,0.1935599323828879,0.17960337655738912,0.20947866360317843,0.0772126119113953,0.3260804809993648,47,1032
2001-09-27,0.19312974248562226,0.18123173255674252,0.2094871856392983,0.07585630768769315,0.32871828693473704,47,1032
2001-09-28,0.19297469486490754,0.17882733881212154,0.20944810558826485,0.07548656112037992,0.32939116353247844,47,1032
2001-10-01,0.1924448606516855,0.17808055244476345,0.2092715633257126,0.07331399909658262,0.328595897231225,47,1032
2001-10-02,0.1929851245033389,0.1787530707195906,0.20918885323101818,0.07407622708036571,0.3274820963037269,47,1032
2001-10-03,0.1930585728373953,0.1776209838528174,0.20920602098410704,0.07472486316368572,0.3276451805113485,47,1032
2001-10-04,0.19313855197312796,0.1779354844141922,0.20894691860517056,0.07543263267875128,0.32800769107499184,47,1032
2001-10-05,0.1931314129764598,0.1779624849168902,0.20864909240212592,0.0764982896249518,0.3268293401550172,47,1032
2001-10-08,0.1925338615023035,0.17852928887946903,0.20822603216907506,0.07637361117018734,0.3267171005916356,47,1032
2001-10-09,0.1924559875186078,0.1787038791605946,0.20810731655040138,0.07733363489996557,0.3268080883353953,47,1032
2001-10-10,0.19228102301677905,0.17803284156752755,0.20792232203139607,0.07755053961341063,0.3259190271788558,47,1032
2001-10-11,0.19265899017949414,0.1773454870514775,0.207836536819055,0.07791780605661289,0.32633959579793376,47,1032
2001-10-15,0.1915526283598381,0.177236382053933,0.21060623376633833,0.07450197169427716,0.32580360867151403,47,1032
2001-10-16,0.19409388989968632,0.1771873639536116,0.2113632228023432,0.07568585794095205,0.32892549655796816,47,1032
2001-10-17,0.19229174109462277,0.1750799551303746,0.20804678437784985,0.07615513517241891,0.32715877757695316,47,1032
2001-10-18,0.1915762699763134,0.17336411603284865,0.208054492958959,0.07475462449158238,0.3253885687579372,47,1032
2001-10-19,0.19212956487379423,0.17463683355648893,0.2080774828340698,0.07747066042701065,0.328631150403601,47,1032
2001-10-22,0.1934481074964376,0.17450216661746026,0.20846716333006063,0.08028767302488987,0.328561558404906,47,1032
2001-10-23,0.19770998923699248,0.18001142393272962,0.2059014719649321,0.08095295880102023,0.3345668328798589,47,1032
2001-10-24,0.19759479895797183,0.18001142393272962,0.20598377650604707,0.08122256377791773,0.33342254635795404,47,1032
2001-10-25,0.19762003025991545,0.179273173700714,0.20594898376553175,0.08174307909365654,0.33226003635712525,47,1032
2001-10-26,0.19536597616348886,0.1785646279892426,0.20620222474375408,0.07746679724900593,0.3284011990106248,47,1032
2001-10-29,0.19462104989824058,0.1787025296939309,0.20636754534062834,0.07416263611054659,0.327365024394594,47,1032
2001-10-30,0.19535480051228682,0.18011068077597797,0.2063625381766322,0.07605407658172622,0.3268853014395244,47,1032
2001-10-31,0.19433502473033268,0.18113731519977744,0.20588342276404414,0.07392314644054453,0.3254748633669473,47,1032
2001-11-01,0.19236869631993478,0.1800960475228209,0.20855861539979445,0.07386869819949138,0.3258441053284927,47,1032
2001-11-05,0.19194290069216366,0.18121613669334397,0.20761736007944723,0.07296747684042623,0.3218815114065556,47,1032
2001-11-06,0.19764176595204058,0.1860478538401245,0.2052927796471352,0.08515086112950296,0.32543278104764484,47,1032
2001-11-07,0.19646793425818612,0.1882929622942912,0.20410766742967232,0.08647105247955425,0.3251040886538944,47,1032
2001-11-08,0.19620718086846564,0.1877224213572155,0.20354117917507936,0.0857402164299913,0.32535716328684694,47,1032
2001-11-09,0.19566795681994983,0.18953113494395085,0.2037972777885318,0.08416656292819161,0.32331512369682086,47,1032
2001-11-12,0.19562872971034104,0.1912685762482596,0.20384242188052745,0.08499070495396101,0.3230016668597313,47,1032
2001-11-13,0.19524961493280443,0.18905638824865834,0.20406869684020196,0.08458177003785612,0.32291785611849577,47,1032
2001-11-14,0.19586877061189406,0.191515436769798,0.20430953768571594,0.08699906137459434,0.32399748288011104,47,1032
2001-11-16,0.1955168104979402,0.19226669558391304,0.2040339750754385,0.08736024548287069,0.3227014469996323,47,1032
2001-11-19,0.1941720076632334,0.1894043058696338,0.2035345854482986,0.08701140762039658,0.32103098931222207,47,1032
2001-11-20,0.19261673291816342,0.1892669410115862,0.20567672215717672,0.07917654958264071,0.32246139245006056,47,1032
2001-11-21,0.19279224100455467,0.19039051133381793,0.20597804713611287,0.07825146821210538,0.32179886391822754,47,1032
2001-11-22,0.19186903684566498,0.18754308563355343,0.2063973787134376,0.07579515081631509,0.32224738245111345,47,1032
2001-11-23,0.19273747159157584,0.1899245898649939,0.2062839361985021,0.07655241174435827,0.32422983236291003,47,1032
2001-11-26,0.1947438745618536,0.19049720700895806,0.20540443350930485,0.07972193954202383,0.32457570869309027,47,1032
2001-11-27,0.19500641979682481,0.1913684294492921,0.20446304759599504,0.08095682636735785,0.323438099349357,47,1032
2001-11-28,0.19433525063470145,0.1888919379905099,0.20459866444604002,0.07649404322362417,0.32504761603202115,47,1032
2001-11-29,0.19557992116028514,0.19175456907407656,0.20584746979878843,0.07757038889074415,0.32856115706850963,47,1032
2001-11-30,0.1959644220834763,0.192503012581828,0.20598992474775635,0.07835403709333526,0.3272584398651915,47,1032
2001-12-03,0.19453620203820504,0.18989039278760694,0.20445239165241777,0.07589529553982194,0.32725953206561503,47,1032
2001-12-04,0.19549123657530731,0.19223454665542383,0.2052683335659602,0.07543604805500476,0.3313546917038678,47,1032
2001-12-05,0.1947203565522661,0.19183363733675804,0.2048673474650374,0.07604734881761763,0.33099619582813566,47,1032
2001-12-06,0.19476357614078013,0.1935950018373845,0.20518413822335774,0.07649265203210187,0.3342072731276841,47,1032
2001-12-07,0.19487597328637432,0.19389474490738556,0.20514775659678083,0.07620943932137426,0.33253542493139465,47,1032
2001-12-10,0.19355700496424894,0.19160661272863078,0.20452588602600463,0.07318118701021813,0.33151085040841044,47,1032
2001-12-11,0.19374851629677936,0.19016051458858013,0.20485054638073832,0.07440989309731576,0.33128929694559606,47,1032
2001-12-12,0.19384288555146773,0.19113738254992335,0.2047566994934775,0.07252045539449564,0.3289547872263634,47,1032
2001-12-13,0.19227900588869928,0.1899927318111121,0.20413941749181785,0.07222501157586175,0.3265388230813488,47,1032
2001-12-14,0.19283857401986743,0.1901902326810468,0.2052960026698135,0.07194936733912737,0.3294275193155796,47,1032
2001-12-17,0.19266415791955618,0.19106772504991182,0.20557205595592282,0.07319912884921885,0.32934138046676326,47,1032
2001-12-18,0.19174552052739705,0.1904278144990192,0.20568919091368887,0.07201397380613843,0.32814963965006455,47,1032
2001-12-19,0.19309042711038707,0.19008538296715555,0.2064727379372585,0.07188786096800301,0.33113478991338413,47,1032
2001-12-20,0.19261264112807092,0.1892366004456696,0.2071155916622664,0.06797114228168455,0.33058709986212015,47,1032
2001-12-21,0.1917593190350868,0.189697101151022,0.2072829743917796,0.06692471136172332,0.3290618189098856,47,1032
2001-12-26,0.19374016495308133,0.18802894632966216,0.206717579250991,0.06867335763741127,0.33149428261013253,47,1032
2001-12-27,0.19351490124584164,0.18832739076130767,0.2066820317825753,0.07010348688440309,0.33343803029703656,47,1032
2001-12-28,0.19522011720976537,0.19054639534330395,0.20656968923299462,0.07201559761747525,0.33507805401120105,47,1032
2002-01-02,0.19443387766969342,0.18876149947410525,0.20588431306315935,0.07369073895484929,0.33401510677994983,47,1032
2002-01-03,0.19355630687220107,0.1859483111842367,0.20564036877486214,0.07442082290669223,0.33280809652748344,47,1032
2002-01-04,0.1942176641485459,0.18622833684859338,0.20596118261487073,0.07486331493660367,0.33475798370681065,48,1032
2002-01-07,0.19869246025724724,0.1892908107565003,0.2674614675242821,0.0735334995748601,0.34318252624820184,48,1068
2002-01-08,0.1957191403869997,0.18671629076473642,0.24311250928236605,0.0672737600482644,0.3410932521284041,48,1069
2002-01-09,0.19999923562950983,0.18630371480590982,0.22764695429289972,0.07428428811620584,0.3430556761647905,48,1069
2002-01-10,0.1998294396458447,0.18862797024038305,0.2256629644037755,0.07345065201007854,0.3429616667534266,48,1069
2002-01-11,0.1977491774467869,0.18820846485453804,0.21941584433167785,0.07361146008177413,0.33950209824037986,48,1070
2002-01-14,0.18965531858373272,0.1805004164280732,0.21505399138099987,0.06375343222952774,0.32463887242824724,48,1072
2002-01-15,0.19416569944550371,0.18761702775689423,0.22078233441414016,0.06564255336830681,0.32922516356617515,48,1074
2002-01-16,0.19641368245950336,0.18793494420800566,0.2160798588050541,0.06763778623899416,0.3289151660909345,48,1075
2002-01-17,0.19425139348665432,0.18772487365044938,0.21388542705714098,0.07114167453945927,0.3268079968872466,48,1075
2002-01-18,0.19359993901652836,0.1865428838321932,0.212753514402618,0.07224358204742509,0.3262967104286504,48,1075
2002-01-21,0.1928542001866648,0.18577709383347044,0.21195412658696766,0.0694258231314107,0.32370542615668974,48,1076
2002-01-22,0.19220705953905304,0.18601338146439214,0.21221479797325196,0.06827882853370877,0.3233455791301256,48,1077
2002-01-23,0.19220585442716456,0.18781628551995108,0.21245322380223328,0.06827414053941742,0.3249494851384466,48,1077
2002-01-24,0.19074312323807294,0.18562770276132623,0.21131105008264367,0.06928984295622395,0.3219535476782353,48,1077
2002-01-28,0.19024980855028045,0.18417605772364687,0.21107388104178262,0.06930255153387882,0.3194778030217502,48,1077
2002-01-29,0.18842245767924354,0.18332470530883616,0.21418790866622278,0.07053966835330097,0.3199752119606472,48,1078
2002-01-30,0.1902441019446475,0.18634005573792917,0.21675702097987526,0.07146145220372764,0.32423517738641106,48,1078
2002-01-31,0.1911363452500142,0.18656724912783731,0.21366981918250272,0.07039301601976325,0.3241073405337848,48,1078
2002-02-01,0.18941111404274694,0.18467266570580101,0.21407069614861646,0.07135733439943279,0.3217088286791347,48,1079
2002-02-04,0.18841889486483893,0.18533312349082126,0.21483040484503763,0.06898050961611742,0.3173712152843047,48,1078
2002-02-05,0.1890096935091354,0.18464612536768776,0.21412619724447704,0.06893621850733889,0.31957504365746375,50,1078
2002-02-06,0.17170165703887827,0.18016683647407075,0.28195896143969645,0.05235254014735177,0.3226079005617065,50,1111
2002-02-07,0.1776340510673493,0.1813069178526598,0.2495498178283634,0.05540877803753259,0.32035454805174757,50,1114
2002-02-08,0.17940318499303132,0.181051418363379,0.23967160810560628,0.05252974841597647,0.32070009585075915,50,1114
2002-02-13,0.18192112492283552,0.18149100685530403,0.23249201515741633,0.056655760410722414,0.31748575055211375,50,1114
2002-02-14,0.1793766769294624,0.1775475654558815,0.2296521928386027,0.0550430452062854,0.3143652716416107,50,1115
2002-02-15,0.17674349719576446,0.17812392675363692,0.23182138074343223,0.051934442271559814,0.3173803569528388,50,1116
2002-02-18,0.176391040001337,0.17783035291334495,0.23282594328272754,0.05198395116270232,0.3153669074588625,50,1117
2002-02-19,0.17612010127832814,0.1777120916694734,0.23277079131241393,0.050282448334700955,0.31592256597880414,50,1117
2002-02-20,0.17545080037681393,0.1748453729144896,0.2319517037408798,0.049857333141239656,0.31450542807180576,50,1117
2002-02-21,0.1708391682751989,0.1736020305342188,0.236684695162573,0.048516559866071785,0.31100973369346074,50,1119
2002-02-22,0.17667495314884504,0.17514399719252705,0.22965651173692708,0.05216043931921572,0.314099135222438,50,1121
2002-02-25,0.1808854921979907,0.17868498240675698,0.22060140771591238,0.054528261118238726,0.31500565309680595,50,1121
2002-02-26,0.19225052173819906,0.1844206906456749,0.21506490377037854,0.06702244885093081,0.32490909558226166,50,1122
2002-02-27,0.19213245357966158,0.1840211387476664,0.21504806784990663,0.06568504381980328,0.32136553508179266,50,1122
2002-02-28,0.19189881023257224,0.18411863135865322,0.21454531978011926,0.06567924482824984,0.3207360883535856,50,1122
2002-03-01,0.1892527307709238,0.17945132576652895,0.21294730589700306,0.06444000552110554,0.3187847789172246,50,1122
2002-03-04,0.18872146080966218,0.18320671360543828,0.21280031676394157,0.06540669058188864,0.3181952573480284,50,1122
2002-03-05,0.18865565208298055,0.18091444549023075,0.21301539949583068,0.06486297976628048,0.3186410791090749,50,1122
2002-03-06,0.18885042046208542,0.18047433216359055,0.21217499746061078,0.06539500208687722,0.31875678591268247,50,1122
2002-03-07,0.18758646491661043,0.17900701906889455,0.21039193211945828,0.06408804322612241,0.31643290731941953,50,1122
2002-03-08,0.1873595625175469,0.17867307563215343,0.208295559700036,0.06359212663407982,0.3178176496487841,50,1122
2002-03-11,0.18888205186941454,0.17955755810133658,0.20699557682006517,0.0656320523128284,0.32072959029349274,50,1122
2002-03-12,0.1885508024333816,0.1792749073408611,0.20741812679499336,0.06530050698810767,0.3184292706837397,50,1122
2002-03-13,0.18760351852400087,0.17791471989465463,0.20896376612770445,0.05939671789485477,0.3197838299673843,50,1122
2002-03-14,0.18745387168718725,0.17767222238229957,0.2090547285835726,0.059062537608102886,0.32155192535999116,50,1122
2002-03-15,0.1875422347982593,0.17874202559241187,0.20901305282255542,0.060619002497226966,0.3195532033678773,50,1122
2002-03-18,0.1885399084056211,0.18048577483128503,0.20854583980991095,0.06064117324254542,0.3201452846052394,50,1122
2002-03-19,0.18982975767247326,0.18043796380821486,0.20143477252801792,0.06095490326339775,0.31956450411675824,50,1122
2002-03-20,0.18981989938083402,0.17886942112408769,0.20167707971209736,0.06321313162937185,0.32017610576527633,50,1122
2002-03-21,0.18798068048236893,0.17742731927372382,0.20180762641990563,0.06161792599492393,0.3180676870007973,50,1122
2002-03-22,0.18960211064672813,0.1781739358494125,0.20221994378135774,0.062070711602531844,0.3237859093994939,50,1122
2002-03-25,0.19195389373569516,0.18071763928664417,0.2011146193882877,0.06359346268884541,0.3231441896947697,50,1122
2002-03-26,0.19201253492231474,0.18071199629642412,0.20135763247878982,0.06332791089267278,0.32389503646270884,50,1122
2002-03-27,0.1927490191225458,0.18071199629642412,0.2017420350003171,0.0628832546956807,0.32274279527068434,50,1122
2002-03-28,0.19301956329903236,0.18263807926336986,0.20091896393925252,0.06554805092886382,0.3223495420086401,50,1122
2002-04-01,0.1928237406879414,0.18260134471578826,0.20130968979257244,0.06541828800881898,0.32252626825229436,50,1122
2002-04-02,0.19248562827432292,0.18171559144881844,0.201485215478194,0.06282422412206978,0.3261072776751375,50,1122
2002-04-03,0.1857074958201546,0.1753372576580594,0.20209597716122682,0.055264769164554715,0.31747439766899554,50,1122
2002-04-04,0.1849854670185987,0.17241694229554694,0.2018194425215482,0.05516935227973738,0.3167643194180891,50,1122
2002-04-05,0.18421802855764308,0.17099657647009275,0.20161830460392138,0.05472762790248233,0.3166292304047923,50,1122
2002-04-08,0.18414845141337377,0.17284144283038566,0.20206070111192265,0.05563054156993784,0.31664050676431665,50,1122
2002-04-09,0.18394070484577033,0.17351358431138797,0.2022294497255456,0.055337704944250214,0.31674972616472663,50,1122
2002-04-10,0.18322752233736303,0.17444061552472526,0.2003599666808728,0.05538538195325356,0.31536527678202797,50,1122
2002-04-11,0.18353402417187226,0.1736990971139305,0.20052966578986203,0.05604632551126383,0.3119469067063754,50,1122
2002-04-12,0.18193046354294953,0.1720572660234101,0.20024887937754607,0.05442963189524684,0.31307790543754604,50,1122
2002-04-15,0.18203533666842556,0.17380236595756499,0.2000851269581028,0.05443379862667934,0.31172980304994224,50,1122
2002-04-16,0.18249886476661825,0.17391357473771663,0.20044938222624709,0.05456227597334985,0.3135910237863442,50,1122
2002-04-17,0.18026948446104643,0.1693791524965669,0.19983229301213426,0.05457275230047734,0.3127438262224627,50,1122
2002-04-18,0.18035723444180363,0.16876614309453666,0.1999081408699378,0.05371344477143519,0.3113957626402929,50,1122
2002-04-19,0.18003107613721944,0.1689401165691717,0.20103575505853355,0.05219380919429899,0.3129762014817566,50,1122
2002-04-22,0.1812548405958074,0.17197248575179588,0.19896902428589483,0.052893427249935704,0.31082911432731863,50,1121
2002-04-23,0.1782020903253175,0.16789633194103207,0.19957542071685816,0.04965771754615143,0.30623808171577127,50,1120
2002-04-24,0.17937634440002603,0.16971424820456013,0.19739816408916636,0.05142213318718042,0.30653212006218483,50,1121
2002-04-25,0.1764235664516658,0.16784369524916934,0.19956140609578948,0.05136743032975863,0.3029020358604345,50,1122
2002-04-26,0.17785678430074145,0.16745029796051486,0.19610141434694336,0.05149076101530871,0.30261458555881504,50,1122
2002-04-29,0.17678242082954188,0.1649980978486021,0.19600927796601644,0.05074879156569029,0.3030496209442387,50,1122
2002-04-30,0.17568477264498478,0.16475919960595278,0.1955946906128993,0.051312023678032434,0.30204584060127554,50,1122
2002-05-02,0.17205934876459977,0.16132433737873858,0.1943113577820091,0.050441848432091846,0.2958922394217919,50,1122
2002-05-03,0.176144905634238,0.16247243983359932,0.19474947479542407,0.05528681801082515,0.3072415690312227,50,1122
2002-05-06,0.17599738011939842,0.16285875316374968,0.19448790438404462,0.055240537481650934,0.3058058916157889,50,1122
2002-05-07,0.1752259426166771,0.16429007356146175,0.19379745671279547,0.05372084919729017,0.29536949123243766,51,1122
2002-05-08,0.1621915869491239,0.1615995482152792,0.25980832463754155,0.045357529593295004,0.2968378020900039,51,1155
2002-05-09,0.1812136088500246,0.16606806257259166,0.22951842028048586,0.05052669038477679,0.3069904674904932,51,1159
2002-05-10,0.1744864188584711,0.16408549347448362,0.21330649902891535,0.045749379038900584,0.3080659735888994,51,1162
2002-05-13,0.17279826806024387,0.16244630156793377,0.21283365517971892,0.043798903811379554,0.30974798335761655,51,1162
2002-05-14,0.17288515293873832,0.1633082269109304,0.2088716504104326,0.046330355186008705,0.3110584179031337,51,1162
2002-05-15,0.1759538635547409,0.16472755969129727,0.20569360030115433,0.049632198173979764,0.31183789857756605,51,1163
2002-05-16,0.17979028727616778,0.16864036691027645,0.20476021735765154,0.04995436844433421,0.31614396862729094,51,1165
2002-05-17,0.1767778905908046,0.1661579288391339,0.2092724712788573,0.04886156126847557,0.312229352213112,51,1167
2002-05-20,0.17911837291488109,0.16550085125438385,0.20890037480908238,0.05201885354223028,0.3163227563122668,51,1168
2002-05-21,0.17890053933684874,0.16513325973273338,0.20838720203066058,0.052614805811918276,0.31239516464503087,51,1168
2002-05-22,0.17720725447802876,0.16575348795460515,0.20717554254446163,0.047352895829355784,0.312663999389691,51,1169
2002-05-23,0.17096460879868183,0.1648658400510056,0.2635215223227879,0.04491707612762967,0.3182889691771042,51,1201
2002-05-24,0.1702848304997957,0.1648658400510056,0.26333740710806797,0.04291409601789933,0.31579665259091955,51,1201
2002-05-27,0.16951947978643842,0.16421974556342434,0.26261305718727757,0.04310921217361276,0.31443521711904643,51,1201
2002-05-28,0.1694736614398202,0.16311861933206784,0.26243444173859704,0.04216232442322215,0.31497477092688847,51,1201
2002-05-29,0.16950559384793903,0.16240039976072,0.2602728818861975,0.04126840284533541,0.3146787845356653,51,1201
2002-05-31,0.17120345713791443,0.16543756668431178,0.2590070220654761,0.04422094509918554,0.31481429082895945,51,1201
2002-06-03,0.17012407755803388,0.16621120995049543,0.2589728200790791,0.04289115700039425,0.31391858776069104,51,1201
2002-06-04,0.17046481820387263,0.16347329332935104,0.25908581549291226,0.04302539298541876,0.31344937782046645,51,1201
2002-06-05,0.17025606535340781,0.16405343436690786,0.25904176508254473,0.04307257800857167,0.3131837163855174,51,1201
2002-06-06,0.1672419062958986,0.16117339587727986,0.2584446216950246,0.041398516124931846,0.30872346292709985,51,1201
2002-06-07,0.1734046227879642,0.1620622850082613,0.25644635448526926,0.044236650240220596,0.323571552651161,51,1202
2002-06-10,0.17225382861381391,0.1629515231822191,0.2564687469872889,0.042128009688475965,0.319210108458056,51,1202
2002-06-11,0.1730739377266639,0.16225175763458538,0.2559882748367095,0.04362949226935779,0.321614273572864,51,1202
2002-06-12,0.17456345253308034,0.1648496096780047,0.2572941551092558,0.04282161356376907,0.3249008087541572,51,1202
2002-06-13,0.17462900097106257,0.1645523697018631,0.2573127864481032,0.04312478459672113,0.3263782350074286,51,1202
2002-06-14,0.1746048212873127,0.16520345840887807,0.2567786287771126,0.04499749594398865,0.3251801244405079,51,1203
2002-06-17,0.17840475178576115,0.16960048690674087,0.256673626815658,0.04674843735183645,0.3280053715444308,51,1203
2002-06-18,0.1798720151635281,0.17024624416765385,0.25725059159231345,0.04808303682935155,0.3301144107941505,51,1203
2002-06-19,0.18076244852583265,0.17142483502169414,0.25608139409480446,0.047705383742398244,0.33069213734040337,51,1203
2002-06-20,0.181632964562684,0.17321985994322184,0.2563061869957889,0.04824212341644266,0.33090553674533707,51,1202
2002-06-21,0.18660589833847208,0.180225429510335,0.25618932727601595,0.05155263514473046,0.338318248982483,51,1202
2002-06-24,0.1901187973399117,0.18729259214420493,0.2567182495988885,0.0548400630891231,0.34145292141436273,51,1202
2002-06-25,0.19048350063359454,0.1865061858160122,0.25624042126058627,0.054993925334116116,0.3420009068680498,51,1202
2002-06-26,0.1891349046973123,0.18417475269069886,0.2555060400992623,0.054993925334116116,0.34111387416586053,51,1202
2002-06-27,0.1874118979783042,0.18054786611624027,0.254709337199514,0.054993925334116116,0.33666969790956625,51,1202
2002-06-28,0.19144849920783005,0.1867277247779826,0.2546938798357766,0.05854771436684149,0.3407938999220873,51,1202
2002-07-01,0.191948776731848,0.1884356406110294,0.25456479294979495,0.06088545426947033,0.3409627014622435,51,1202
2002-07-02,0.19305387436441937,0.18909996861799694,0.25229892510719454,0.058334515681597025,0.34199278996877014,51,1202
2002-07-03,0.1927762926086792,0.18906106446276938,0.25166898470570354,0.05905078384866096,0.34128917993567665,51,1202
2002-07-04,0.19439009559440462,0.18943706145902034,0.2508996913786426,0.060120028203592524,0.3419830457668668,51,1202
2002-07-05,0.19287001038699075,0.18799771989024638,0.25159352961570236,0.060381857548709165,0.34014572965186674,51,1202
2002-07-08,0.1932045303256234,0.18896035767211483,0.2518857690898498,0.0601715139891901,0.3400285976788873,51,1202
2002-07-10,0.19325125606002855,0.18840025947043537,0.2518634873513876,0.061521210292449696,0.3411053413154203,51,1202
2002-07-11,0.19357296620050957,0.1876480977502693,0.2519857480432487,0.06135151842604017,0.3412810748567749,51,1202
2002-07-12,0.19277641317633443,0.1882280378011667,0.2518289555564609,0.060879079477344375,0.3389439887405293,51,1202
2002-07-15,0.19155263271335063,0.18416752577739223,0.2514066628550307,0.06087842047090083,0.33828948888946053,51,1202
2002-07-16,0.1923706551654404,0.186299297828123,0.2510497531248418,0.06171063828635542,0.3414635970586078,51,1202
2002-07-17,0.1924847243705114,0.18400578118250865,0.2508576605134692,0.06206381085118498,0.3407524506011099,51,1202
2002-07-18,0.19180549596913227,0.1832509591268938,0.25024715269214026,0.06362749371266896,0.33833332866892346,51,1202
2002-07-19,0.19305080845340486,0.18037438206868694,0.24846462485287038,0.06506039954472673,0.3375818476388406,51,1202
2002-07-22,0.19450483745906016,0.1809379052294944,0.24842260702037505,0.06727042802131995,0.3367143248240752,51,1202
2002-07-23,0.20074664507773723,0.18714635665855117,0.24999042946286434,0.06987510940461195,0.34673583449345324,51,1202
2002-07-24,0.2008262545944253,0.187180032354552,0.24977522561355997,0.07031800473194216,0.34635068809132963,51,1202
2002-07-25,0.2001080181787292,0.18846903680354216,0.2498410719263279,0.06953150973160643,0.34547286524154863,51,1202
2002-07-26,0.20019889527551504,0.18832813463581458,0.2495331707990086,0.0702220608700511,0.34508531927716324,51,1202
2002-07-29,0.2053068353855803,0.196574342820547,0.2498879008983577,0.07538756511651873,0.35115381529839174,51,1202
2002-07-30,0.2045424987963717,0.19653065489452456,0.2495222589061391,0.07518271173202701,0.35058425043444474,51,1202
2002-07-31,0.20145874786059464,0.1921149573602987,0.2491524519098382,0.07217150010830589,0.3457906794387014,51,1202
2002-08-01,0.2047985903421668,0.19696273570358996,0.24949968446542709,0.07317488032745756,0.34948384976326685,51,1202
2002-08-02,0.2038109084411869,0.19500143630382977,0.24932017156043504,0.07261342930643541,0.3493242294597362,51,1202
2002-08-05,0.20736932928159965,0.19595923196237586,0.24702462793976296,0.0789495475446246,0.3515969858573843,51,1202
2002-08-06,0.20900369508720257,0.19649912009291823,0.2468087896433996,0.08251896635122904,0.3526351679050288,51,1202
2002-08-07,0.2063851307772384,0.19306924518238985,0.24730655626157808,0.07677595603935397,0.3513377458530647,51,1202
2002-08-08,0.2056099352218226,0.19162964406183824,0.24728801132868358,0.07550855135922921,0.3517064184935188,51,1202
2002-08-09,0.20763484222102774,0.19129899982598259,0.24791705902236638,0.08203169591535903,0.3565492686485793,51,1202
2002-08-12,0.20771643250036373,0.1880736448503086,0.24808737754841229,0.08182096711367157,0.35300255727226865,51,1202
2002-08-13,0.20804483352531317,0.18858155602382737,0.24914837885297858,0.08251296898090466,0.35785669769637724,51,1202
2002-08-14,0.2075812749433674,0.18876628981959087,0.24866077877058343,0.08229245314144872,0.35617224991244967,51,1202
2002-08-15,0.20828394844043968,0.190844728907593,0.24844447623066795,0.07881215544932156,0.36047582106531306,51,1202
2002-08-16,0.20707449051167004,0.18990852503014521,0.24761519537668975,0.0773994685386811,0.36068836615599204,51,1202
2002-08-19,0.2117664666969306,0.19522843172792054,0.24590074674517842,0.08464319407304452,0.36123421323922167,51,1202
2002-08-20,0.21150273702075842,0.19424492575735047,0.24566888697191908,0.08582241930360751,0.36062958078291607,51,1202
2002-08-21,0.21073832905938694,0.19262416897120244,0.245839900786329,0.08457814061922175,0.36099704854619136,51,1202
2002-08-22,0.2102879103781649,0.19289356254838771,0.24631576173086536,0.08073534332543597,0.3604851483831818,51,1202
2002-08-23,0.2101165392827662,0.1929657848455555,0.24646017629758712,0.08087278208784532,0.3616335525937395,51,1202
2002-08-26,0.20981779214510088,0.19310714302534698,0.24668424887523546,0.08159420989382994,0.3618914916423497,51,1202
2002-08-27,0.21174592205390697,0.19747051614875422,0.24660119305072112,0.08482333779242862,0.36179886955281365,51,1202
2002-08-28,0.21063095401766602,0.19678706033895754,0.24617015095797135,0.08337240979902995,0.358516467383552,51,1202
2002-08-29,0.21021038863424438,0.19711266549824846,0.2459173231372916,0.08311536212240436,0.354095168680312,51,1202
2002-08-30,0.21013034817566958,0.19593915168218484,0.24528574537726822,0.08297931412172525,0.3534096550149121,51,1202
2002-09-02,0.20939031818798648,0.19532539312078917,0.24493823700637754,0.08153020383414183,0.3516044216811101,51,1202
2002-09-03,0.20900389798573824,0.1938945133940162,0.24480175341909607,0.08252401785813349,0.3504282813158135,51,1202
2002-09-04,0.20926194773993706,0.19518549473771735,0.24479696576088136,0.08306886407009631,0.3507874950141002,52,1202
2002-09-05,0.20830634256264166,0.19633019197592919,0.2924294649109999,0.08070608856480874,0.36058499892296003,52,1237
2002-09-06,0.20456155622792907,0.19462605943142264,0.2793666756085093,0.08053795108678938,0.35991108940768424,52,1239
2002-09-09,0.2069378711916009,0.19448193602413594,0.2693966300000934,0.08100607597013786,0.35582918989928536,52,1240
2002-09-10,0.2106243433217804,0.19521364091103596,0.2589357316330638,0.0815394892549747,0.35819695722957695,52,1240
2002-09-11,0.2101970705121112,0.1947869321181144,0.25782645449801733,0.08154105525235743,0.3554031729414501,52,1241
2002-09-12,0.2110410595061956,0.1959928054275421,0.2581637828770259,0.08159969593744064,0.35658767739753483,52,1243
2002-09-13,0.20992825727437758,0.19369976162079444,0.25658724034415287,0.08135897808735282,0.35415791327083596,52,1244
2002-09-16,0.20968665620343768,0.19389697399489714,0.2557458367515484,0.08117580286683293,0.35419244998755306,52,1244
2002-09-17,0.21003132037986957,0.19310364741934988,0.25450820051698353,0.0836708327251641,0.3559705429948302,52,1244
2002-09-18,0.20886396016206746,0.19377590853585971,0.25602831964196976,0.0836158943604719,0.3529174978249786,52,1245
2002-09-19,0.20513497819500306,0.194301327129171,0.25306582748609296,0.08489489222915342,0.34676938327813617,52,1245
2002-09-20,0.20574408730782293,0.19535826311655138,0.24952649747543454,0.08399998585046427,0.3448137991350464,52,1245
2002-09-23,0.20068697446620817,0.19098722987529118,0.24714452858558247,0.08155632468586696,0.3394002873064427,52,1245
2002-09-24,0.20321934774019915,0.19496034500476586,0.2468053981936713,0.08219191872575698,0.34012573814902186,52,1245
2002-09-25,0.20363123319523466,0.19487821225414298,0.24591837731841262,0.08368353166949888,0.34129066449018947,52,1246
2002-09-26,0.2016487038402564,0.194286584212905,0.2461851905750139,0.08251054329122973,0.34106761358095794,52,1246
2002-09-27,0.20257552188114522,0.19616525749382657,0.2458837375177584,0.08371827472662127,0.3415899964831589,52,1246
2002-09-30,0.2060998223959019,0.19827584112211324,0.24796860807539617,0.08972078945969231,0.3465473447755235,52,1247
2002-10-01,0.20272482282677862,0.19373511310683483,0.24682090014109806,0.08736591188081737,0.3399809082200072,52,1247
2002-10-02,0.20294173208979524,0.19238624921850733,0.24686445407330954,0.08473884443764922,0.34151345579195275,52,1247
2002-10-03,0.20181476724856956,0.191457305315669,0.24730741446447127,0.08408208769287459,0.3412321336313672,52,1247
2002-10-04,0.20291968595075408,0.19179948906533442,0.24840679088069956,0.08487572598684873,0.34392327053955174,52,1247
2002-10-07,0.20226223611363936,0.19180417740030042,0.24796506306347868,0.08499123807049717,0.3437942364207423,52,1247
2002-10-08,0.2029765697064899,0.1911784421928294,0.24844971923458514,0.08527146153927259,0.3417990349967824,52,1247
2002-10-09,0.20163529565648436,0.1906506371770174,0.24775201835488397,0.08199465680826198,0.3420948647806549,52,1247
2002-10-10,0.20185369920672924,0.19093715995690622,0.24760715669166994,0.08405128458410804,0.3406511423629546,52,1247
2002-10-11,0.20101257842989256,0.18690423478225124,0.24737059535287415,0.08315094110689095,0.3374217813396771,52,1247
2002-10-14,0.20043541719813035,0.1879179149993788,0.24640997177850077,0.08123895533201597,0.3345010839287543,52,1247
2002-10-15,0.20247309110178183,0.18776735674581713,0.24767880066908046,0.0810987051222836,0.33926937945064717,52,1247
2002-10-16,0.19893425859961283,0.18669512597930177,0.2529362660394981,0.08106036465604122,0.33872742053901256,52,1251
2002-10-17,0.19969000194105727,0.18973835880081852,0.25320350474561865,0.08052878510243401,0.34039393974513094,52,1251
2002-10-18,0.2049249073547222,0.1924778110319342,0.254854988978117,0.08655917512758443,0.3459326819413747,52,1251
2002-10-21,0.2059988050939436,0.19512502688008895,0.25405354042948974,0.08774136433412033,0.34652548232528196,52,1251
2002-10-22,0.20546244657655052,0.19789623543574264,0.25204518458092634,0.08796842426636942,0.3463199813383742,52,1252
2002-10-23,0.20632686597553848,0.19850947137054464,0.25149890669446096,0.08825475162372305,0.3462577098559296,52,1252
2002-10-24,0.20866308054441793,0.1995815871877396,0.25123045707179836,0.09119594345223175,0.34853180584676086,52,1252
2002-10-25,0.20821132730565933,0.19908071575575448,0.249673354862008,0.08863585009178879,0.34845673824491014,52,1252
2002-10-28,0.20750354630192372,0.20033862745660463,0.24944208857033512,0.08850648892474405,0.3471523044096915,52,1252
2002-10-29,0.20312243926651338,0.19608453488255,0.22565217061382256,0.08326991764995936,0.34339238784850723,52,1256
2002-10-30,0.20276982850487626,0.19447022867960362,0.22534601312007022,0.08388074376493931,0.34086346580453036,52,1256
2002-10-31,0.20713542949412933,0.20193462296561265,0.2267769104273302,0.08294331863634731,0.35026658891383666,52,1256
2002-11-01,0.20592850943149005,0.20002372840955596,0.22601608938867968,0.08225675717343883,0.34903070782922646,52,1256
2002-11-04,0.20558171222242944,0.19555282933033258,0.22361000594618952,0.08271894872440094,0.34734547248822156,52,1256
2002-11-05,0.20124437121525662,0.19164304271282268,0.2215040747991392,0.08184541535906409,0.33702467525678736,52,1256
2002-11-06,0.19969395828976674,0.19015375955295893,0.2205369762693414,0.0819691345700618,0.3339752940444457,52,1256
2002-11-07,0.19934114193277172,0.18938165832149023,0.22062581815789148,0.08143912018146757,0.3331505331862506,52,1256
2002-11-08,0.20039468942690938,0.1882770490352982,0.22241364731382904,0.07869439847861304,0.3336730088862714,52,1257
2002-11-11,0.19263695970941982,0.18227667254471316,0.22376717167789162,0.06827229004639487,0.3302567264268843,52,1257
2002-11-12,0.1926862412191883,0.18179757300319055,0.22338174984183115,0.0689061340878646,0.3303308310061319,52,1257
2002-11-13,0.19303893128246638,0.17904215833229634,0.22184164582704394,0.06823845526814107,0.3287225687504755,52,1257
2002-11-14,0.19294659015015359,0.17785024972293698,0.22073171350233814,0.06865912264811701,0.3307869339852168,52,1257
2002-11-18,0.19182905527668417,0.17753083046944274,0.21972968303082552,0.0678650008519122,0.3268460202269436,52,1257
2002-11-19,0.19135537372373299,0.1760761145962049,0.21946132621410153,0.06749301713398106,0.32713844340044196,52,1257
2002-11-20,0.19016310360040203,0.17681048675333202,0.2190694334046022,0.06781020765231575,0.32261799070523706,52,1257
2002-11-21,0.19012830640144743,0.17615016946572018,0.21916674956018461,0.06623354118970162,0.3223172410088461,52,1257
2002-11-22,0.19061279523233984,0.17577721606268423,0.21968985296972607,0.06674708266024912,0.3243678815228285,52,1257
2002-11-25,0.19065497809466678,0.17741315854284218,0.21888166842811024,0.06730665562931411,0.32484682600133474,52,1257
2002-11-26,0.1906078357182868,0.1756943610037065,0.2187996336792028,0.06795295207507854,0.32384395105541364,52,1257
2002-11-27,0.19126397233925232,0.1790854655304418,0.21875661353083758,0.06929971167185162,0.3241197573961709,52,1257
2002-11-28,0.19065975219428105,0.179612769714516,0.21853762319904052,0.07024373694505925,0.32384395105541364,52,1257
2002-11-29,0.1896352309146446,0.17824057279032923,0.21817648825662156,0.06913954735477751,0.32384395105541364,52,1257
2002-12-02,0.1908737988661465,0.17776693219517462,0.2189907793478818,0.07012147492983163,0.3274284507002596,52,1257
2002-12-03,0.19071712570422,0.17662935843665475,0.21870440783252254,0.0684003527456691,0.32649583545108884,52,1257
2002-12-04,0.1901007101062708,0.17770280372359434,0.21700872067552537,0.07092985382684396,0.3204018474965845,52,1257
2002-12-05,0.1691136847318934,0.17312084978781644,0.2682488488537863,0.06326305644732313,0.32007547666860686,52,1296
2002-12-06,0.16510069885072715,0.17108581791700503,0.2836396828670707,0.06324198430663004,0.32076941374460455,52,1291
2002-12-09,0.1653583213922911,0.1722847856746425,0.2833418589502234,0.063172971709219,0.3192153072448522,52,1291
2002-12-10,0.16809125561349483,0.17559630880481109,0.2818564641155578,0.06403766941581557,0.31975587380260106,52,1291
2002-12-11,0.16804832955093132,0.17565984349960573,0.28172295322678775,0.06390524307020932,0.31820323256792693,52,1291
2002-12-12,0.16984961817873007,0.1773347639723754,0.2819784375615028,0.06485958567782663,0.32087602292281975,52,1291
2002-12-13,0.17013439884100967,0.17679882053931079,0.28161648019054397,0.0653440383313495,0.3201824005538725,52,1291
2002-12-16,0.16830963295429546,0.17661370803304038,0.2810004574011642,0.06217563238918185,0.31716849992174656,52,1292
2002-12-17,0.16814148887546157,0.17549914355049553,0.2809288140055973,0.06234767748541575,0.31601798921607555,52,1292
2002-12-18,0.16837793827816525,0.17845547895870623,0.28110105068649405,0.060731328927168586,0.31812163669191473,52,1292
2002-12-19,0.1686729833172646,0.18024946148156676,0.28050803776679334,0.0598625297993558,0.31618843517048667,52,1292
2002-12-20,0.170754034649682,0.18002062046848666,0.2801320866625009,0.06667120262235333,0.3164804743068519,52,1292
2002-12-23,0.17034054645315883,0.1795557349882606,0.28021525428158656,0.0675040695796089,0.3129738734829478,52,1292
2002-12-26,0.16890367492093578,0.17839494171436482,0.2801141183235789,0.06486393748043481,0.3139692162976649,52,1292
2002-12-27,0.16815429387448078,0.17757214233979457,0.2800389191586,0.063565728181642,0.3125245914140635,52,1292
2002-12-30,0.1661998155570537,0.17533069053915062,0.2802732295551934,0.061708729827748894,0.3085788710028685,52,1292
2003-01-02,0.164525267475653,0.17293979773012086,0.280177411953783,0.05999273354179571,0.3069087678129999,52,1292
2003-01-03,0.16394588217247388,0.1726900505740498,0.2805402943537581,0.0602027440931365,0.3065319087178354,52,1292
2003-01-06,0.1619430619015927,0.1729889395573529,0.2812379413932247,0.05769634566834945,0.30626654922033725,52,1292
2003-01-07,0.16345602818470115,0.17494931972795874,0.2817927349763592,0.06036891223411288,0.31127271307633586,52,1292
2003-01-08,0.16324349207785535,0.1754550200638682,0.281601990042242,0.0605030644391422,0.30863044857925004,52,1292
2003-01-09,0.16292948189373588,0.17496669012530974,0.28120821443932337,0.05961198111420801,0.3082235663973602,52,1292
2003-01-10,0.1627419719776942,0.17435342502394063,0.28161103187998304,0.05995979049189559,0.3088816224170411,52,1292
2003-01-13,0.16297828035353665,0.17534823941032684,0.28185806611464814,0.056954943896146096,0.30865570040819146,52,1292
2003-01-14,0.16271529902292292,0.175527808981137,0.28174291634669923,0.05611467094028372,0.3090730123004804,52,1292
2003-01-15,0.16309687910775542,0.17570935153313016,0.2819313279429828,0.05609848066403712,0.3102259874243085,52,1292
2003-01-16,0.16289087867378693,0.17497081430569716,0.2818108539142395,0.055724400831397465,0.3090596133106399,52,1292
2003-01-17,0.16328461067748998,0.17593607765289626,0.2818146250100998,0.05711773539673428,0.3092914044173983,52,1292
2003-01-20,0.16271898378829103,0.17533246729008806,0.28165333101195605,0.05685600342317533,0.3112132798918711,52,1292
2003-01-21,0.16213842676856285,0.17216047345345725,0.2819046575801003,0.0562648798457983,0.31008294049733687,52,1292
2003-01-22,0.16154167521235882,0.17232653449592764,0.2820155846129453,0.055149323053352184,0.3058870569575667,52,1292
2003-01-23,0.1615843305942422,0.1740545283552657,0.28212671395251504,0.05615377419373809,0.3060518551623852,52,1292
2003-01-24,0.1619195216330975,0.17507099461364312,0.2823656177290644,0.056534399560434455,0.30632017857811095,52,1292
2003-01-27,0.16315831464753286,0.17563968281245165,0.2827209072062962,0.055422106664988965,0.30589160840306506,52,1292
2003-01-28,0.16388859996879604,0.17758834698450202,0.28255924417923095,0.055422106664988965,0.3063087125696059,52,1292
2003-01-29,0.16388340846220895,0.17852264075929203,0.28242785827475286,0.055164130105316234,0.30632027615226176,52,1292
2003-01-30,0.16477431081290567,0.1807721155424443,0.28273262912039787,0.05578769557017796,0.3072071460926456,52,1292
2003-01-31,0.1646486823515827,0.18087516753418365,0.2827252292359873,0.05543941175412142,0.3058958994672596,52,1292
2003-02-03,0.16428274717871824,0.1796442762726237,0.2825305000942327,0.05488974750074414,0.3056330330438521,52,1292
2003-02-04,0.16448873943607573,0.18046639803766978,0.2828371248611414,0.05390063649434235,0.30714650041658875,52,1292
2003-02-05,0.16573296591293,0.18431726727502296,0.2831826246772701,0.051962634100801215,0.3069815245296721,52,1292
2003-02-06,0.16563275679537143,0.1842645543774145,0.28319695095945924,0.05392267081449908,0.30721936548422263,52,1292
2003-02-07,0.16119540804245622,0.18450502256393703,0.30949995078124115,0.052051033364116636,0.3097929666256703,52,1291
2003-02-10,0.1609775657406537,0.18466858137794942,0.30941199319431384,0.05165562210352759,0.31002908452909006,52,1291
2003-02-11,0.16106603736428435,0.18505495614934686,0.3091749907815761,0.051582377334492814,0.30916069457865536,53,1291
2003-02-12,0.16048247320926876,0.18400534460311177,0.30896263130056717,0.052875618105459626,0.30683179465261956,53,1291
2003-02-13,0.16005313770662397,0.18342766546540826,0.3087846840406123,0.05292335232767519,0.30681561624176146,53,1291
2003-02-14,0.16131116438397292,0.18485404437903735,0.3089804791543543,0.053623376580189834,0.3063906526942711,53,1291
2003-02-17,0.1610837876939036,0.18389888819945333,0.3089916758833952,0.053177583725472585,0.3058684856516686,53,1291
2003-02-18,0.16094417683759094,0.18358716807840467,0.3090078440601678,0.05297746321112598,0.30583315080576945,53,1291
2003-02-19,0.16093231732704183,0.18330199884526627,0.30917399991153804,0.05232397632492965,0.3059253061382282,53,1291
2003-02-20,0.1607853468505803,0.1824413530576129,0.3093099345544024,0.0520188177666886,0.3062618735469257,53,1291
2003-02-21,0.16001258169336743,0.18181183132131734,0.3086674894701999,0.04917225528474126,0.3057834105707409,53,1291
2003-02-24,0.159654407547134,0.18115269861057495,0.3083208742480557,0.04843679867257304,0.30689523957595033,53,1291
2003-02-25,0.15946413504848303,0.18057865783032423,0.308162173407939,0.04817376095469395,0.306782495321804,53,1291
2003-02-26,0.15666661646643704,0.17511354723946784,0.30758092088753325,0.046446957026335764,0.30173809587105427,53,1291
2003-02-27,0.16689098779322697,0.17352615733943144,0.27985141812308767,0.047974166020297936,0.3043104391532765,53,1297
2003-02-28,0.16699528848228778,0.17374481577334594,0.2797732235463391,0.04963574220706514,0.30406224465023823,53,1297
2003-03-05,0.16762678089770935,0.17486372784891518,0.280006106668422,0.04807135239871339,0.3032551822319435,53,1297
2003-03-06,0.16736189102635582,0.1747237045003711,0.2797671757686023,0.049086096055558234,0.3034837352484286,53,1297
2003-03-07,0.16766695643149623,0.17629193333558352,0.28009064801607414,0.050006177397189405,0.3032551822319435,53,1297
2003-03-10,0.16891446333911297,0.1735715670622653,0.27504840582322754,0.04602659902112869,0.3026131770963456,53,1300
2003-03-11,0.17004504563298967,0.17402137878331342,0.27614452404437356,0.0458585828466901,0.30710324944530293,53,1300
2003-03-12,0.17053062817217748,0.1741439273438763,0.2732464938376982,0.04750452439075821,0.3070779037911185,53,1301
2003-03-13,0.16937604268804368,0.17232381858565718,0.27011758540160513,0.0442873588707528,0.3044392245302212,53,1303
2003-03-14,0.17005239275293904,0.1730273970845822,0.2667418558995104,0.04408007081499415,0.30164888350072105,53,1303
2003-03-17,0.17191541853001055,0.17438936276192246,0.26245468775304703,0.05065441265213586,0.2989228661984916,53,1302
2003-03-18,0.17217209955916993,0.17390768832489312,0.26139947371305583,0.050618959360467314,0.30052257461226034,53,1302
2003-03-19,0.17223594775847922,0.17203286184073022,0.2615526231441813,0.05130076665602615,0.30196181522056054,53,1302
2003-03-20,0.17215133425586487,0.17160488452813927,0.26007126225601324,0.05098556885704438,0.2997458525377441,53,1303
2003-03-21,0.17225053243260907,0.17106608632770662,0.26030085742898945,0.05122550212916005,0.3000593602814081,53,1303
2003-03-24,0.17275793497763128,0.17182431105836438,0.2603958528710895,0.05232293057050133,0.30155304191125804,53,1303
2003-03-25,0.17360892550786144,0.17100196892293937,0.25951916161672084,0.05468415894699027,0.3003322152396276,53,1303
2003-03-26,0.1736274625119801,0.17236608351055896,0.2589702807959152,0.05362795849552887,0.29936235122457167,53,1303
2003-03-27,0.17006469647635036,0.16793060307543392,0.2593212256005886,0.05054815867549774,0.2939991306990706,53,1303
2003-03-28,0.17016524594441954,0.16760273921851718,0.25922178240403093,0.05141069856617479,0.2933390698728684,53,1303
2003-03-31,0.16910464673923348,0.16673594181885348,0.25898826463223257,0.050744865874323766,0.2912488627233356,53,1303
2003-04-01,0.1688718844500078,0.16653922444473293,0.2590347638951524,0.0495741073110586,0.29139186336496675,53,1303
2003-04-02,0.16889851067287234,0.16633431721333983,0.2579894507515591,0.0493801734705706,0.2911128986288869,53,1303
2003-04-03,0.16884200971594243,0.16653922444473293,0.2578282078618631,0.04970084937435755,0.2911086071689292,53,1303
2003-04-04,0.16965304464460357,0.16804167011928645,0.25643576760688075,0.05117317152017696,0.29269262202932067,53,1304
2003-04-07,0.16946884896923253,0.16811065079052256,0.25648763966832794,0.05173455138363654,0.2926780831873168,53,1304
2003-04-08,0.16880754740543738,0.167772278042897,0.2560016767652043,0.05101218099633428,0.29167011325019115,53,1304
2003-04-09,0.16834862009072654,0.16716697758938054,0.2539864928992307,0.05055811802950544,0.29094189659689645,53,1304
2003-04-10,0.16684263627517337,0.16805703312177098,0.2538745757855722,0.05102500904803517,0.28734692208647883,53,1305
2003-04-11,0.15720083390255635,0.16749955632926183,0.3021535027418995,0.04402087796004304,0.29018528506613683,53,1340
2003-04-14,0.15711885837051504,0.16661477306697514,0.3018817714897352,0.04532199595832953,0.2908863419740475,53,1340
2003-04-15,0.15690022931212275,0.16475089794444475,0.3020087641937451,0.04427917834129783,0.2905331392676774,53,1340
2003-04-16,0.15607820560285773,0.16398378155028157,0.30198564877600476,0.04552404124931235,0.29089167656055875,53,1340
2003-04-17,0.1557863110108827,0.16410585994790222,0.3015192080997564,0.04376971134650885,0.29079903882071284,53,1340
2003-04-22,0.15590128068284567,0.1648279405637768,0.30199617950779317,0.043787220595111524,0.2921852708291405,53,1340
2003-04-23,0.15600942702671738,0.16721388913954138,0.30212130836746776,0.04395152023131392,0.29253021907758847,53,1340
2003-04-24,0.15587944287515285,0.16586341131172067,0.30196443446686605,0.0427974327642415,0.2929825128266773,53,1340
2003-04-25,0.15612196486684193,0.16632814258168227,0.3016012765349736,0.0423341570492063,0.29255000914347734,53,1340
2003-04-28,0.15586131416296878,0.1663873465109359,0.3014852920461227,0.04289218098304805,0.2930644380411418,53,1340
2003-04-29,0.1550994331432219,0.1638914558011652,0.30147275521917527,0.043035481173479606,0.29328338923289055,53,1340
2003-04-30,0.15425492476224054,0.16436992967929842,0.30178517675128913,0.038570771567064635,0.2924518999469742,53,1340
2003-05-02,0.15337549335769138,0.16295964200822483,0.30137265480363745,0.03797155756045273,0.2906627096256972,53,1340
2003-05-05,0.1536834208682081,0.16262524821845936,0.30137023440279737,0.0377945097686353,0.2917438471077747,53,1340
2003-05-06,0.1540924304356546,0.1627134390062865,0.30202329944276374,0.03775240480437126,0.29190439444001903,53,1341
2003-05-07,0.148090547196653,0.16102650075942393,0.287801614415619,0.03667307561516638,0.28498041232614574,53,1346
2003-05-08,0.14718371476300204,0.16145935980112774,0.28839782114466933,0.03656041869829928,0.2856838830559727,53,1346
2003-05-09,0.15058812992061832,0.16080000269208145,0.2758011113713887,0.03523247824492489,0.28465505336375496,53,1350
2003-05-12,0.14933558670019886,0.16086382721136117,0.2733501073220917,0.03553715264346096,0.2862318097316841,53,1352
2003-05-13,0.1497505130546197,0.15706156350898035,0.27191684418165496,0.03429066032812289,0.28585546131677303,53,1353
2003-05-14,0.15007371000749128,0.15706156350898035,0.2713200152312434,0.03439579867245837,0.28508593738735516,53,1353
2003-05-15,0.14844228689582833,0.15717652667864462,0.2704614856746817,0.03478774667115088,0.28605066031951487,53,1353
2003-05-16,0.1495696631121332,0.1589625598555139,0.27212371978781397,0.03508310951708999,0.288291201859946,53,1353
2003-05-19,0.14969468001897748,0.1574094700405917,0.2706514592303682,0.036310630764672065,0.2873775745224237,53,1353
2003-05-20,0.15289808939265118,0.1593006249699518,0.2698203406602858,0.036689707336332256,0.29125384094002604,53,1354
2003-05-21,0.15223182993680784,0.1604269570669839,0.26997372983726114,0.03539414369616541,0.2917275070992575,53,1354
2003-05-22,0.15268117161950184,0.1606769674884749,0.2698462027440762,0.03691225786923592,0.29195095890053885,53,1354
2003-05-23,0.15163510543755992,0.15897027339708542,0.26942541015774973,0.03489944652814124,0.2909787914573958,53,1354
2003-05-26,0.15150297254298536,0.15928385405933548,0.2694548502027956,0.035696372399156864,0.2911583263061712,53,1354
2003-05-27,0.15190425503223523,0.1584243512075823,0.2697717858335338,0.036547088966970065,0.29067643629475837,53,1354
2003-05-28,0.1628803056252519,0.1600420674291033,0.21563332273868752,0.04352255486790236,0.28914797847096707,53,1320
2003-05-29,0.1631241261624304,0.16000971314518267,0.2156126961370465,0.04374018053751168,0.2897551057366133,53,1320
2003-05-30,0.1628403106288656,0.15923508898950656,0.21602863969132982,0.04315970869723167,0.2891572324528086,53,1320
2003-06-02,0.1629561750518228,0.15914254584854765,0.21606902735346348,0.04278511481520567,0.289008127835955,53,1320
2003-06-03,0.16314139308061532,0.15952515443076276,0.21599341477648057,0.042926046993936304,0.29028003023597654,53,1320
2003-06-04,0.1626987393189178,0.16032279809257372,0.2160609592157068,0.04317468108071741,0.2892538949863508,53,1320
2003-06-05,0.16211132343186127,0.16032115730887914,0.21635908290828348,0.043313646371896296,0.2882326921788454,53,1320
2003-06-06,0.1622488399596727,0.1600917219024116,0.21632405182116235,0.043291465432327446,0.2895384335256473,53,1320
2003-06-09,0.16214149804772074,0.15847968285540712,0.21645028061182442,0.042949855952157424,0.2912015945912453,53,1320
2003-06-10,0.16231752914579411,0.1589328865380582,0.21702763786739362,0.04192475539965682,0.29276521725793636,53,1320
2003-06-11,0.15852732101494468,0.1573220755345276,0.21706482019159437,0.03727831739758024,0.28308462104687365,53,1320
2003-06-12,0.1587166613836785,0.15722355244580882,0.21709228232636382,0.037502452006386244,0.2820353793660511,53,1320
2003-06-13,0.15871514544705345,0.15712219485982018,0.2171390409048183,0.038697545053779515,0.2830698695472431,53,1320
2003-06-16,0.15820552035080224,0.1560143275611795,0.21669616002989128,0.03715332340495132,0.2857794700499775,53,1320
2003-06-17,0.15832211446955766,0.15539861485241452,0.21684433925593918,0.03962466187243439,0.285996800037284,53,1320
2003-06-18,0.15766977718671704,0.15520683386479622,0.21608687938483165,0.03829029926988166,0.2826260183657173,53,1320
2003-06-20,0.15764014749613983,0.1555965680907489,0.21586271409626823,0.036141654819710316,0.28200633840076955,53,1320
2003-06-23,0.15792097201372282,0.15558575989459877,0.21553889127398332,0.03770929178652356,0.2843779002876032,53,1320
2003-06-24,0.15901541514118778,0.1562306101324989,0.2147444290873661,0.04124405729330055,0.2828547890679407,53,1320
2003-06-25,0.15837034838819095,0.15609347624438757,0.21424764421135545,0.04073599025352921,0.2826482745275458,53,1320
2003-06-26,0.15415270362956965,0.15086001362183812,0.21271184628441264,0.03806991547277972,0.2751374037904017,53,1320
2003-06-27,0.14909754631952113,0.14415752572344803,0.21231128148240783,0.03324799023596818,0.26874726136713883,53,1320
2003-06-30,0.14870807513738923,0.14604578506417665,0.21161924517875066,0.03283958043792477,0.26806724740327836,53,1320
2003-07-01,0.14989474078876527,0.14584372939300583,0.21243615905356175,0.032348744058889586,0.27157198338914745,53,1320
2003-07-02,0.14957109924427459,0.1469248103243841,0.2126151142253193,0.033271124782075855,0.27109156611198365,53,1320
2003-07-03,0.14838172896027277,0.14513375917609384,0.2128067927476857,0.0338640342372959,0.2691398653643048,53,1320
2003-07-04,0.14740885640228957,0.1436100919716077,0.21352394822633847,0.031044286958402056,0.2702538728239985,53,1321
2003-07-07,0.14717500978051437,0.141512872041267,0.213624228779573,0.03139496334442815,0.2715867318206641,53,1321
2003-07-08,0.14739612185815998,0.141389663731575,0.2136315414949372,0.030553314618586236,0.2734375736474403,53,1321
2003-07-10,0.14570997483115328,0.1386519887596919,0.2140740113546033,0.025855433354013795,0.27054462983780336,53,1321
2003-07-11,0.14592041038586182,0.1404101281332361,0.21389812962581042,0.027304127079741048,0.27215012388730286,53,1321
2003-07-14,0.1453774790126467,0.13773362128154396,0.21378791879832645,0.027246422973059153,0.27204018696241183,53,1321
2003-07-15,0.14572837784162473,0.13868292304934712,0.21366409645855924,0.027635346347926016,0.27241328318301977,53,1321
2003-07-16,0.14556085659969564,0.1391502439945203,0.21375205969362537,0.027865799956477418,0.2721861804318274,53,1321
2003-07-17,0.14633308398784137,0.1410734918649944,0.21426115312335017,0.027635346347926016,0.27246180094620814,53,1321
2003-07-18,0.14725063219936382,0.14011854582432992,0.21460134354453683,0.027318518413307343,0.2772383456117762,53,1321
2003-07-21,0.14686570252878425,0.1406412063984884,0.2144537560706806,0.027150590713945138,0.27626151069545785,53,1321
2003-07-22,0.1471111453785132,0.14071211638624428,0.21438273019466964,0.027150590713945138,0.2769649629309871,53,1321
2003-07-23,0.14769473150165696,0.14106518161122583,0.2145622879650602,0.02679843398748702,0.2794689840702427,53,1321
2003-07-24,0.1476270930873558,0.1404305636159212,0.21455783932168285,0.027418101514356398,0.2794833373792905,53,1321
2003-07-25,0.14737447936270182,0.13954400844539566,0.21431731196109094,0.027508384745722116,0.2799759612469417,53,1321
2003-07-28,0.1424594864142336,0.13425317073330126,0.2115669603884302,0.02654673504119968,0.26874175590660465,53,1321
2003-07-29,0.14259172225267255,0.13578504254332163,0.21178141552738702,0.026062335201122132,0.267559994040717,53,1321
2003-07-30,0.14296661455063783,0.13622216434500428,0.2117977384382936,0.026067408898034203,0.26857064394178615,53,1321
2003-07-31,0.1430523769302923,0.1370971301061102,0.21194730791701857,0.025945751550508198,0.2684314668356363,53,1321
2003-08-01,0.13741454175234089,0.13211029377877412,0.21119968323401841,0.02461841706899498,0.2603954071861113,53,1321
2003-08-04,0.13876029264128795,0.13254426981393042,0.21236098753639224,0.023737035588872416,0.2644112672036673,53,1321
2003-08-05,0.14053244224631684,0.13415456787436295,0.2131301472857128,0.02205184341412271,0.26709402065229737,53,1321
2003-08-06,0.13848205745122455,0.13280896082120702,0.21309794217118644,0.017369901057224538,0.26291017153069957,53,1321
2003-08-07,0.1390162432256803,0.13207401277144212,0.21363061032816305,0.01805166844208659,0.2612887264350778,53,1321
2003-08-08,0.13623380593030535,0.1263979685344387,0.21376643829338243,0.014555906440470945,0.26384682709479523,53,1321
2003-08-11,0.13545021303100496,0.12744376510075628,0.21382193363181176,0.011502343216836299,0.2640433586732227,53,1321
2003-08-12,0.13610024362380338,0.12846259357193296,0.2137092655335848,0.013732892884905437,0.26478543834008866,53,1321
2003-08-13,0.1365005959367475,0.12915568510808992,0.21388922862824733,0.016266104312213602,0.26358654751585275,53,1321
2003-08-14,0.1311201923336367,0.12406421751501422,0.21195611766356365,0.011636592899067705,0.25410452025477914,53,1321
2003-08-15,0.13038981875537797,0.12428578809228033,0.2112840230349406,0.010752563685120323,0.2545082784767438,53,1321
2003-08-18,0.1282336393483822,0.11925201705047737,0.20950580538562033,0.010941285890268443,0.24838849790711034,53,1321
2003-08-19,0.1287344581919163,0.11774530687957037,0.21029867577861816,0.01210831845482629,0.24740507035849615,53,1322
2003-08-20,0.12670000498217068,0.11422379508325183,0.20999267426286622,0.010736001546531024,0.24652122487324826,53,1322
2003-08-21,0.12812218469648223,0.11548260719157373,0.2106554056888106,0.009621190311685821,0.24983599457961533,53,1322
2003-08-22,0.12368224079190906,0.11229994440833604,0.2139558725423481,0.0013320755286011954,0.2420642460375756,53,1324
2003-08-25,0.12351153026909985,0.11199962585039556,0.21405653663603502,0.0012067287640471352,0.24101431264079887,53,1324
2003-08-26,0.12328455901559747,0.11091945714594006,0.2136418478414942,0.0012375877965012463,0.2404335578997152,53,1324
2003-08-27,0.12833249364576496,0.11226868471983978,0.2046770139077443,0.007961576313382594,0.24367429985246292,53,1324
2003-08-28,0.12771108679438323,0.11205916314182199,0.2046954877182292,0.007813335847644001,0.2442375345555134,53,1324
2003-08-29,0.12736105754510813,0.11268135815044313,0.20469175018292327,0.007255820784235025,0.24321578520120324,53,1324
2003-09-01,0.12586205713824355,0.10911025601103841,0.20419977905962258,0.006379296755010974,0.2379446493492718,53,1324
2003-09-02,0.1275558566731828,0.10966598128257263,0.20355614509076805,0.010684105910008467,0.24409728557535096,53,1324
2003-09-03,0.12777972912437657,0.10982448671972775,0.2038494014481422,0.01089211564475129,0.2443631618385395,53,1324
2003-09-04,0.1278361822551581,0.10991478174092906,0.20368369162508232,0.009874733131156329,0.24555602912960045,53,1324
2003-09-05,0.12781762086882392,0.11082321864233871,0.2038527014171986,0.009818489547345523,0.24476371721264872,53,1324
2003-09-08,0.12775951428767518,0.11335353733240446,0.20429256433052473,0.00908187968581264,0.24434875278632492,53,1324
2003-09-09,0.1266474821015619,0.11016822121905238,0.20424400754967975,0.008412221655369336,0.24382138360191624,53,1324
2003-09-10,0.1273869455139365,0.11129021944171621,0.20434004635893457,0.009037010910424187,0.24351962782414885,53,1324
2003-09-11,0.1270887421287211,0.11036880329223132,0.20385108162801321,0.00795436873126319,0.24260631306520342,53,1324
2003-09-12,0.12669332188051244,0.10844153243020488,0.20350361676800227,0.008370384277897524,0.24216577136030862,53,1324
2003-09-15,0.12727824631586407,0.10805949726919035,0.2030423944439124,0.008108561744514067,0.243577454591862,53,1324
2003-09-16,0.12780803556521322,0.10988363038197844,0.20217625984473722,0.009986184800346298,0.24392118407856217,53,1324
2003-09-17,0.1277468820902446,0.10927593797552199,0.20179776190289897,0.010248851866076172,0.24463043935893714,53,1324
2003-09-18,0.12816695934206823,0.10983993708475703,0.2020771022997848,0.00870760656723379,0.24592779590867023,53,1324
2003-09-19,0.1280588727391786,0.1105370844618419,0.20193516164434636,0.007936818565799189,0.24450565748304803,53,1324
2003-09-22,0.12677022887261685,0.11048134820106612,0.20090035277252852,0.007585037702593157,0.24264450251942743,53,1324
2003-09-23,0.1285056973117111,0.11156047546034785,0.20129026843318287,0.011103246801214712,0.24630181493953798,53,1324
2003-09-24,0.1283260058398823,0.11135938493142764,0.2012903957241971,0.010612221419806035,0.2440018557030345,53,1324
2003-09-25,0.1300426789048402,0.10988898693926208,0.20115461249612798,0.011393693743962988,0.24774141312758913,53,1324
2003-09-26,0.13214028856539145,0.11054415737340088,0.20128284193410068,0.015102859721283996,0.2508336178597265,53,1324
2003-09-29,0.129041684980503,0.10881323105165883,0.19968820150612887,0.012040867797464057,0.24695791327604066,53,1324
2003-09-30,0.12916914019951678,0.1084178021288798,0.19964846593308855,0.01255911489362526,0.24835477007081724,53,1324
2003-10-01,0.1295093248226096,0.11002084114738636,0.1998864349213963,0.012343707079860981,0.24735255770119094,53,1324
2003-10-02,0.13023509918719625,0.11184768034503567,0.20027177632700566,0.014213990963529382,0.24714477880477026,53,1324
2003-10-03,0.12782098686925633,0.11076490384127155,0.19764456503980993,0.012463980595536673,0.24252420372615097,53,1324
2003-10-06,0.12867125788321512,0.11314709619106254,0.1979021384123828,0.013002093067178953,0.24402584404929537,53,1324
2003-10-07,0.12826556343773948,0.11961841866697498,0.19656449783942964,0.012879215739093411,0.2424963688233878,53,1324
2003-10-08,0.1283954216518023,0.11975839927287252,0.19622573342845956,0.012400958956929756,0.2438827788424616,53,1324
2003-10-09,0.12762939368318324,0.11944918647291597,0.19415190094151824,0.011987496754437261,0.24252224162543276,53,1324
2003-10-10,0.12758845915638412,0.11869102160497005,0.19382749408952746,0.012194234350039752,0.24005243942760252,53,1324
2003-10-13,0.1264892336875152,0.12093233883466856,0.1926215558228175,0.012292877890416054,0.2392845512416958,53,1324
2003-10-14,0.12678784252367872,0.12083201107171801,0.19320624220032612,0.011570968414040952,0.24098642685420563,53,1324
2003-10-15,0.12586993224384427,0.1201693722354358,0.19287909461643563,0.011667841358989057,0.2402529448035824,53,1324
2003-10-16,0.12629688692946714,0.12031999031380476,0.19308999344895092,0.012067333860196651,0.24001595784462001,53,1324
2003-10-17,0.1262328244346052,0.11801392122943033,0.19329268507424044,0.01078741967976823,0.23966316046234043,53,1324
2003-10-20,0.12446616597685341,0.11853685858153214,0.19121309338441897,0.010285118555884463,0.23467886575485397,53,1324
2003-10-21,0.12464398236621257,0.12019743952718406,0.19198742846192296,0.0090873282868026,0.2344538653433651,53,1324
2003-10-22,0.12355286207841765,0.11866505146412767,0.19072819718222792,0.009856857331482269,0.23240301689944387,53,1324
2003-10-23,0.12055567861678618,0.11649553950183722,0.1846921852031867,0.008745258281652953,0.22289650082397922,53,1324
2003-10-24,0.12232258573797461,0.11773014341159199,0.18531608396861107,0.010514249122426322,0.22668441855520557,53,1324
2003-10-27,0.12226654309839954,0.11800252926145713,0.185241045223754,0.01152119004856856,0.22706681034419174,53,1324
2003-10-28,0.12187281681763401,0.11880141371618175,0.18519231410464718,0.011607095592134752,0.22699092224883394,53,1324
2003-10-29,0.11893922596686055,0.1170960203045048,0.1848853496709589,0.008516099443978376,0.2208995685931221,53,1324
2003-10-30,0.11936285441771051,0.11642157007932433,0.18569267818847426,0.007471257836834745,0.22339647368499405,53,1324
2003-10-31,0.11930089588229782,0.1158869719556829,0.1853519960005398,0.006748337219506283,0.2242787500700123,53,1324
2003-11-03,0.11922406460469023,0.11558819919124125,0.18227718255085162,0.007468490349404277,0.21902728556771506,52,1324
2003-11-04,0.11987577001040675,0.11687424280683026,0.18321838086497583,0.0068372466362979535,0.21863310687348053,52,1324
2003-11-05,0.11566032513995748,0.10947604356224133,0.1815213799766478,0.0013453248840602366,0.21527384398688096,52,1324
2003-11-06,0.1157383719777183,0.11012077134242106,0.18159999860292692,0.0027874852484554994,0.2168763133652646,52,1324
2003-11-07,0.11609938706147557,0.11025973640694671,0.18152496494573675,0.0037535664441250647,0.21842852291646275,52,1324
2003-11-10,0.11743760424174829,0.11301962127491635,0.18202884502549765,0.0039973311693462295,0.22157516254577725,52,1324
2003-11-11,0.11835251903755499,0.11273119083589639,0.1822363786304727,0.004637395375764022,0.22292962156781426,52,1324
2003-11-12,0.11754209518637254,0.11299465720333166,0.18106227233337127,0.006001539290998633,0.21917473149588823,52,1324
2003-11-13,0.11731113791128463,0.11175219775747741,0.18189391842691277,0.00419612115092061,0.21719989721389835,52,1324
2003-11-14,0.1176895409543066,0.11037751559483189,0.18168504804802446,0.0053399607137687545,0.21847559647811327,52,1324
2003-11-17,0.11812126701284803,0.11094919029912918,0.1810156465085263,0.0046967506086394595,0.21867868081722933,52,1324
2003-11-18,0.11766170967794919,0.11038000577757973,0.1810354749903569,0.005101756438671116,0.21971672400260417,52,1324
2003-11-19,0.11799972555868311,0.10949687680343313,0.18034423438738995,0.005979779512288272,0.22091152719642249,52,1325
2003-11-20,0.11890187432574933,0.1099117450632444,0.1796248194775118,0.007729610249511933,0.21781785308625326,52,1325
2003-11-21,0.11905036093023999,0.11007224443506503,0.17975113306461019,0.007231506108851709,0.21704136458372597,52,1325
2003-11-24,0.1193206608224533,0.11152355422641808,0.1799572387727787,0.007620580058181303,0.21686671326013016,52,1325
2003-11-25,0.11994359251102651,0.11215701274820225,0.18040526587446526,0.009190660037791351,0.22332717988535067,52,1325
2003-11-26,0.12008233830394072,0.11524234454528894,0.18060394829562076,0.008053492197822594,0.22236211888924692,52,1325
2003-11-27,0.11970281947069882,0.11531977337213378,0.18006647839892204,0.0058283677766623266,0.22132272380958126,52,1325
2003-11-28,0.11909472691465187,0.11242792014989707,0.1802239350971068,0.004596993674486054,0.2209569385861547,52,1325
2003-12-01,0.11870713731808473,0.11119302127059685,0.17960489041212585,0.004019652946121758,0.2200390459004251,52,1326
2003-12-02,0.11938870723885973,0.11216383732103176,0.17928250915157917,0.005096143854001679,0.220702032778353,52,1326
2003-12-03,0.1192577127026398,0.1124942619830314,0.1791309095384583,0.005675033825015894,0.22072943592926034,52,1326
2003-12-04,0.1184713667979242,0.10980040811652558,0.17505476816409687,0.006220427365371125,0.21884275952114307,52,1326
2003-12-05,0.11909580029336093,0.10993309502774352,0.1744781793216562,0.004100360087856894,0.2189450032933286,52,1326
2003-12-08,0.11911162007813722,0.11003342080277821,0.17333030906311025,0.003972434247462934,0.21782375979688473,52,1326
2003-12-09,0.11913888306367511,0.11056094583220735,0.17275562517250367,0.004119392672951294,0.21684507478079493,52,1326
2003-12-10,0.11871888667320774,0.11125478178035758,0.17139527126957155,0.0035718260459678903,0.21427791791259929,52,1326
2003-12-11,0.1191577024025261,0.10970022787322001,0.17020937576375864,0.00519056045383651,0.2129597267011151,52,1326
2003-12-12,0.11502357384417632,0.10896814074934522,0.17259414760048716,8.457574266558331e-05,0.21004866201113728,52,1326
2003-12-15,0.11534088368327766,0.10857196136474079,0.17215591089729493,0.0010372040945509798,0.21078674872269476,52,1326
2003-12-16,0.11376206214456074,0.10667295863699078,0.17171727282032476,-0.00019823054942750653,0.21013975231878906,52,1326
2003-12-17,0.11371672475044022,0.10741969068214818,0.17192764638468505,-0.0008356000525005933,0.209749215541581,52,1326
2003-12-18,0.1158576549411393,0.10902096386621178,0.1727487931834318,0.0006156970575688038,0.21220140419507325,52,1326
2003-12-19,0.11534881634743692,0.10755106162989478,0.17302952984550118,0.00020344471063019716,0.2121337117546469,52,1326
2003-12-22,0.11536655978058284,0.10759955907567224,0.17300075430874856,0.0018760371662864153,0.21281625517528996,52,1326
2003-12-23,0.11561045678858789,0.10640750899724875,0.173216168699294,0.000593751016647939,0.21348395695231068,52,1326
2003-12-26,0.11421084303227154,0.10488370670427918,0.17182167668784398,0.003544547861963319,0.20890240501188556,52,1326
2003-12-29,0.11445524632793985,0.105901662353937,0.17097856427450475,0.0045113046097404845,0.21023355895810175,52,1326
2003-12-30,0.11437192406378853,0.10590022149511893,0.17034783632346584,0.0049067089275152305,0.20792370986207653,52,1326
2004-01-02,0.11350429002451541,0.1064031041509185,0.16811962124841393,0.0049579864462202215,0.20728852757000138,52,1326
2004-01-05,0.11436560443876677,0.10642330780945511,0.1661483057549596,0.004743412375083493,0.20942559036929323,52,1326
2004-01-06,0.12147213830295842,0.11490104931372866,0.16559840725437078,0.009633643990389781,0.21452881991120587,52,1326
2004-01-07,0.12110785024765068,0.11602516841665267,0.16471733629858948,0.011256748659014486,0.21456900592429612,52,1326
2004-01-08,0.12153259236776276,0.11507540572730232,0.16417967229751554,0.011324982237813324,0.21380366785984872,52,1326
2004-01-09,0.1196675259819558,0.11315506407795346,0.1628675521596595,0.01315167280749799,0.21026359673371284,52,1326
2004-01-12,0.11876501660163209,0.11271587258605231,0.16294403865511897,0.011815701051483198,0.20855063326636405,52,1326
2004-01-13,0.11859101236583848,0.1112450249835653,0.16288090888246035,0.01222940519509743,0.2075630176056933,52,1326
2004-01-14,0.11845317286304755,0.11187098690954428,0.16324486424510842,0.012516263161818258,0.20861156739758885,52,1326
2004-01-15,0.12390415405844402,0.11599412450582881,0.16052008183355737,0.016544397265415914,0.2107164493990209,52,1326
2004-01-16,0.12403010352761072,0.11451612088644872,0.16004280381406336,0.01714936819472043,0.21023412091382362,52,1326
2004-01-19,0.12405227261492945,0.1143592385087703,0.15935120162910674,0.01714936819472043,0.2096610198561324,52,1326
2004-01-20,0.12348805261871539,0.11427227257558159,0.15857367978182618,0.017423818232888924,0.20836711776696676,52,1326
2004-01-21,0.12286130160056631,0.11439663694966526,0.1581609758339515,0.01717457393996712,0.20812521656278027,52,1326
2004-01-22,0.1234787223646815,0.11628079300221042,0.15810520893411484,0.01826065677856199,0.20927902180338273,52,1326
2004-01-23,0.12433627465430958,0.1175306172988961,0.1582944104002963,0.02071164128830713,0.211224014490376,52,1326
2004-01-26,0.12533282881810764,0.11865144080000528,0.15800566567327937,0.021807499451632715,0.21225127896927987,52,1326
2004-01-27,0.12388223533866091,0.1162808655627238,0.15854385545845556,0.019930552955463667,0.21123088183473923,52,1326
2004-01-28,0.12417174524962234,0.11577094695346121,0.1584074051661223,0.018674150452913738,0.21108872287662533,52,1326
2004-01-29,0.1229255157961769,0.1142744158745588,0.15710372607523873,0.01884397156565008,0.21192527114276086,52,1326
2004-01-30,0.1323884674740676,0.12498830779397606,0.16121047412325565,0.023357937622552095,0.22351318681274154,52,1326
2004-02-02,0.13701490941805466,0.1296086133894111,0.1598169313291092,0.02820392931404992,0.22563611325824645,52,1326
2004-02-03,0.13563892919355386,0.1285236074644251,0.15978691345982293,0.02757874371592182,0.2255496516459824,52,1326
2004-02-04,0.13581322612745056,0.12944846390579423,0.15920642373095772,0.029161721179497488,0.22558901163334688,52,1326
2004-02-05,0.13650642491883333,0.12985512619828274,0.15968892775333648,0.029454576206693672,0.2239069922622464,52,1326
2004-02-06,0.13781025349478812,0.13133807394989966,0.16025095201389028,0.03012349674784855,0.22532450738108534,52,1326
2004-02-09,0.13912197375734583,0.13208626469464138,0.1591296537678341,0.032401321069312095,0.22585458629681698,52,1326
2004-02-10,0.13911837749733605,0.13131550778639023,0.15894977141830044,0.032355514922976746,0.2249718839363815,52,1326
2004-02-11,0.13927081510026587,0.1309447144507092,0.15911943352824898,0.032336163907755594,0.2266152820675,52,1326
2004-02-12,0.1416916063726157,0.1339492777198619,0.16162199961087342,0.031190205633447786,0.23145159361055162,52,1326
2004-02-13,0.1416582964690521,0.1348651972361935,0.161676469614132,0.030597186878299473,0.23146189723888408,52,1326
2004-02-16,0.14237121821974555,0.13416702672867348,0.16240262389647123,0.03083042112796211,0.23330726594447682,52,1326
2004-02-17,0.14388299229131596,0.13690953711010395,0.16248441573890432,0.03233522010843147,0.2349274364513086,52,1326
2004-02-18,0.14123706654321874,0.13329050695338476,0.16114856484697915,0.031498335485185644,0.22979502112228511,52,1326
2004-02-19,0.14196451805580085,0.13353229060311345,0.1608974482428497,0.03240809631706937,0.23397677358536745,52,1326
2004-02-20,0.14848633376406417,0.1402320071815485,0.16344119419168102,0.03553170827421837,0.24054594240892785,52,1326
2004-02-25,0.1480248228045813,0.1398029260087607,0.1628877045277997,0.03698547271487951,0.23982861888633927,52,1326
2004-02-26,0.14847311676433084,0.1411198463113108,0.1623207282267871,0.03834970608474507,0.240506900939981,52,1326
2004-02-27,0.14873681351956156,0.14214471926431593,0.16264632547669516,0.0381493211674015,0.24044516711305777,52,1326
2004-03-01,0.14933842776026396,0.14308768681951567,0.1629130916253805,0.037728954250812484,0.24007566120815907,52,1326
2004-03-02,0.15085647817440967,0.14330974968017288,0.16408431844305832,0.04049940778431122,0.24558192969899179,52,1326
2004-03-03,0.15140320699491477,0.14508791987894454,0.16396760088209067,0.03918753044642091,0.2463779930842774,52,1326
2004-03-04,0.15192900686927882,0.1466333176845698,0.16335680078342493,0.039590569408246186,0.248466181198166,52,1326
2004-03-05,0.15193059204693735,0.14588303335617434,0.16321526507635076,0.04007391229779637,0.24629360520374344,52,1326
2004-03-08,0.15231829699459962,0.1465275659534327,0.16343124507517565,0.04223727152123859,0.2469047347459497,52,1326
2004-03-09,0.1525512698534228,0.1470763219402525,0.16358272885985012,0.041038633629402826,0.24730477477747873,52,1326
2004-03-10,0.15258437907860933,0.14601997086751073,0.1634195378761813,0.04212401447211341,0.24938177304248382,52,1326
2004-03-11,0.15897032627531624,0.1508833867632117,0.164099584704301,0.048215423156976675,0.2529482793847812,52,1326
2004-03-12,0.16176342880586758,0.15521234454254415,0.16187214713464435,0.051549782963045944,0.2521077039907264,52,1326
2004-03-15,0.1647773884440691,0.15721015231309088,0.16389496005763327,0.0522220266916635,0.2575515422245028,52,1326
2004-03-16,0.16564480195851866,0.15869953561997427,0.16386052848027555,0.05425520624468705,0.26091269509044257,52,1326
2004-03-17,0.16617787310196788,0.1581011150413868,0.16431703275164272,0.05436368812476314,0.26055384843628726,52,1326
2004-03-18,0.1661717028254579,0.1576279524900817,0.1642733370639519,0.054262772708854226,0.26018764913207926,52,1326
2004-03-19,0.16591888935226426,0.15848782268776204,0.1646211658847822,0.05303903712025085,0.25967102656036045,52,1326
2004-03-22,0.1658731451519179,0.15741549881470634,0.16454043951895939,0.05076817469497372,0.260654869608187,52,1326
2004-03-23,0.16672729958720706,0.15896505253276283,0.1644560533502277,0.05209973949941262,0.2629716492728258,52,1326
2004-03-24,0.16790787252952366,0.15928730294098087,0.164634382157546,0.05443917780044058,0.26424406921315063,52,1326
2004-03-25,0.16796858398443593,0.16025514298786112,0.164533010798153,0.05428293998852496,0.26323637703871444,52,1326
2004-03-26,0.16666336519573102,0.15979762867887126,0.16464427618238667,0.05260723930064696,0.26243279644371786,52,1326
2004-03-29,0.1669187852381391,0.15978171654161397,0.1655248716834005,0.05147583462160728,0.26244020351937963,52,1326
2004-03-30,0.1673606417879729,0.1610421945271462,0.16530516113435512,0.052019316428990964,0.26260383492550066,52,1326
2004-03-31,0.1675913761313054,0.16035715368632403,0.1654854891808301,0.04974409329809256,0.2643943805925224,52,1326
2004-04-01,0.16751208781530758,0.16013184313352707,0.16494194816923385,0.05124950644690105,0.2635366887667132,52,1326
2004-04-02,0.1680606628981838,0.16220974678819905,0.1645329418779236,0.053659326273367634,0.26590454766044547,52,1326
2004-04-05,0.16838725519445638,0.15950895834815196,0.1643141931032669,0.055956730150760324,0.2658500155499473,52,1326
2004-04-06,0.16866895831370787,0.1607434309238338,0.1642134791324753,0.05566467757980823,0.2669733252830506,52,1326
2004-04-07,0.16874433385326185,0.16143632363721366,0.16456885127738194,0.05541439435329677,0.2678872458198188,52,1326
2004-04-08,0.1694948602779463,0.16171811136888764,0.1655927951439476,0.054146178149126,0.2693037425820237,52,1326
2004-04-12,0.16902556063909221,0.15990955961114486,0.1657695296367301,0.05519520362346375,0.2668480253375662,52,1326
2004-04-13,0.16874421141704016,0.15914741507038482,0.16520463072739794,0.054726762672586846,0.26758916370155933,52,1326
2004-04-14,0.1690760396282587,0.15895318051867446,0.16560717122185548,0.054172345106842906,0.2704194464472439,52,1326
2004-04-15,0.16957825005638727,0.16014567155090487,0.16558404052687978,0.0557846973795863,0.26996205685297625,52,1326
2004-04-16,0.17046058216015933,0.16093207358847486,0.16688394999135003,0.05423616102037888,0.2719477939505829,52,1326
2004-04-19,0.17042812255785306,0.1610399998819455,0.16674944112058335,0.05461135882354461,0.2706158492536152,52,1326
2004-04-20,0.17249663633286258,0.16257622049189674,0.16572906604816914,0.05630255672533139,0.2715860673235387,52,1326
2004-04-22,0.17374920362253132,0.164578173599308,0.1671024711409922,0.05584780775720941,0.2726961615659915,52,1326
2004-04-23,0.17366046323992718,0.16476332782956216,0.16630934559740282,0.055958277470427156,0.2724707057144766,52,1326
2004-04-26,0.17435611565598733,0.16456570177430058,0.1653364423329813,0.057700282246227336,0.272173390061139,52,1326
2004-04-27,0.17391389323991327,0.16266489098298303,0.16582181524349054,0.05752080621904693,0.27216574172599683,52,1326
2004-04-28,0.1730962197999909,0.16251055403942521,0.16510840664030094,0.056920608993133975,0.27119570020678446,52,1326
2004-04-29,0.17573920022657025,0.16300824489123117,0.16746360214242095,0.05647078918689825,0.27539465498067867,52,1326
2004-04-30,0.18068333914337795,0.17001901884519321,0.16974787261991833,0.06092857397205997,0.2846612969425043,52,1326
2004-05-03,0.18113910339524564,0.16981422788345416,0.1702275473243997,0.06094568682249302,0.2835124932251578,52,1326
2004-05-04,0.1817562000992039,0.1688914248337192,0.1704400513766279,0.05988561460425381,0.2849242257988856,52,1326
2004-05-05,0.18140396191640476,0.16775162488206957,0.1704097120721983,0.05986467547154009,0.28519689196760967,52,1326
2004-05-06,0.18130224492599054,0.1673565171296838,0.17036810562212143,0.059432515642321514,0.2842261072935434,52,1326
2004-05-07,0.1840949811950545,0.17245814765631148,0.17199372405913108,0.059147132800554156,0.2874497812417798,52,1326
2004-05-10,0.1889409742719354,0.17827501716249963,0.17019801793686695,0.06389649076970029,0.2915104099124538,52,1326
2004-05-11,0.20096041112843566,0.19358249143534595,0.1715906250367564,0.07635590904986311,0.304336496366869,52,1326
2004-05-12,0.20352960695138955,0.1951456974081329,0.1751809767196567,0.07556953632451435,0.31018893163599937,52,1326
2004-05-13,0.20418383167616888,0.19642852446726738,0.17526311161531655,0.0766521538337841,0.3109515046188841,52,1326
2004-05-14,0.20466577431545135,0.19708313976257535,0.17508917465889745,0.07454113839353985,0.3123483735701618,52,1326
2004-05-17,0.2043425005834465,0.19645684919447284,0.17439294596936267,0.07554872996415252,0.3134911190593773,52,1326
2004-05-18,0.20596325977430932,0.20094776215830235,0.17383802809987142,0.07636469244114912,0.31441371428931003,52,1326
2004-05-19,0.20588847103119598,0.20021760025373436,0.17359947476087728,0.07725186729517991,0.3152960258751771,52,1326
2004-05-20,0.20225687680237672,0.19817943836250485,0.17375334687538632,0.0746499142703052,0.31313331149840207,52,1326
2004-05-21,0.2045290000928465,0.20161158609594876,0.17313485214344382,0.07716315296918118,0.31527364806114877,52,1326
2004-05-24,0.2036181048999252,0.20127835562515098,0.17279883257560358,0.07596307695163437,0.3135378498681302,52,1326
2004-05-25,0.2037868126966755,0.2012872540504433,0.17291606864603426,0.07555354023586024,0.31313873821705906,52,1326
2004-05-26,0.20381386978008487,0.2012914562887089,0.17280940340581738,0.07549568061086558,0.31357435232024655,52,1326
2004-05-27,0.20398640293735276,0.2022599072773506,0.17168336041872104,0.0761232303487905,0.31274698170518284,52,1326
2004-05-28,0.20598042731742244,0.20406767848439136,0.17213659810512338,0.07833090934495165,0.3137482673234591,52,1326
2004-05-31,0.20545649999560744,0.20316843793147546,0.17224062182571556,0.07879978853646016,0.3134024318041311,52,1326
2004-06-01,0.20588884731760784,0.20305780012937757,0.17190123786141354,0.07748708144787231,0.31461424350890516,52,1326
2004-06-02,0.20536969859502735,0.2027222753460708,0.17180548657222475,0.07741537096625886,0.3140479035244109,52,1326
2004-06-03,0.2053668879806626,0.2034390242978052,0.1720783396974296,0.07678739253378394,0.3147243490652451,52,1326
2004-06-04,0.20598576185313372,0.20415765241336817,0.17188114337756832,0.07693189612066975,0.31511192623020884,52,1326
2004-06-07,0.2073449401463089,0.20223059574647567,0.1716041367489919,0.08016024339845747,0.3159114856192635,52,1326
2004-06-08,0.2086395970589928,0.20433720561700977,0.17268162108032054,0.07974038007915413,0.318734198821253,52,1326
2004-06-09,0.2087357868167041,0.20325384643783329,0.1724866624679296,0.07990553248284413,0.31917006057677205,52,1326
2004-06-11,0.20969139049810218,0.20252116170761647,0.17237915963867156,0.08141727464294446,0.32105382125419013,52,1326
2004-06-14,0.20971167527816525,0.2041023977459659,0.17284438277936312,0.07984464436692436,0.3207171247074584,52,1326
2004-06-15,0.2100553018174508,0.20281981756140377,0.17282874193129305,0.08069684048973627,0.3204444284714525,52,1326
2004-06-16,0.2100408451043626,0.2031272557499958,0.17365438790645107,0.08298881103196751,0.32104175668716195,52,1326
2004-06-17,0.2099725192181618,0.20312169610796377,0.17397923127098733,0.08092790713072222,0.3207717809232905,52,1326
2004-06-18,0.20955202852117571,0.20230716794386283,0.1738809979148996,0.0808742341243934,0.3216777611237468,52,1326
2004-06-21,0.20962510183923977,0.2018864839047287,0.17349252619216873,0.08137018529703813,0.31979669575645703,52,1326
2004-06-22,0.20852442128224385,0.20124419986137632,0.1731592511530134,0.08163906818675828,0.31924655383324196,52,1326
2004-06-23,0.20726308691952222,0.201256455306764,0.17320784126563118,0.08128234139860444,0.3186813540169419,52,1326
2004-06-24,0.20736166507147138,0.2013439483199056,0.17370966349285194,0.08064462053277588,0.32081116331565945,52,1326
2004-06-25,0.2072296633979686,0.19873045768340342,0.17390640999774368,0.08057736707131835,0.32137412969580725,52,1326
2004-06-28,0.2074430168246264,0.1993199164410236,0.1733497848369155,0.08057736707131835,0.3208384400757189,52,1326
2004-06-29,0.20742121256000884,0.1992423694187015,0.17382516650121002,0.08057736707131835,0.32187606866707874,52,1326
2004-06-30,0.20825157113202408,0.200019110208873,0.17420304359715608,0.08027824217203064,0.3236862707837683,52,1326
2004-07-01,0.20834248824058665,0.20104606340740744,0.174754353415508,0.07958588496755076,0.3246268847454784,52,1326
2004-07-02,0.20901287295449153,0.2014458737884841,0.17459953852979976,0.08004408422966983,0.32472427362759726,52,1326
2004-07-05,0.2085732701318292,0.19900866272013298,0.17479501507479075,0.07971755687689666,0.32485736498713386,52,1326
2004-07-06,0.20896622236585738,0.19923395970185456,0.174495844920445,0.08022180788251909,0.3249783919866392,52,1326
2004-07-07,0.2098922719970439,0.20147947956327095,0.1749793403227266,0.08125894085120114,0.32640094447762896,52,1326
2004-07-08,0.20985061061380134,0.20028181058153466,0.17527584162278834,0.08070535755357915,0.32660821334551104,52,1326
2004-07-12,0.21011778697553782,0.20127540976858294,0.1749711661933472,0.08170689635827186,0.32545937304344713,52,1326
2004-07-13,0.21260919157427394,0.20375796672413196,0.17471119905059632,0.08256848488737746,0.327295497815487,52,1326
2004-07-14,0.21284482830311494,0.20351342474305334,0.1744655792069239,0.083324841805206,0.32843600902182696,52,1326
2004-07-15,0.21234801507883827,0.20357501065052075,0.17439799396374409,0.08335496067826365,0.3276116993009925,52,1326
2004-07-16,0.21281145869303816,0.20503890163781102,0.17418106472184408,0.08384550055713628,0.32669465856307256,52,1326
2004-07-19,0.21311753252080873,0.20474376905422573,0.17415339831089593,0.08407465148444006,0.3276068202169976,52,1326
2004-07-20,0.21304417503202985,0.20354325684469188,0.17462741210427368,0.0833336514945791,0.3282730772183467,52,1326
2004-07-21,0.21326516561136527,0.20475771412956473,0.1744631313332448,0.08529159956737956,0.32824069572648673,52,1326
2004-07-22,0.21379500716077013,0.20701586999072868,0.17502216769455872,0.08448815702939251,0.32825849353871517,52,1326
2004-07-23,0.21341074840398466,0.20567309321101118,0.1747526092801226,0.08537890836420181,0.32871586172235523,52,1326
2004-07-26,0.2134072309583357,0.2045256312354643,0.1744338537620092,0.0846207199207865,0.3291516358802176,52,1326
2004-07-27,0.2137708418120457,0.2037055152920172,0.17456843414729326,0.08455736014803891,0.32818627415594337,52,1326
2004-07-28,0.21469835920030447,0.20377988918199982,0.17460803124170848,0.08570784537190847,0.3297017497888203,52,1326
2004-07-29,0.21611585971769545,0.20538594001464708,0.17363857834572433,0.0861038258949014,0.3301929434766737,52,1326
2004-07-30,0.21623767694457463,0.20565854039963263,0.17343895498361198,0.08755618157224797,0.3301993317706735,52,1326
2004-08-02,0.2162956140030549,0.20596598947359948,0.17328831241655887,0.08758955485199486,0.33087681869520125,52,1326
2004-08-03,0.21670068737682907,0.20830883346371654,0.17350239211024934,0.08832605479177216,0.33140106431154454,52,1326
2004-08-04,0.21560899386506982,0.20706090079203524,0.17262071934151915,0.0888306144806983,0.3292190891119712,52,1326
2004-08-05,0.2154905472274156,0.20759613625825812,0.1727410794583646,0.08916945551757101,0.32863003269415597,52,1326
2004-08-06,0.21926957161873567,0.21097773808276682,0.17396531173195168,0.09282434721782243,0.3335414199890772,52,1326
2004-08-09,0.21965624246286852,0.2107221651163562,0.1737228955791793,0.09470307426222607,0.3341539809143379,52,1326
2004-08-10,0.21976274862748152,0.21107824385674134,0.17304155295878404,0.09499588575903237,0.33476805417040545,52,1326
2004-08-11,0.2202638282190952,0.21311413835783877,0.17352332426078917,0.09385326357451357,0.3334834511205426,52,1326
2004-08-12,0.21989303542789715,0.21089180924448803,0.17328293221195792,0.09259245118423252,0.33316175470142917,52,1326
2004-08-13,0.22002062492556368,0.2115092432468026,0.1733179241278085,0.09290532775389403,0.3335418061431713,52,1326
2004-08-16,0.22030207098387802,0.21121499890544987,0.1733534921685232,0.09410312398387302,0.33212473099188233,52,1326
2004-08-17,0.22040229231924352,0.2121950550888864,0.17368396138847828,0.09112695087468091,0.3326544969369233,52,1326
2004-08-18,0.22013624343841304,0.21251904138370564,0.17417202443689786,0.09263864350887156,0.33337786165114347,52,1326
2004-08-19,0.220745832041767,0.2135799865964601,0.17475555861674205,0.09403322082037492,0.33515974323387804,52,1326
2004-08-20,0.22126014375685027,0.21380057696921773,0.17466158349345762,0.09485839889168723,0.33510796939484144,52,1326
2004-08-23,0.22045812578543075,0.2137066002673071,0.17442785983843018,0.09422013740282702,0.33390354527246235,52,1326
2004-08-24,0.22077128888265016,0.21312450841194797,0.1747812340720072,0.09273165253409037,0.3348560192527601,52,1326
2004-08-25,0.2212393849852732,0.2127952333137863,0.17494066731086164,0.09309823118208063,0.33473374942275536,52,1326
2004-08-26,0.22202635807281926,0.2132713552173179,0.1748849954248927,0.09529340290218702,0.33587544300736705,52,1326
2004-08-27,0.22130933136804348,0.21338823078559666,0.17583961233562162,0.09214059853623766,0.33546047194416834,52,1326
2004-08-30,0.22170764545850546,0.21234521099968384,0.17626256797894235,0.09102573770742432,0.33749999845926193,52,1326
2004-08-31,0.22231333116318253,0.2147750424820819,0.17652612492402384,0.09020374480079582,0.33647993463652676,52,1326
2004-09-01,0.22220528402569953,0.2149589825222079,0.17672883624647975,0.09135486137231631,0.33626753171819274,52,1326
2004-09-02,0.2216451538254638,0.21488375327404693,0.17745456682469612,0.08994804773751505,0.3353147775903288,52,1326
2004-09-03,0.22230618968675175,0.2145676235704096,0.17730614394089125,0.09015663735378118,0.33462738080981996,52,1326
2004-09-06,0.22204207698722045,0.21255022443723492,0.1777498815272759,0.08888994565250141,0.3368050761349461,52,1326
2004-09-08,0.22261090489982355,0.21583220679434417,0.17791094860198184,0.09080151378371876,0.3374651517314353,52,1326
2004-09-09,0.22252226188351282,0.2135746600599553,0.17753216489965615,0.09118431484817284,0.33634674225268607,52,1326
2004-09-10,0.22393120334330058,0.2145854679753818,0.17741405190219653,0.09244772515865107,0.33788437989639786,52,1326
2004-09-13,0.22420942209192407,0.2148226104453695,0.17690108771611532,0.09241055018892644,0.3369726969766788,52,1326
2004-09-14,0.22433489728065428,0.21460481746101617,0.17682885193350226,0.09098896503895179,0.3357244317295891,52,1326
2004-09-15,0.22632301652568726,0.2162547037959208,0.1765851761253513,0.09354894864365959,0.3404073756512884,52,1326
2004-09-16,0.22657010951177634,0.21616993396027967,0.1771517533530096,0.09340339306384998,0.34171993522727506,52,1326
2004-09-17,0.22684032421187297,0.2168067826714331,0.1790815469814019,0.091763998020028,0.3427687193174555,52,1326
2004-09-20,0.22736422934733563,0.21799353702094393,0.17964204455756447,0.09210601697790247,0.3424737393770795,52,1326
2004-09-21,0.22736558480530922,0.21792971218143925,0.18009498901707124,0.09291051676544304,0.34259392393993526,52,1326
2004-09-22,0.22786228428121844,0.21811684889763228,0.18022699042945703,0.09269985292393221,0.3426622252796087,52,1326
2004-09-23,0.22849276653117798,0.21905536847797458,0.18027401324987485,0.09260700493981447,0.3436483650837887,52,1326
2004-09-24,0.22705212270365666,0.21817991114864863,0.18013548279193964,0.09240983688891387,0.34105724121480024,52,1326
2004-09-27,0.22649639119227757,0.2174560648983464,0.18008642230522962,0.09192569585728144,0.3413217602462199,52,1326
2004-09-28,0.2256278240174498,0.2169170324399949,0.17918550709355927,0.0930213224505553,0.34058875431852953,52,1326
2004-09-29,0.2246163410333944,0.21540649432353653,0.1797501864852049,0.09252886785583024,0.33862265824714555,52,1326
2004-09-30,0.2244918624102551,0.2142526231159052,0.18019036099752223,0.09171174035715854,0.3405639483984024,52,1326
2004-10-01,0.22500883841399494,0.21640812703714865,0.17995878104417112,0.09246534075531167,0.3414416208167921,53,1326
2004-10-04,0.22380923641248474,0.21740135655885573,0.253211491140279,0.09091433792189421,0.3487671107327875,53,1372
2004-10-05,0.22253376475647177,0.21531065068272146,0.22515509817123158,0.09068293139135669,0.34603350762654655,53,1374
2004-10-06,0.22156319170819064,0.2152198684488122,0.21342580030905892,0.09133374794217389,0.3468140463438321,53,1375
2004-10-07,0.22039773385810807,0.21597218802148177,0.20302166192643278,0.09106193789780871,0.3429925445808262,53,1376
2004-10-08,0.21980607551584574,0.2162178221783468,0.19949089937143039,0.09168702821005048,0.3429329604402525,53,1376
2004-10-11,0.22033321369835548,0.21751188863949728,0.19550577694004106,0.09136227624124829,0.34347289354111604,53,1376
2004-10-13,0.2207808281683849,0.21682744132736415,0.19558473300652254,0.09056347628208526,0.3443172124351916,53,1377
2004-10-14,0.22299142445440073,0.21616780973507713,0.1937817708446641,0.09323097537389602,0.3457548678297623,53,1377
2004-10-15,0.22445128120389402,0.21593855209197732,0.19116722987720225,0.09685828169934063,0.3441299778241377,53,1377
2004-10-18,0.2262605653825244,0.218318372645948,0.1892930084352905,0.09685828169934063,0.3450682697684319,53,1377
2004-10-19,0.22537159178878802,0.21932648056431175,0.1916168686854396,0.0991585395574199,0.3444882012856171,53,1378
2004-10-20,0.22844062049350145,0.2213101866907748,0.18928892762147267,0.10080845377795927,0.34446495220734974,53,1378
2004-10-21,0.22910873454862477,0.22253081645017941,0.18805434818673927,0.10148772168557509,0.3456054395557016,53,1378
2004-10-22,0.22782450335535567,0.2230598284362898,0.18678300246998603,0.10104945286969029,0.3436913219282403,53,1378
2004-10-25,0.2260137880779608,0.21715497820482588,0.18585045348878335,0.10081252629597523,0.34226670611440746,53,1378
2004-10-26,0.2256104529483943,0.21818386813712373,0.18644735150353223,0.10095932425478564,0.34310287872647144,53,1378
2004-10-27,0.22566937375715712,0.21806212464136815,0.1861380502885421,0.10212847586891477,0.34241965090602017,53,1378
2004-10-28,0.22363963217740765,0.21659018340999225,0.18613195183729944,0.09738348226244312,0.34158672229268966,53,1378
2004-10-29,0.2234838297027803,0.21352831040226583,0.185542886388125,0.09613092682596756,0.3410206484500989,53,1378
2004-11-01,0.22303779591695372,0.21449590938787572,0.1860876989019548,0.09590228458357952,0.3405951710721047,53,1378
2004-11-03,0.22281378848776,0.21457561549614323,0.1859794548827439,0.09344195756281444,0.34075542125591657,54,1378
2004-11-04,0.21589252041564427,0.21457466722539428,0.2554977659564084,0.08845938810588624,0.3482424026790708,54,1421
2004-11-05,0.21852775322550722,0.21530065801100126,0.22641334602173563,0.09113538087074556,0.3463137882923041,54,1425
2004-11-08,0.22282599904222178,0.2153642941427502,0.20934692514304407,0.08857292760871724,0.3469633490220484,54,1427
2004-11-09,0.22206767010848416,0.2154632079084671,0.20371268792834243,0.09092903393983769,0.34849513781499475,54,1428
2004-11-10,0.22174499736311465,0.21548652156408454,0.20089797753682304,0.09013403954054194,0.3477832294769162,54,1428
2004-11-11,0.21961338188877796,0.21442221595175787,0.20401535070035465,0.08555174808641687,0.3463676599273876,54,1431
2004-11-12,0.22019154869376195,0.21530259819402872,0.200916395309189,0.08611047692926144,0.34770327198043993,54,1431
2004-11-16,0.21764466572975322,0.21257274876497234,0.1997190493438579,0.08498971025591578,0.34644450822689565,54,1431
2004-11-17,0.22152829658854922,0.21525995466044065,0.19674050760156792,0.08751796085413607,0.34730317328608395,54,1431
2004-11-18,0.22014103217300668,0.21479032546377222,0.19555343426265062,0.08503090453290679,0.3478198429979667,54,1431
2004-11-19,0.21908401363679764,0.21436410376993925,0.195512074699969,0.08249812651944151,0.34730579467232914,54,1431
2004-11-22,0.21610898987299568,0.2122469379374197,0.19719353700859743,0.07985463277051313,0.34677637986619664,54,1431
2004-11-23,0.21634620763607865,0.2133729330201249,0.19446313686141822,0.07913138364104286,0.34642516256499617,54,1431
2004-11-24,0.21644376649669614,0.2134395076170311,0.19315505815355064,0.07864682290003167,0.3446649477159044,55,1431
2004-11-25,0.2159615175691291,0.21388394564568877,0.25797531980966787,0.07562304227380454,0.3530294001689776,55,1478
2004-11-26,0.1989190006321249,0.20748665179455356,0.24277397402568568,0.07129459052520251,0.3443936139474365,55,1478
2004-11-29,0.20746567400766533,0.2100257082801951,0.22458872411472022,0.07244135178378305,0.34674486393184784,55,1480
2004-11-30,0.20504548017908758,0.2091279495593325,0.22241257317589405,0.07273464448851692,0.34445117191614,55,1480
2004-12-01,0.20177999112219938,0.20672125117730297,0.22255325729663078,0.07076802518094266,0.34470713999666436,55,1481
2004-12-02,0.20693654843661236,0.2082426996913937,0.21161989976239076,0.07158418620784966,0.3448542507061477,55,1481
2004-12-03,0.20692474532306948,0.20725430624029945,0.21077363669740393,0.0728426528084107,0.34177286100899157,55,1482
2004-12-06,0.21043599877337835,0.20823020411006501,0.20524323424750415,0.07373867053420635,0.3439354524491711,55,1482
2004-12-07,0.21110663226267837,0.20976298476027294,0.2047489230426602,0.07337854937200704,0.3452224899115259,55,1483
2004-12-08,0.2159210390107689,0.21079207042760656,0.1964757633119625,0.07696989545999697,0.34832049838608825,55,1483
2004-12-09,0.2151164335929605,0.20986940759428463,0.19822442104418672,0.07650833064453574,0.34624482472259027,55,1485
2004-12-10,0.21605934218368752,0.21047548023428414,0.19430307262720564,0.079286596821134,0.345631800147654,55,1485
2004-12-13,0.21675489308138957,0.21071520831133805,0.19368683371594414,0.0809919366177942,0.34518036611722214,55,1485
2004-12-14,0.21612484484776345,0.2094492213458302,0.19311888359726023,0.07699822081497591,0.34646644691618705,55,1485
2004-12-15,0.2161404779952177,0.21036099764968821,0.1926173770190892,0.07443735738639057,0.3465319767063982,55,1485
2004-12-16,0.21481189118719912,0.20744815378325443,0.19093714591187635,0.07672006906548434,0.3434812419654809,55,1485
2004-12-17,0.21515811237128518,0.20763595100962967,0.19031413459044969,0.07724992012978303,0.34267934367129244,55,1485
2004-12-20,0.21602181532680995,0.20884395924414823,0.18899809339705062,0.07958452871300134,0.34534752173818184,55,1485
2004-12-21,0.21676719215650456,0.21144370525133105,0.1883014633843185,0.08113263489082626,0.3436432266299832,55,1485
2004-12-22,0.21708492180257852,0.20971419753743445,0.18867739354241392,0.08236101690561061,0.34518746693607955,55,1485
2004-12-23,0.21666750563956486,0.21088357089759974,0.1885166665605327,0.08256445766818032,0.3453102242370875,55,1485
2004-12-27,0.215937916525162,0.209916841003083,0.18739713956651954,0.08177928811835329,0.3448587062792214,55,1485
2004-12-28,0.21679733361761272,0.2090565670300668,0.1867698720763262,0.08215997987007133,0.3457614811215279,55,1485
2004-12-29,0.21773010819891772,0.2091615808412352,0.18661200971365988,0.08183788358321822,0.3494443212768731,55,1485
2004-12-30,0.21748820884293965,0.2099845958659082,0.18589074923540333,0.08089119457032815,0.34900787102445446,55,1485
2005-01-03,0.21813975674520725,0.20992260314633998,0.18582306696558862,0.08078286566144938,0.3485286640957211,55,1485
2005-01-04,0.21388292314947208,0.20557694186601563,0.18956599227738943,0.07478212166940347,0.34546625761906896,55,1485
2005-01-05,0.2134216589709867,0.206759070785759,0.19249240104390777,0.07404016009865678,0.3446337564281686,55,1485
2005-01-06,0.21291081511207607,0.20796452170166368,0.19338680125266788,0.07370231498095553,0.347333268645817,55,1485
2005-01-07,0.21232395480505215,0.20681855710700678,0.19365807715281155,0.07333215459956656,0.34605077600061324,55,1485
2005-01-10,0.20855039955830795,0.20637553742862352,0.192207483043416,0.06940035031832877,0.3377152515366038,55,1485
2005-01-11,0.2105091054414778,0.2048660709686317,0.19216618177771616,0.07118703547282196,0.3412664324063843,55,1485
2005-01-12,0.2113571014443381,0.2068282337095033,0.1921060546396333,0.06902586584541309,0.34337011168354636,55,1485
2005-01-13,0.21208264109169495,0.20701501067631087,0.1923766663748105,0.07286357385062832,0.3457332759664242,55,1485
2005-01-14,0.21377933173660835,0.2102766499398475,0.19217649803923428,0.07304897252787564,0.34746262532847794,55,1485
2005-01-17,0.21357684494146706,0.20974919771362252,0.1920270903016677,0.07258862397918352,0.3455926807645824,55,1485
2005-01-18,0.21484897254039018,0.21169354950103644,0.19158466478696431,0.07396178362532282,0.3457803391516289,55,1485
2005-01-19,0.2140841716864932,0.21108089583478676,0.18934560473954287,0.07158047232140616,0.3441581974743426,55,1485
2005-01-20,0.214001588319977,0.2100272839523486,0.18926559804500678,0.06995037537421167,0.3458748185836026,55,1485
2005-01-21,0.2192642733222605,0.2134409863967739,0.18642122723906832,0.07624028884328961,0.349306553025632,55,1485
2005-01-24,0.21978640849121908,0.21389382631634624,0.1860715694668032,0.07595677612405237,0.3487217685122966,55,1485
2005-01-26,0.21965476717715252,0.21447507809942762,0.18716448390029658,0.07656550863173114,0.3500429787761404,55,1485
2005-01-27,0.21942263516255278,0.2146878935544872,0.1867253806776486,0.07648595014482511,0.34914321576146795,55,1485
2005-01-28,0.22068576299667075,0.21648263573889626,0.18609064358896196,0.07822179318811914,0.3486050024085782,55,1485
2005-01-31,0.21965486394011918,0.21573914324710572,0.18574794410883777,0.07909801999316489,0.34810693308605867,55,1485
2005-02-01,0.21950628336822736,0.21453010238581444,0.18611889118754735,0.07919801293653221,0.34679009553401663,55,1485
2005-02-02,0.21955122304707364,0.21420943363854197,0.1862271799198602,0.07891670908801145,0.345083515704908,55,1485
2005-02-03,0.2207569610565855,0.21636834277716224,0.18552284272131875,0.07902463444435093,0.3442426076162276,55,1485
2005-02-04,0.21387394983504637,0.20700622820617398,0.18204554727438277,0.07520738703159544,0.3298243564259641,55,1485
2005-02-09,0.21243453353023045,0.20461223343769147,0.18174659151081793,0.07809600789785189,0.3287002274386558,55,1485
2005-02-10,0.21348541351117883,0.2059579647611552,0.18168436815379083,0.07927014119313912,0.3284624667604147,55,1485
2005-02-11,0.21331048312013365,0.2033444845571138,0.18167875048065352,0.08103529123651185,0.3294950703327811,55,1485
2005-02-14,0.2131121411721344,0.2029602414722731,0.1813203881846146,0.08011799492928075,0.3327053824091659,55,1485
2005-02-15,0.21193220982442,0.2011811537210289,0.18036946900338358,0.07855785754085887,0.3277319702537315,55,1485
2005-02-16,0.210208764588891,0.19975924439918677,0.17997737843442613,0.07656151814790008,0.3322867992492282,55,1485
2005-02-17,0.20981642226676797,0.1997093892566148,0.18080337849586994,0.07644469989790131,0.33213293204694777,55,1485
2005-02-18,0.21254660928138616,0.20156350786031602,0.1793742963118828,0.08068531258871783,0.3327491008311672,55,1485
2005-02-21,0.21037636639836815,0.19803503576429712,0.17595476944702249,0.08116915061839572,0.3227503269081176,55,1485
2005-02-22,0.20998727104522114,0.19646543076740888,0.17605568196618293,0.08039263437675347,0.3227009529281419,55,1485
2005-02-23,0.20891800919747602,0.19655872704759383,0.17499392709823042,0.0792344690628363,0.3188193085412859,55,1485
2005-02-24,0.20754758717856336,0.19486716196462808,0.17502512628378375,0.07777977977319186,0.3170230976728398,55,1485
2005-02-25,0.21123664381408688,0.19619086106920838,0.17480828604108475,0.08004822724393344,0.3226520715417585,55,1485
2005-02-28,0.21051705975100773,0.19472584511083937,0.17496068238805834,0.07940966102038968,0.3227832381131168,55,1485
2005-03-01,0.20471051626406223,0.1891822930545654,0.1727195986284498,0.0744324640593665,0.3140443603039818,55,1485
2005-03-02,0.2053268715078846,0.19129336126202592,0.17288907080932014,0.07631495185452017,0.31524569283031095,55,1485
2005-03-03,0.20444707381689944,0.18831868776945812,0.17287987613375871,0.0752164548429285,0.3134973425312607,55,1485
2005-03-04,0.20388326937810258,0.18782899617254875,0.17272660978595575,0.07475723688275349,0.3149601189486283,55,1485
2005-03-07,0.20353355753848706,0.18718930693681013,0.1733330326447236,0.07167230051310124,0.3145557919952901,55,1485
2005-03-08,0.20200433747013075,0.18695720426151935,0.17226313983404792,0.07107079199548723,0.30909241287451983,55,1485
2005-03-09,0.2025500303969644,0.18875496040816325,0.17222150180728618,0.07364157819708168,0.30725516846115963,55,1485
2005-03-10,0.20327375304077203,0.18891234660994852,0.1721755576302616,0.0746323397285658,0.3117490505601485,55,1485
2005-03-11,0.20430736489414233,0.187974635098473,0.1715587135524575,0.0760656973446253,0.31062874498006193,55,1485
2005-03-14,0.2038506823219851,0.1870319113224692,0.17136841611551332,0.07555997135574545,0.3114884777842522,55,1485
2005-03-15,0.20386504323379978,0.1853107056147357,0.17096047452689475,0.07539575363888955,0.3118314858818169,55,1485
2005-03-16,0.20370690428097726,0.1854279497514657,0.17133631194461935,0.0779622399378887,0.3117395368363105,55,1485
2005-03-17,0.20004862674216062,0.18287965030861214,0.16918831424922107,0.07530796707132827,0.3044771048281828,55,1485
2005-03-18,0.19521493226840841,0.17859335172568408,0.1688909308382354,0.07115408964856305,0.29854475282633597,55,1485
2005-03-21,0.19239354688256333,0.17323203102758586,0.16830294654919728,0.06828863108773611,0.29590424962863154,55,1485
2005-03-22,0.19212215526645482,0.17223082613853025,0.16789211736493492,0.06902732894443127,0.2960576767895578,55,1485
2005-03-23,0.1960765778307211,0.17700577077777782,0.16646245752217761,0.07416665135086088,0.29765994606104307,55,1485
2005-03-24,0.19923676598706525,0.18067219613360208,0.165225649230206,0.08057736560838152,0.2993811149859665,55,1485
2005-03-28,0.200059610770183,0.17988885931924287,0.1649034679395592,0.0815440522475129,0.2999780715770953,55,1485
2005-03-29,0.20110051308015237,0.18155866621407735,0.165484909857594,0.0819918379299846,0.3027268969071566,55,1485
2005-03-30,0.20184150718454721,0.18208252182676957,0.16444088537387153,0.08193128780379896,0.3025357486200065,55,1485
2005-03-31,0.2005158314634554,0.18123576260211316,0.16443886726964238,0.0800594266672673,0.3014441976924566,55,1485
2005-04-01,0.19999566786141498,0.1798623931767002,0.16441261531372106,0.08034603603360775,0.3022183296875773,55,1485
2005-04-04,0.1998635013422606,0.17950952534603207,0.16424349995701368,0.0799497809905894,0.3018242417562589,56,1485
2005-04-05,0.19951271683307306,0.17779799419372772,0.16405302350987502,0.08146862799303241,0.30070010050590007,56,1485
2005-04-06,0.19964425404043684,0.17563423234297534,0.16367418768150382,0.08250163103364512,0.30176350229785887,56,1485
2005-04-07,0.20000722579801328,0.17824708033617925,0.16325108816501402,0.0827417086355424,0.30000612182218767,56,1485
2005-04-08,0.2008553925022455,0.18019266598871597,0.164107273020287,0.08227793210867038,0.30244112334909784,56,1485
2005-04-11,0.20062422153006956,0.17829957606086994,0.1646533849683365,0.08269449235006911,0.3022420721748393,56,1485
2005-04-12,0.2006269691451424,0.1780500483245449,0.16462357541248482,0.08330980520603817,0.3039132818202599,56,1485
2005-04-13,0.20008202278715412,0.17680034306748174,0.16408414021007378,0.08265961053013035,0.30379277428365103,56,1485
2005-04-14,0.19972108513100992,0.1775797657703608,0.16386809469229568,0.08252733836054635,0.3018630463746528,56,1485
2005-04-15,0.20687739011382306,0.1841331958455268,0.16300621204490578,0.09209704586673524,0.30739332943534386,56,1485
2005-04-18,0.2079871076135899,0.18482470950689453,0.16245287223523572,0.09161098145272097,0.30928189474975953,56,1485
2005-04-19,0.20755685026668305,0.18556496394167316,0.1624821663151729,0.09093646473986165,0.3083890724489225,56,1485
2005-04-20,0.208024272624573,0.1849612122384532,0.16396381438313865,0.09117718005942459,0.3117751305700505,56,1485
2005-04-22,0.20858774674588113,0.18538831361737862,0.16440567063264624,0.09172879800390343,0.31498202197157843,56,1485
2005-04-25,0.20804590769638562,0.18614767964531526,0.16374095919177764,0.09172879800390343,0.31186908626761567,56,1485
2005-04-26,0.20787687539983493,0.18582315574548613,0.16408976586366306,0.09015766095129123,0.31225658924807276,56,1485
2005-04-27,0.2063856363280654,0.18494416276602646,0.1649458137857679,0.08930024323943586,0.31022373559034533,56,1485
2005-04-28,0.20516818327474418,0.18370280126224378,0.16346131139378406,0.09167650279031107,0.3073657520593323,56,1485
2005-04-29,0.2080044693065921,0.18597375504366567,0.16508093808439048,0.09222854333227234,0.3110269074052758,56,1485
2005-05-02,0.20728492054285533,0.18628092771839977,0.16516722507581166,0.09068231077546081,0.311195259198669,56,1485
2005-05-03,0.20736584941849392,0.18740626930515042,0.1643031960823215,0.09084526349869017,0.3117297407909831,56,1485
2005-05-04,0.2079689353529921,0.18935919846435495,0.16363969178699606,0.09129321562926487,0.31313042407275554,56,1485
2005-05-05,0.2058118969394669,0.19062833179198935,0.16364792300213118,0.08966424528617369,0.30811011632115315,56,1485
2005-05-06,0.2022242892145744,0.18357629608463288,0.1620729701473629,0.08704985651300057,0.30531009939126924,56,1485
2005-05-09,0.20161440062368197,0.18454605494383747,0.1616125381465546,0.08622488625559568,0.3020589045858647,56,1485
2005-05-10,0.20155348759124447,0.18528222690119678,0.16172317830871186,0.08576549831367683,0.3018100886268576,56,1485
2005-05-11,0.20332739444957984,0.18493853048512646,0.16218127093519735,0.08817533197074828,0.30413673700478905,56,1485
2005-05-12,0.20364179085215076,0.18510854359478052,0.1619845554718255,0.08971320367679764,0.30407347561531134,56,1485
2005-05-13,0.2041106606840483,0.18616368856733734,0.15844784306413284,0.09227569730402065,0.30118833092100894,56,1485
2005-05-16,0.19860833979193201,0.17799133603583261,0.1586554189125285,0.08581529053346276,0.29655756589258253,56,1485
2005-05-17,0.18656791904893735,0.16497133462896937,0.15827007320096892,0.0742658122656144,0.2848687545336688,56,1485
2005-05-18,0.1815901980908706,0.16159813867599584,0.1543626561619952,0.07568896455327001,0.27574461312183696,56,1485
2005-05-19,0.18158663091545918,0.16165002826170916,0.1554457360559577,0.07623738251454716,0.2747048043135389,56,1485
2005-05-20,0.1812753299037317,0.16102927685806218,0.1560395953040621,0.07497246034907443,0.2750242274816315,56,1485
2005-05-23,0.18243565820474794,0.16172613381470527,0.15643150987199014,0.07565400797230037,0.2773829536522076,56,1485
2005-05-24,0.18183684523838248,0.15906452309769517,0.15453534019931292,0.07679247839933845,0.2733880255562092,56,1485
2005-05-25,0.1821996646823456,0.15962977230149566,0.15468954019996609,0.07664994718456918,0.2714573692634635,57,1485
2005-05-27,0.16659822950440092,0.1564969884773614,0.23998447256698746,0.071592954943874,0.2737395745881348,57,1531
2005-05-30,0.17229476963146453,0.15810802136702354,0.19791091318827644,0.07227677526627169,0.2710950742559207,57,1533
2005-05-31,0.17350418908493537,0.15716338097094776,0.190431993052617,0.07334323224657731,0.27268054703919925,57,1536
2005-06-01,0.18630147134673372,0.16376287313589658,0.1790113906013537,0.07881117758114925,0.28004404796986554,57,1537
2005-06-02,0.18636483720496166,0.16190397430752296,0.1754022434097147,0.07922121058823642,0.2789275907623702,57,1538
2005-06-03,0.1869727876748088,0.1630588766037364,0.1721650175459716,0.08145438098246668,0.27806862050434394,57,1538
2005-06-06,0.18273098382409975,0.15838619216636232,0.1662140935076175,0.07884557018371958,0.27519623644079316,57,1538
2005-06-07,0.1878836993697065,0.16351440663413874,0.16255385119320293,0.08110837080022476,0.27502755485069785,57,1538
2005-06-08,0.18884743946054885,0.1646113489963087,0.16215619750263413,0.08181584915607515,0.2751091527498343,57,1538
2005-06-09,0.18748784688033968,0.16282305986359225,0.1624895725273756,0.08084068508970213,0.2763174166864944,57,1538
2005-06-10,0.1881013089855946,0.1630839891282882,0.16208571057959323,0.0811945125464166,0.2776324398558062,57,1538
2005-06-13,0.18920343880211266,0.1626298822369741,0.16245486839743273,0.08232734061147606,0.28092971740419437,57,1538
2005-06-14,0.1886009760265875,0.16401324054891828,0.16337283697228386,0.0814014548839522,0.2799119739055184,57,1539
2005-06-15,0.18629742121299525,0.1595498659596564,0.16182511073272723,0.08127072117912998,0.2738319433464823,57,1539
2005-06-16,0.1871067703714457,0.16175138270434544,0.1615435303238928,0.08146961388999549,0.2748914804957967,57,1539
2005-06-17,0.18662603625399493,0.16200482407051567,0.16108339804690175,0.08057492373674319,0.2745618650037446,57,1539
2005-06-20,0.18683338717095002,0.16092187888654227,0.16082440856945837,0.08075890279896276,0.27370361049233416,57,1539
2005-06-21,0.18590979248300818,0.16053987836822237,0.16030119939766077,0.08016044099668401,0.27099739388340277,57,1539
2005-06-22,0.18531119942568938,0.1599869565640791,0.15935010099220062,0.0799470387459515,0.2712631487248427,57,1539
2005-06-23,0.18503267054874617,0.15863420459540784,0.15919230915192925,0.07873121048733561,0.27149934505680673,57,1539
2005-06-24,0.1881831765393034,0.1643868751805709,0.15980461464710957,0.08263347871196235,0.2749497830600972,57,1539
2005-06-27,0.18820532187053793,0.16508377834037985,0.15970847242789113,0.08227777973632193,0.2770681619962509,57,1539
2005-06-28,0.18435838240686692,0.16502983392531756,0.238532548211874,0.07971925943548065,0.28281975530438175,57,1590
2005-06-29,0.18424886994339806,0.16500341724797218,0.23853609465269696,0.07976271364950742,0.2827094234389839,57,1590
2005-06-30,0.18249224925121008,0.16449813742504382,0.23749551997079685,0.07963897335579315,0.28087880684785127,57,1590
2005-07-01,0.18189988149706837,0.16573793848667806,0.23656264276141242,0.07942228357010894,0.27965569323729245,57,1590
2005-07-04,0.18058323095087017,0.16433449774237027,0.20468634209135605,0.0778938389433647,0.2775885126581634,57,1595
2005-07-05,0.18561032893378268,0.16386276237719816,0.18784123810733644,0.07865716883595508,0.2781814136624545,58,1595
2005-07-06,0.17579357934552597,0.16354035957842572,0.25696731807809,0.0755391164030276,0.28129762211285136,58,1646
2005-07-07,0.1817500797595301,0.1643244841093039,0.2174937478780169,0.07896465872517805,0.2814917399415957,58,1647
2005-07-08,0.1869152653343549,0.1654821390283731,0.20132442524160163,0.08022886073182396,0.2835908640861998,58,1648
2005-07-11,0.18568709773819633,0.16535205851293844,0.19929796399940772,0.08003042656090366,0.28228542811877055,58,1648
2005-07-12,0.17603263305475364,0.16267784973374969,0.1968269008571491,0.07549740870663452,0.2796140833805895,58,1648
2005-07-13,0.17687120148035104,0.1607296394405381,0.18838694480461712,0.07247774605915865,0.2779860351429517,58,1648
2005-07-14,0.17837375198399985,0.1596709083358693,0.18027693380229207,0.07230182333834823,0.27490165811041173,58,1649
2005-07-15,0.1767653761285215,0.1587124396504075,0.18112258852692795,0.0734354391108431,0.2737469045733898,58,1651
2005-07-18,0.17641550328566716,0.15756598722768925,0.1806815110675223,0.07453629737097095,0.27180314132546857,58,1651
2005-07-19,0.17640435323361947,0.15792942047240927,0.17973076264072407,0.0733808383885935,0.27394220126127494,58,1651
2005-07-20,0.1762122380812492,0.15921706749924835,0.1792214180898057,0.07354429101168072,0.2743180220694146,58,1651
2005-07-21,0.1748029162049874,0.15693249625648364,0.17961572556344804,0.07088944648979281,0.2712848538701519,58,1651
2005-07-22,0.17386392854233024,0.15593826324671914,0.17922656619142288,0.06911297971562652,0.2705521626987647,58,1651
2005-07-25,0.17434323620538433,0.1562878482703218,0.17936861784733527,0.0692638557897017,0.2692371755348225,58,1651
2005-07-26,0.18449770348144087,0.16306530332790717,0.1739633179316824,0.07425495254708658,0.2823040538186705,58,1651
2005-07-27,0.18169476189475875,0.16059877735041306,0.17285237138371115,0.07284580845740257,0.2735371236735086,58,1651
2005-07-28,0.18167697106629788,0.16137957258404323,0.17296112860380466,0.07330421361804074,0.2759153675148083,58,1651
2005-07-29,0.18997552117234764,0.16711028950226217,0.17094451735417335,0.07743673579122533,0.28199062517760404,58,1652
2005-08-01,0.18916275369819943,0.1664658458894382,0.16739517504859042,0.0772861160875847,0.27950386551003004,58,1652
2005-08-02,0.187453830096832,0.1647934815683769,0.16693704504762602,0.07517718413406155,0.2794390664207868,58,1652
2005-08-03,0.18738051477199918,0.16444973673596364,0.168116219449256,0.07585032359993427,0.2826192138609327,58,1652
2005-08-04,0.18667819096727586,0.16426907683502712,0.1674125153173315,0.07525972418152721,0.28191403495526846,58,1652
2005-08-05,0.18725855364793975,0.16340421858029341,0.16604796687610937,0.07404542228848118,0.28231911773231366,58,1652
2005-08-08,0.18685306097810309,0.16442669697683165,0.16552939425668248,0.07392902494780916,0.2825960047059001,58,1652
2005-08-09,0.18714889674909055,0.1641185011873197,0.16542955270723686,0.0741185188339033,0.2852188525819543,58,1652
2005-08-10,0.1864790395121138,0.16327491222138157,0.1659098368729807,0.07270635776009525,0.28280810595252653,58,1652
2005-08-11,0.17973936033010635,0.15764709357691079,0.1639154832120584,0.06917155741407241,0.2756078609881326,58,1652
2005-08-12,0.17918387230868235,0.15698361021787471,0.16383387194368934,0.0691736717550137,0.2756694272552285,58,1652
2005-08-15,0.17902415413668063,0.15780615125469152,0.16332970892125434,0.06893372728907812,0.273015162626077,58,1652
2005-08-16,0.17816343243848312,0.158524589600336,0.16229876469034596,0.06786207203770424,0.2708924635516095,58,1652
2005-08-17,0.17808905572265477,0.15718607470331075,0.16252995574853815,0.0671737237650779,0.2699884998944931,58,1652
2005-08-18,0.1776972382207,0.15744159731501087,0.16262215987073456,0.06724912256272049,0.26914549883095273,58,1653
2005-08-19,0.17832892736508377,0.15561177133766138,0.1632452813681675,0.06707547296187984,0.27040928596349106,58,1653
2005-08-22,0.17828413351469474,0.15642156832628823,0.1627197510669163,0.06879053423972051,0.2714590005120085,58,1653
2005-08-23,0.17885799785257303,0.15669299784016003,0.16312937569328884,0.07010124171996861,0.2686261699957544,58,1653
2005-08-24,0.17912962223488105,0.15782204792055154,0.16253050923250867,0.07037342252398439,0.26878341845264375,58,1653
2005-08-25,0.17835819299276842,0.15784233362192,0.16245881133274293,0.06942029524509234,0.26863777259005445,58,1653
2005-08-26,0.179066723056817,0.15837326652134262,0.16275611609034007,0.06875756784340263,0.27010018555873816,58,1653
2005-08-29,0.1792841245446598,0.15850509724358192,0.16270454708117793,0.06945953127623213,0.2696146625406246,58,1653
2005-08-30,0.17908690378179282,0.1578072964955517,0.16274833713538667,0.06976540966806721,0.26853354148132696,58,1653
2005-08-31,0.17863058087232142,0.15745490251793837,0.16326298200311762,0.06890678325533216,0.2696845925098669,58,1653
2005-09-01,0.17855302766237466,0.1566550649662362,0.1638682952078104,0.06821206503649119,0.27102834444724283,58,1653
2005-09-02,0.17843515399228613,0.15731934780604453,0.16382991288465526,0.06867345291876145,0.27023559112078294,58,1653
2005-09-05,0.17975681637270569,0.15832019887423598,0.1628927496006383,0.07022779688044388,0.2694373285360885,58,1653
2005-09-06,0.17995299624893238,0.1585254340895317,0.1631580200927384,0.07032151749929239,0.26968203999871426,58,1653
2005-09-08,0.18016724955956248,0.15808426190302696,0.1628333464985577,0.07055892842627194,0.2699939483061906,58,1653
2005-09-09,0.17963657873526812,0.15741004225483088,0.16291143562241547,0.06998255702583749,0.26998097368885626,58,1653
2005-09-12,0.18020214822067393,0.15867896588978145,0.16376174970034343,0.06983623776993199,0.2717916371508615,58,1653
2005-09-13,0.18048491878408632,0.15977622788475807,0.1634741784395979,0.07101133135478536,0.2723203410217657,58,1653
2005-09-14,0.1803946528394512,0.1599637227443795,0.1636281522376699,0.07038137838679484,0.27212301722830307,58,1653
2005-09-15,0.17999513608056417,0.15999622230176636,0.16336420428419904,0.07063009827870477,0.2718105777810464,58,1653
2005-09-16,0.1799647331020336,0.16037076001713382,0.1633525336077646,0.07115459589711824,0.2718603881257537,58,1653
2005-09-19,0.17976802281395227,0.15768978391062538,0.16305097796917795,0.07105746630577328,0.26951205300095943,58,1653
2005-09-20,0.17824377386034174,0.15527020276559866,0.1632355750407495,0.07011311831419824,0.26970251916221344,58,1653
2005-09-21,0.17799584107111155,0.15481323019876908,0.16287099285620116,0.06888105808396296,0.269280175282396,58,1653
2005-09-22,0.17869493652912413,0.1549114435292543,0.16209470946848006,0.06698939882362702,0.2699864444050297,58,1653
2005-09-23,0.17925951509797688,0.15570302396337796,0.16168378137063621,0.06813158780713316,0.2693555241456364,58,1653
2005-09-26,0.17907525330445664,0.15562654822957703,0.16170049932428815,0.06811098748145954,0.2697260399935912,58,1653
2005-09-27,0.17901632227283276,0.1548712294850036,0.16143257910746922,0.06685674056565918,0.271004682958088,58,1653
2005-09-28,0.1782849512912092,0.1545304671165641,0.16142206138607829,0.06685771850020623,0.2695644837431841,58,1653
2005-09-29,0.1796414047881694,0.15615566829540187,0.1609605335489021,0.06785129232372232,0.2713697798678939,58,1653
2005-09-30,0.17932884770806143,0.1549334371134966,0.1605774116115177,0.06762916983367748,0.2696577769131982,58,1653
2005-10-03,0.17968300912591428,0.15621416195568674,0.16106899191640717,0.06821767333876104,0.2708795435486593,58,1653
2005-10-04,0.17936829779468233,0.15586011848440415,0.16054330781018256,0.06829067492275823,0.26982787554394505,58,1653
2005-10-05,0.17971446327284818,0.15608715355861663,0.16032221187637974,0.06838690723429557,0.2694303510827931,58,1653
2005-10-06,0.18225462705874113,0.15967867787803694,0.16284281465419234,0.07002079241438644,0.27508092013830965,58,1653
2005-10-07,0.18582341042736922,0.16208700786119853,0.16249281854945863,0.0738435558655677,0.28179617976467297,58,1653
2005-10-10,0.1868811755354013,0.1628801846010714,0.16279171656024988,0.07527350963826909,0.28261463305074996,58,1653
2005-10-11,0.18623438681527882,0.16172723308745743,0.16264804456179768,0.0739380547407126,0.2799836674561534,58,1653
2005-10-13,0.18516007910060436,0.16086764143345533,0.16327436250712207,0.07367776974032067,0.2789481733345116,58,1653
2005-10-14,0.18553742353192232,0.16215149339973492,0.163198377585845,0.07382248643791148,0.27977010271014796,58,1653
2005-10-17,0.1851888232438901,0.16144937987050617,0.16327138814515804,0.0737582474869873,0.2790915413971441,58,1653
2005-10-18,0.1849684267046642,0.161751163172709,0.16333816707184834,0.07423459069381294,0.27928768651860586,58,1653
2005-10-19,0.18713089442509517,0.16328061207839534,0.16276184969983976,0.07554026163880014,0.28068923781839894,58,1653
2005-10-20,0.18659742073073632,0.16471429476014937,0.16243930091658107,0.0752583881528099,0.2795862032097959,58,1653
2005-10-21,0.18695274757179384,0.16303395290386266,0.16385545864549314,0.07639797693468434,0.2800730103721207,58,1653
2005-10-24,0.18624290769504542,0.16199278204125755,0.16426228512745364,0.07467897764911018,0.2779569189600329,58,1653
2005-10-25,0.18423572818446646,0.16089138868620517,0.16395589267224264,0.07220057621428673,0.2755144765970797,58,1653
2005-10-26,0.18368364531134784,0.16045346584432918,0.1640026393449319,0.071682794129907,0.27429947085066414,58,1653
2005-10-27,0.18356261807539484,0.15916586983225256,0.1639294684850255,0.07174071327119397,0.2741022725782027,58,1653
2005-10-28,0.18413565585697989,0.15945291649719243,0.16427365857984866,0.07198312455214131,0.2743430347414217,58,1653
2005-10-31,0.18420179453519378,0.16017021640580886,0.1642387749836273,0.0720964427541069,0.2752288453306945,58,1653
2005-11-01,0.18562126315251096,0.1619701301309104,0.16579733591434268,0.07151264765798493,0.27826899237352903,58,1653
2005-11-03,0.18682151025493743,0.16158097503330432,0.16640131723346174,0.07232490517546884,0.279375248329942,58,1653
2005-11-04,0.18704806923250566,0.16205807277919101,0.16633791999294212,0.07333277615430675,0.2804306426286451,58,1653
2005-11-07,0.1865264243956841,0.16177137420214963,0.1664213201082287,0.07319217834128887,0.27961608206734656,58,1653
2005-11-08,0.18646303288041413,0.16011727763933434,0.16642886580114408,0.07292714732215613,0.2786230654730778,58,1653
2005-11-09,0.18636839505278677,0.16042272367610252,0.16619565315854595,0.07216212453136436,0.27891550673577864,58,1653
2005-11-10,0.18620945797264624,0.15951293068353128,0.166214552418005,0.07176644460911767,0.2780213842193865,58,1653
2005-11-11,0.18568076211204088,0.1595037692178169,0.1661301832636089,0.07132096288116017,0.2749329627787054,58,1653
2005-11-14,0.18547116147225423,0.1593580024501811,0.16586213457534746,0.071724976204568,0.2762471487013503,58,1653
2005-11-16,0.18549435716060225,0.15912737816990224,0.16605763361190104,0.07287791944747225,0.2756341572094948,58,1653
2005-11-17,0.184940680634134,0.15861179567277922,0.165765974954367,0.0706385547112384,0.27434412517461737,58,1653
2005-11-18,0.185892440920271,0.1604755824680741,0.16564755753169166,0.07268543965636831,0.2751752478897462,58,1653
2005-11-21,0.18488199430255878,0.16037826281231066,0.16533918381574578,0.0725976880934227,0.27401785791075417,58,1653
2005-11-22,0.18496876198961001,0.15889211364378916,0.16532856657678915,0.07317484210661196,0.2725880209317413,58,1653
2005-11-23,0.18464610820339655,0.15975166831233523,0.16512642379785705,0.07402033928248104,0.2736560954766897,58,1653
2005-11-24,0.1850858534520814,0.1601551960502232,0.1649078499456184,0.07397283534514955,0.2742936270543583,58,1653
2005-11-25,0.18541496813071465,0.16029412305100818,0.1650015572579125,0.07288387001784512,0.2741921484253932,58,1653
2005-11-28,0.18556354338016115,0.16037944787535513,0.1648886339289657,0.07229087454853869,0.27408637560717786,58,1653
2005-11-29,0.18557762301541883,0.15908274966234012,0.1654550851947803,0.07216781651531491,0.27372216960624957,58,1653
2005-11-30,0.18527690142337597,0.1599888568625039,0.165643890214825,0.07160014220923303,0.27372712826572965,58,1653
2005-12-01,0.18491609437498505,0.15875628914976964,0.16546202983689318,0.07130593908864787,0.27314556939342555,58,1653
2005-12-02,0.18619099933521777,0.16178332208040636,0.16552967991443554,0.0721810396387813,0.27387335304150534,58,1653
2005-12-05,0.1857545986936316,0.16152266429908196,0.16539559466994977,0.07196335711402196,0.2738669169318833,58,1653
2005-12-06,0.18544067437594855,0.1611784260715389,0.16541558420931066,0.07132538987667486,0.2736176806701824,58,1653
2005-12-07,0.18546114836381825,0.16131248536145404,0.16548305698725033,0.07064931450593713,0.2749407087291941,58,1653
2005-12-08,0.1860053035586995,0.16063644198801655,0.166098156880361,0.07078119380383469,0.2753363451526793,58,1653
2005-12-09,0.18602483733600608,0.16088463565541442,0.16548301032537066,0.07092918601907569,0.2760405153195279,58,1653
2005-12-12,0.18593978765984243,0.1609497662911248,0.16613397411157507,0.06966297352263798,0.27516911678659967,58,1653
2005-12-13,0.1853526569598747,0.159734475565508,0.1650632223693318,0.07009215471701434,0.27385902882550583,58,1653
2005-12-14,0.1862883847883686,0.16135474613854095,0.16602695988900848,0.0697484569389207,0.27469385401757124,58,1653
2005-12-15,0.18699435749878784,0.16060459516794764,0.16465135075537593,0.07140276125616486,0.27392302198230356,58,1653
2005-12-16,0.18632272783792747,0.15841775289412477,0.16499291885590206,0.07008282445307293,0.2725254817581973,58,1653
2005-12-19,0.1863480171022915,0.1585538357745937,0.1642717675276264,0.06901182226838921,0.27245790451582375,58,1653
2005-12-20,0.18662152052154457,0.16025632418525146,0.16413605269639464,0.06961079544645693,0.27293232434461584,58,1653
2005-12-21,0.18718886331165732,0.15982622923682802,0.1635838865732204,0.07097448511563278,0.2732043815883121,58,1653
2005-12-22,0.18722632563931052,0.15931716342698907,0.16417144904716136,0.07066283917343312,0.27179758301245344,58,1653
2005-12-23,0.1873582406001624,0.15935801901207305,0.16404812494469512,0.07219807022192444,0.27415923990897867,58,1653
2005-12-26,0.18717827649268046,0.15962549636832088,0.1641098394144178,0.07217266325594096,0.27331269776689154,58,1653
2005-12-27,0.18691271078828683,0.15908083886392524,0.16368777697406534,0.07097648630087602,0.27357890570523713,58,1653
2005-12-28,0.18707618953522856,0.15929569021948572,0.16381849026954143,0.07252462383409286,0.27310180074192414,58,1653
2005-12-29,0.187121651666482,0.15932301058372994,0.1639062260305455,0.0719679543789852,0.27265248630006167,58,1653
2006-01-02,0.1874773518102048,0.16020651175144662,0.16380267124671005,0.07276625941772072,0.2737924308408295,58,1653
2006-01-03,0.18694208942525528,0.15933850719884873,0.16375346853617112,0.07257602416141483,0.27328031347637016,58,1653
2006-01-04,0.18907865026687445,0.16158834007586914,0.16396267257870417,0.07471443854209972,0.2761026482678376,58,1653
2006-01-05,0.18890966618412314,0.16155220967760794,0.1636917409879136,0.07469462509882686,0.27768853878614874,58,1653
2006-01-06,0.19001972332321043,0.16302649643192973,0.16321462149937027,0.07707468120503527,0.27766094474647884,58,1653
2006-01-09,0.18838793013997887,0.1631573890604837,0.1631436581655223,0.07908932172153633,0.2747300943413454,58,1653
2006-01-10,0.18821162310719194,0.16211482393984342,0.1630180474322172,0.07804623199658715,0.2751512115327649,58,1653
2006-01-11,0.18896481820009495,0.16344698116456224,0.16298508187326605,0.07786166084402994,0.27589880809116407,58,1653
2006-01-12,0.19013538853323153,0.16536594374762242,0.1632726435732375,0.07839030016081326,0.27843911801079496,58,1653
2006-01-13,0.1891411024749518,0.16710729779374422,0.16313906512571477,0.07629987208789615,0.2768411029793431,58,1653
2006-01-16,0.18912732250503603,0.16744558499040096,0.1632991185522764,0.07630653759857005,0.27578847625767816,58,1653
2006-01-17,0.18980578551221222,0.1692376391103235,0.1641544053504379,0.07667043578654525,0.27578847625767816,58,1653
2006-01-18,0.18946606654371156,0.16933295921052657,0.1643053122047535,0.07591004390194922,0.2765418436760959,58,1653
2006-01-19,0.18879754637735133,0.16773541224830132,0.16450835686658336,0.07487980387667549,0.2753196397661772,58,1653
2006-01-20,0.19255606344457618,0.17210072362858697,0.16481624943332635,0.0792203926926558,0.276147235925483,58,1653
2006-01-23,0.19204244846580765,0.17137469434882102,0.1647521907645279,0.07695772956190845,0.2767913472792861,58,1653
2006-01-24,0.19188351862010844,0.17091960743849305,0.16469227933640662,0.07870462222777236,0.2769753068444621,58,1653
2006-01-26,0.19021898796815115,0.16931831836066738,0.163847160663607,0.0754863089397405,0.27432889478559647,58,1653
2006-01-27,0.19039003196021387,0.16900328775676182,0.1642933724583091,0.07586306135729566,0.2758515966531766,58,1653
2006-01-30,0.18922047927703517,0.1682105099109141,0.16286702956217172,0.07592703253956737,0.2751506630358416,58,1653
2006-01-31,0.18845993224007832,0.16783121967627485,0.16235531118307553,0.07432924912143753,0.27206178588218694,58,1653
2006-02-01,0.18675211588067275,0.16632939479499062,0.16231959752299419,0.07385902099086006,0.2712837034680151,58,1653
2006-02-02,0.18694866813792121,0.1665136950698315,0.16235646698709014,0.07344634177266511,0.2707082257983804,58,1653
2006-02-03,0.187478903460396,0.16476530587764968,0.1632621605272835,0.07473098824275269,0.27270168129689976,58,1653
2006-02-06,0.18684276935360974,0.16523548305583033,0.1634079307414972,0.07496929055645826,0.2712320567460817,58,1653
2006-02-07,0.18589906680960977,0.16413399263920983,0.16333432433408182,0.07328886410509489,0.27073562626396336,58,1653
2006-02-08,0.18648188593945822,0.16288661794453949,0.1642367072622558,0.07364664907102121,0.27498737566740794,58,1653
2006-02-09,0.18485487920222118,0.16040913853286928,0.16349402462558202,0.07320970505871556,0.2721430993944834,58,1653
2006-02-10,0.18506658296055495,0.16070228249358498,0.16407098648984011,0.07310170229327649,0.27094507484380465,58,1653
2006-02-13,0.18448874209551663,0.15876124362386315,0.1639691066658384,0.07334160869286944,0.270996460763363,58,1653
2006-02-14,0.1848301967004328,0.16020646426823767,0.1648465374016056,0.0730763906872075,0.27228497925324585,58,1653
2006-02-15,0.18477390813417074,0.158613358719444,0.16493659646987283,0.07236619473789661,0.27264969607405304,58,1653
2006-02-16,0.18503728423169236,0.15879178101328195,0.16527218386596285,0.07277503418385792,0.2742138420779712,58,1653
2006-02-17,0.18545508549322048,0.15939957810279318,0.16533715865754567,0.07317744622505787,0.27431770549155327,58,1653
2006-02-20,0.1826634448281612,0.1550117856852195,0.16589357955636122,0.07030321011343671,0.2725567228569489,58,1653
2006-02-21,0.1827803514631418,0.15587031731025083,0.16630010180681246,0.07061624340488139,0.27396390895658984,58,1653
2006-02-22,0.18339595376305856,0.15567230534588264,0.16621726789818242,0.07112645228380013,0.27735020694133056,58,1653
2006-02-23,0.18374617540849597,0.15749636319262528,0.1663599734949845,0.07173274281112174,0.27662002208105957,58,1653
2006-02-24,0.18375260244252786,0.15756974754057845,0.16626674219804624,0.07203808372403855,0.27599310645659436,58,1653
2006-03-01,0.18078355665932422,0.1583794434512434,0.165302977712005,0.06935353905381314,0.27246820604181254,58,1653
2006-03-02,0.18161372390876346,0.15848696825714903,0.16571361607718843,0.06721156024922158,0.2767339098595577,58,1653
2006-03-03,0.181805038578811,0.16031525002254998,0.1652342511568443,0.06754398447848521,0.2758791140330984,58,1653
2006-03-06,0.18154632054635791,0.16147105417202476,0.16525824806072129,0.06741258081172316,0.27517298979917504,58,1653
2006-03-07,0.1819042335386802,0.16222923933513705,0.16620039356196817,0.06716875016138321,0.2748965078151113,58,1653
2006-03-08,0.1872008830455043,0.16579294032445788,0.16502361627988302,0.0711323850156885,0.27884932052687267,58,1653
2006-03-09,0.18643325732216315,0.16471807010732506,0.16495181434363235,0.07140616642457852,0.27826153603741544,58,1653
2006-03-10,0.18719753994437993,0.16475058317592547,0.16521888448075,0.07197108260520925,0.27853071285558073,58,1653
2006-03-13,0.18708672923329617,0.16349750567021912,0.164832537129727,0.07085147572323641,0.27922755477047384,58,1653
2006-03-14,0.18693026425102896,0.16395641498223265,0.1647584995474259,0.07022489121001066,0.27838133262471976,58,1653
2006-03-15,0.18666348181326292,0.1633543053509403,0.16553816892913614,0.07088165949552859,0.27913686289507283,58,1653
2006-03-16,0.18696474723963363,0.16432392398876847,0.1657896457588271,0.07167893310444592,0.2784375702677998,58,1653
2006-03-17,0.18730836452668034,0.1650242754174463,0.16571355717257039,0.07082936532839618,0.2801815317191944,58,1653
2006-03-20,0.1873043332529559,0.16305571609108452,0.16535511589486623,0.07211929021121499,0.27843545225904065,58,1653
2006-03-21,0.18748604075419636,0.16361833120013036,0.16534785950879471,0.07126063180533664,0.2782515237876413,58,1653
2006-03-22,0.1885415026628654,0.16556895214426545,0.16634276281041668,0.0724684806690259,0.2820808123056195,58,1653
2006-03-23,0.18905544858428552,0.16708940083556809,0.16514444641170958,0.07134116378333133,0.2803972905885253,58,1653
2006-03-24,0.1887750862226273,0.1674731624252517,0.16623586282456998,0.07192465381300053,0.28127521253814436,58,1653
2006-03-27,0.1860191590642943,0.1657611042625507,0.166736983827283,0.07087342925183177,0.2797259921296526,58,1653
2006-03-28,0.18335800903901286,0.16196888887555164,0.1667140162283599,0.06479915613055581,0.27702335853902854,58,1653
2006-03-29,0.1845938490075069,0.1631858132707368,0.16755401043992252,0.06585027073197637,0.2779520822769939,58,1653
2006-03-30,0.18323633783872392,0.1626538247121483,0.16820984865109911,0.06400674718639657,0.27948641999001245,58,1653
2006-03-31,0.18183834976397945,0.1602931179702535,0.16810628576254513,0.0632240316641401,0.27434353746819723,58,1653
2006-04-03,0.18143487812336964,0.16052209324421934,0.16779553008212145,0.06428420421322743,0.27451793028726434,58,1653
2006-04-04,0.18091090529979767,0.15866138882553282,0.1683023308323553,0.06279315567203742,0.27214139682284283,58,1653
2006-04-05,0.18321495304573407,0.1644346502622337,0.1673772197352963,0.0649776174466518,0.27203343291042015,58,1653
2006-04-06,0.18212335248134995,0.16205481517293407,0.16718648843974374,0.06379174245431259,0.2703002506514779,58,1653
2006-04-07,0.18172255786696426,0.16122948596393616,0.16742700314548983,0.06383729759874855,0.2710850237774286,58,1653
2006-04-10,0.181339707381211,0.16177679830844968,0.1672970908901623,0.06502328934082469,0.27103365707538934,58,1653
2006-04-11,0.1811900833687215,0.16273976391908443,0.16710987818458298,0.06556313093188816,0.2720428295147962,58,1653
2006-04-12,0.18174946194321268,0.16336749481981416,0.16703898524180794,0.06658054445322457,0.2748001103470215,58,1653
2006-04-13,0.18155110704497307,0.16275356138172717,0.1675367355790192,0.06588210737050415,0.2748881622209138,58,1653
2006-04-17,0.18256704390105613,0.16380944582385296,0.16813787867869745,0.0669700696147664,0.2759112069006704,58,1653
2006-04-18,0.18255095629391496,0.16381008386928075,0.16856900095339647,0.06605294964172691,0.2762160740309987,58,1653
2006-04-19,0.1787179115782647,0.1600722153525506,0.16680592649048315,0.06490643070002146,0.2678727331596203,58,1653
2006-04-20,0.17798654026048893,0.1603691226506981,0.16720963248530782,0.06443447704966297,0.2675096171867948,58,1653
2006-04-24,0.17792911140312898,0.1599802299843813,0.16709674043948902,0.06510682370121146,0.268106295820819,58,1653
2006-04-25,0.17735320015305972,0.15901471016428523,0.16574296417799872,0.06551544361553306,0.2664521505917088,58,1653
2006-04-26,0.17680410680370123,0.15941035657811684,0.16546423347068812,0.06575420200595296,0.26597338744611726,58,1653
2006-04-27,0.17690563359573086,0.15909565558821384,0.16577059949429404,0.06532096718461866,0.2647410967091627,58,1653
2006-04-28,0.17710655460085592,0.1595114732029937,0.16646514619885702,0.0650774841889789,0.26711415148924894,58,1653
2006-05-02,0.17731052233475483,0.1602093938818348,0.16598226469942326,0.06551456675619288,0.2661049423819985,58,1653
2006-05-03,0.1784432886948278,0.1592260726312497,0.16594074845594592,0.06636413250718812,0.2690046989919875,58,1653
2006-05-04,0.17524857772732821,0.15364816530274544,0.16357136415029833,0.06371829449432825,0.2644124767512066,58,1653
2006-05-05,0.17568562439803248,0.15565646129065325,0.16374588327580572,0.0631777043677727,0.2636320406204449,58,1653
2006-05-08,0.17595943636330044,0.15430151755121088,0.16415691509760946,0.06288644754810131,0.26556222017047976,58,1653
2006-05-09,0.17572088032962682,0.1549209421441164,0.1644292423422724,0.06364300741509256,0.2638458272618445,58,1653
2006-05-10,0.1749632079225047,0.1544062603115594,0.162919377730846,0.06294359115663158,0.26304985035547734,58,1653
2006-05-11,0.17511002461008662,0.15312960054938193,0.16270991519047381,0.06583533909174714,0.26240287881446334,58,1653
2006-05-12,0.1792187157428185,0.1577030835661203,0.16210207022142575,0.07034779094038777,0.26662388806315346,58,1653
2006-05-15,0.18016338843618673,0.15776989108096565,0.16251514534138042,0.0709746893236316,0.2697527990503516,58,1653
2006-05-16,0.1818255481571266,0.15715472061768893,0.16017741003537583,0.07596588708717746,0.2674800548930174,58,1653
2006-05-17,0.18181192390554365,0.15629070192086833,0.15991020797579414,0.07560165442578409,0.26460021629635183,58,1653
2006-05-18,0.18347326109074966,0.1586164463397204,0.15932393712214787,0.07688156474790538,0.27051172085844766,58,1653
2006-05-19,0.18287336765344775,0.1577577015188094,0.15978493218021647,0.07597088400668313,0.2708259305464689,58,1653
2006-05-22,0.1831145808032559,0.16014298337952754,0.15907697759771205,0.07797997846778505,0.26923947625802447,58,1653
2006-05-23,0.1873771341600594,0.16519379545134655,0.15967452918784833,0.07855700541520867,0.27349766811239723,58,1653
2006-05-24,0.18700710795121475,0.1652641944698146,0.1597391574877526,0.0772248736468201,0.2738498455360273,58,1653
2006-05-25,0.19042720425648296,0.1687884390180058,0.15897226885307747,0.07992458469380939,0.27826296634343745,58,1653
2006-05-26,0.19673455178679886,0.17350020885761347,0.16080796415486417,0.08461003324350504,0.2872691932663409,58,1653
2006-05-29,0.19772893325684268,0.17406460597318696,0.16144335286194414,0.0842687622345327,0.29005177213323746,58,1653
2006-05-30,0.19753742750965617,0.17346261322114373,0.16205688432191726,0.08412851340411871,0.289347437962799,58,1653
2006-05-31,0.20317066596413907,0.18203097604898658,0.1641150487242665,0.08796395659705325,0.29755341112886585,58,1653
2006-06-01,0.20152225807055746,0.17845395515403095,0.1629965697940321,0.08816922830361865,0.29499630432958823,58,1653
2006-06-02,0.20368821212430768,0.17980402190257627,0.1633169169635748,0.09025075198312135,0.2996353198474801,58,1653
2006-06-05,0.20369835991927393,0.17994825555288602,0.16337502929365652,0.08920345023748397,0.29846058749295445,58,1653
2006-06-06,0.20519611062827395,0.1801869352124133,0.1643283815637147,0.08924323171002191,0.3048422225900518,58,1653
2006-06-07,0.203666458694531,0.17711250512458998,0.16344421136419338,0.08843105458426596,0.3018934175427505,58,1653
2006-06-08,0.20520067624726943,0.18059956133486468,0.16484231085494008,0.08928756511071517,0.3056956859872507,58,1653
2006-06-09,0.20285794452055747,0.17804647018554018,0.163478847541531,0.08899031548066154,0.30237818408735595,58,1653
2006-06-12,0.20181161592961636,0.1774428146301221,0.16253770716649923,0.08971497890447522,0.3004316690487745,58,1653
2006-06-13,0.20778883414500585,0.1835403878988829,0.16547679977295704,0.09158369199616798,0.3088760044495796,58,1653
2006-06-14,0.20882727407021073,0.18681972864081745,0.16521652492434805,0.09215722303343103,0.3096007812077905,58,1653
2006-06-16,0.20896405914303512,0.18672926054121983,0.16312206466107187,0.09214724092129224,0.3094376346306764,58,1653
2006-06-19,0.21424237230524956,0.1939363455059064,0.16295842715396638,0.09811362598515731,0.3121933262621225,58,1653
2006-06-20,0.21481674724432048,0.19340337637395796,0.16273023459091998,0.09889497259740712,0.31573848573770946,58,1653
2006-06-21,0.21446929085963815,0.1915568861298297,0.16237084949861844,0.09959995972277993,0.3158809485594359,58,1653
2006-06-22,0.21459215910400528,0.1911166788056633,0.16227831309762175,0.10133261034482119,0.3144246585054412,58,1653
2006-06-23,0.21447238785302736,0.19041504702395784,0.16232707584660208,0.10029388165350346,0.3144669742189881,58,1653
2006-06-26,0.21457455698225789,0.19202305272401018,0.16221967382291705,0.09923646766617317,0.31536030640262414,58,1653
2006-06-27,0.21401366443319822,0.19126829165335602,0.16232931547824625,0.09633178386282366,0.3147754144955942,58,1653
2006-06-28,0.2138782142614349,0.19171502771186935,0.1623916797993779,0.0966027526269548,0.3135742284742407,58,1653
2006-06-29,0.2111088005655399,0.1888345293508166,0.16111789168651006,0.09331641852442255,0.31126976114500476,58,1653
2006-06-30,0.21334458411624627,0.19351839572320997,0.16602983502660237,0.09310585956243005,0.3150914654588332,58,1653
2006-07-03,0.21434961231549213,0.19586332403283013,0.16667461647923265,0.09306597676691564,0.3160079678822171,58,1653
2006-07-04,0.2152309736608392,0.1973478261850889,0.16757225863145742,0.09338463644489535,0.3191625220327375,58,1653
2006-07-05,0.21523339891889684,0.19716896314412052,0.16758181113682405,0.0927145174817368,0.3195830324979248,58,1653
2006-07-06,0.21699678608373665,0.2008163565281926,0.16906247216743647,0.09361178825492486,0.323519188846431,58,1653
2006-07-07,0.21704831675550496,0.20033266535194405,0.16895334541633245,0.09411577299014913,0.3219167414206313,58,1653
2006-07-10,0.21720616181487643,0.19922710193878992,0.1691631710829157,0.09406498496916398,0.3233181094833585,58,1653
2006-07-11,0.21613920997635702,0.19997685118540612,0.168782735372161,0.09433260333174995,0.3220905626498752,58,1653
2006-07-12,0.2154277059240132,0.19943326588631974,0.16901205650409287,0.09296709941951108,0.3216522136273847,58,1653
2006-07-13,0.21555267647190632,0.19804201524484807,0.1693029618307954,0.09327852685340338,0.32211832470142177,58,1653
2006-07-14,0.2195311421144721,0.2012171257872432,0.16889169013693348,0.1001308807715424,0.32454727607165296,58,1653
2006-07-17,0.21930336916090645,0.20092794158040952,0.16790488532591571,0.09991786341739493,0.3248342392164586,58,1653
2006-07-18,0.21988331753073598,0.20084667541634443,0.16799389013209864,0.10113744641089857,0.3244112802101725,58,1653
2006-07-19,0.21982495057692977,0.20211778149595802,0.1681272116599412,0.10062180587059712,0.32460901757021654,58,1653
2006-07-20,0.22409966887095756,0.20616165724705085,0.1686899404737822,0.10442958981491951,0.32879573600781564,58,1653
2006-07-21,0.22446474367015745,0.2065801456657849,0.16826999738956647,0.10480248804161499,0.3268662885622341,58,1653
2006-07-24,0.22435032656624473,0.20663162739347793,0.1685772607889826,0.10448208900974107,0.3274650058287882,58,1653
2006-07-25,0.22496832169415673,0.2067703450044244,0.1685427320799554,0.10380883262685814,0.3266392757722218,58,1653
2006-07-26,0.2234859699782784,0.2056788626947942,0.16948365060693224,0.10045518169992057,0.32848726376547266,58,1653
2006-07-27,0.2239161667740096,0.205954604380004,0.16997650671991663,0.10125750884964332,0.3290689311158182,58,1653
2006-07-28,0.22383092604161928,0.20637134318349248,0.16988965150790103,0.10068609559175964,0.32952053955860067,58,1653
2006-07-31,0.22115540104049303,0.20371971771930072,0.16782505838395761,0.09953175464851434,0.3275094838475199,58,1653
2006-08-01,0.22142505120818715,0.2051761217117122,0.1679135426789912,0.09952695163907278,0.32428104135261326,58,1653
2006-08-02,0.2217414489018008,0.20498345719544148,0.16818688480033192,0.09846243843834736,0.3247429820252301,58,1653
2006-08-03,0.21945060985640774,0.20007540015286557,0.16843676901584057,0.09726820317341453,0.3226510621427279,58,1653
2006-08-04,0.21940367587012613,0.19997333313226806,0.168846254496016,0.0977757001426279,0.324001920280638,58,1653
2006-08-07,0.21982211895511597,0.20054388136667847,0.1689485302639419,0.09805736637936441,0.3253402108839822,58,1653
2006-08-08,0.2184611846809697,0.1995257973586059,0.16902879487028172,0.09635632828024726,0.32415209575375303,58,1653
2006-08-09,0.21857670064372617,0.20018330710338783,0.16936003427765975,0.09657192500728942,0.32364110418239644,58,1653
2006-08-10,0.21856544115673368,0.20074012893911483,0.16929040649963467,0.09832705545012822,0.3226401054677424,58,1653
2006-08-11,0.21818280667882858,0.20049175678361772,0.16922029402406943,0.09957888185537729,0.31973642855839973,58,1653
2006-08-14,0.21848087329393007,0.2005194838466527,0.169426714479386,0.09908988600765152,0.3185407889302987,58,1653
2006-08-15,0.2189509731088544,0.2011158503150321,0.1688626991832679,0.1009376878544945,0.32198933427197146,58,1653
2006-08-16,0.21980409656668187,0.20178513774185058,0.1691211823682687,0.10280094306503561,0.32269003935535423,58,1653
2006-08-17,0.21944881998743188,0.20038924605766203,0.16892652641963313,0.10184501201354204,0.32128484254699524,58,1653
2006-08-18,0.21956930415057563,0.20115485301500757,0.1688090503663875,0.10191448658020756,0.3227684193961444,58,1653
2006-08-21,0.21943322856914274,0.20086869782334982,0.16884529248444363,0.10242975446790746,0.32287389070633377,58,1653
2006-08-22,0.22027927079500123,0.2043018180272723,0.16928449662706976,0.1010384463547307,0.32495311775846925,58,1653
2006-08-23,0.22099449495268172,0.20467777358736067,0.16942828867844048,0.10140241875467226,0.32671407738695096,58,1653
2006-08-24,0.22387022034729998,0.20782548497115552,0.16882540200467058,0.10425406557897919,0.32877562378235126,58,1653
2006-08-25,0.22381841601428012,0.20702770982100924,0.16853951358105387,0.10454604345436255,0.3284605107622645,58,1653
2006-08-28,0.22330657154337233,0.206557376802793,0.1679869111922634,0.1045524114148319,0.3262983168948814,58,1653
2006-08-29,0.22254718195394688,0.20667331737284977,0.16765227553559892,0.10359331010774821,0.3262357664463871,58,1653
2006-08-30,0.22297710631724146,0.20676891886155713,0.16793231781602627,0.10422814718512982,0.3257466077976901,58,1653
2006-08-31,0.22184072608658137,0.20543905608016005,0.168096327267542,0.10310568191045517,0.32466644147635293,58,1653
2006-09-01,0.22193567928979602,0.20613242571402188,0.16804794836061318,0.1036421642115417,0.3236958438758007,58,1653
2006-09-04,0.22266189983245424,0.2059947858873932,0.16948642798055374,0.10334479674013183,0.3267025317058382,58,1653
2006-09-05,0.22263817054268856,0.20614965154104575,0.16968515852071525,0.10287875277850589,0.3268805213075416,58,1653
2006-09-06,0.22246062272426095,0.2059841349246147,0.1696193156664936,0.10330021967832176,0.3266534316429426,58,1653
2006-09-08,0.22288256541954726,0.20486213514054624,0.16989658214745107,0.10287532214556071,0.3268517274078493,58,1653
2006-09-11,0.2219519724581428,0.2029966086092531,0.17020178151322732,0.10189810740278893,0.3251602021623001,58,1653
2006-09-12,0.22310821666861827,0.20353440888870244,0.1706257864061443,0.10326321896026497,0.32723522324293086,58,1653
2006-09-13,0.22236697818364692,0.20366564693100164,0.17074981245173468,0.10191178902892957,0.32647269859693806,58,1653
2006-09-14,0.22242861951909054,0.20328140509703557,0.17072340068663883,0.1025027158091228,0.32703783863605806,58,1653
2006-09-15,0.22211237289818012,0.2030942819053115,0.17031785993381562,0.10122323280100959,0.32588111477492376,58,1653
2006-09-18,0.22192258174320617,0.20230373725770615,0.17036304173317607,0.1015571195187898,0.326591653111279,58,1653
2006-09-19,0.22199032032799762,0.2031936468965337,0.17040206319377205,0.10303158678565906,0.3262545685219204,58,1653
2006-09-20,0.22325154333695185,0.20567270134176185,0.1705898759306465,0.1022327867885444,0.3271511677993546,58,1653
2006-09-21,0.2226815675195212,0.2036777524944916,0.17130284300162005,0.10169225687673003,0.3268110882230941,58,1653
2006-09-22,0.2233877838017068,0.20546641787432773,0.1714539668648734,0.100783974055067,0.3279858549705553,58,1653
2006-09-25,0.22358050112353176,0.20591431065093224,0.17168250821353906,0.10062192728665634,0.32806981839344423,58,1653
2006-09-26,0.22325462183839404,0.20528087137490666,0.1715054167965537,0.10122997369598885,0.32613591875860687,58,1653
2006-09-27,0.22409229363752298,0.20672639365385365,0.17153867878088297,0.1018034725489977,0.3278741619880878,58,1653
2006-09-28,0.22385992143580746,0.2074004950516195,0.17140587122251497,0.10195167371653201,0.3279080827797751,58,1653
2006-09-29,0.22377557611400875,0.20512614476074642,0.17141219007020692,0.10081572561531174,0.32909374161836713,58,1653
2006-10-02,0.22393592672395726,0.20746560227609076,0.1713143763125584,0.10207178728791551,0.32859590455209303,58,1653
2006-10-03,0.22376559353925513,0.20607913860884844,0.17197605665894036,0.10112231853344068,0.32827036023569905,58,1653
2006-10-04,0.2225582637038316,0.20480625678605052,0.17251472483234043,0.0994771801110687,0.326814366086493,58,1653
2006-10-05,0.22464230585184783,0.207747963452563,0.17385844110632492,0.0996420412172424,0.3331272946735916,58,1653
2006-10-06,0.22415315494100693,0.2077250629461601,0.17373212382399056,0.09910929301361766,0.3318365124947537,58,1653
2006-10-09,0.22431744479293417,0.20666875926997244,0.17390232440288117,0.09879923281656303,0.3328437694823365,58,1653
2006-10-10,0.22418233866832954,0.20682802639214992,0.1748761434643849,0.09784169828081142,0.33359018786265143,58,1653
2006-10-11,0.22247814031482668,0.20541764203114538,0.17271092973012,0.0967322584566726,0.3292465800370749,58,1653
2006-10-13,0.21997721993395183,0.20274423685214907,0.17196295296572686,0.0952723935921105,0.3238530997421254,58,1653
2006-10-16,0.21913716984560944,0.20156294974850653,0.17182206852052018,0.09534188061326103,0.32397504651013675,58,1653
2006-10-17,0.21921968847406867,0.2015369908502299,0.17192739093273787,0.09452225042873214,0.3233956722314897,58,1653
2006-10-18,0.21974253895534315,0.2031427159664799,0.17212833745530734,0.09633984786950932,0.3230310229864444,58,1653
2006-10-19,0.2200415888104972,0.20351447876883255,0.171914347090278,0.09532748261547098,0.32616958560591075,58,1653
2006-10-20,0.22027335149592575,0.20436197061861874,0.17164567084501914,0.09420884806762102,0.3256566814999815,58,1653
2006-10-23,0.22036150093356058,0.2045415744539017,0.1717292374622131,0.09455867859404761,0.3257324263107929,58,1653
2006-10-24,0.21853579413134258,0.20172721649388653,0.1710236938136674,0.09382939077108492,0.3238666965745005,58,1653
2006-10-25,0.21822860046506937,0.20075486356914557,0.1713114252345727,0.09203059726456257,0.32345764969269547,58,1653
2006-10-26,0.21741645481078037,0.20014825573379721,0.16988952302970106,0.09573797563502888,0.3209952560915794,58,1653
2006-10-27,0.2177542457453795,0.20234328565795173,0.1694436885842674,0.09663019603921812,0.3230735105311827,58,1653
2006-10-30,0.21861048463546726,0.20420273109326761,0.16927943266593373,0.09659321680081398,0.32436222427071765,58,1653
2006-10-31,0.21900368861650346,0.20572295304547678,0.16968557477932225,0.09658199464752773,0.3264407443998072,58,1653
2006-11-01,0.21966759626297294,0.2058454697419293,0.16975288301945235,0.09610251226683311,0.326355811151731,58,1653
2006-11-03,0.21998117654276583,0.20569063450334354,0.16931795125942742,0.09723050319303775,0.32773262636681727,58,1653
2006-11-06,0.220333025943989,0.20493634522596788,0.16962706679272452,0.09683628220475003,0.3274462561102852,58,1653
2006-11-07,0.21957635534235945,0.20463102506589081,0.1687146443378148,0.09688180750176431,0.32419376779424314,58,1653
2006-11-08,0.21838243572037472,0.20180886142835844,0.16804501891911722,0.09693410077091466,0.3237759752262659,58,1653
2006-11-09,0.21854259185016514,0.20151746440798896,0.16776216706553787,0.09528905095687418,0.3225679792981182,58,1653
2006-11-10,0.21876126479879976,0.20242184273404487,0.16793645437194712,0.09723421875695532,0.325503377494604,58,1653
2006-11-13,0.21874032474799715,0.20217537268846572,0.1679221284217943,0.09707087285325113,0.3259668208697538,58,1653
2006-11-14,0.2186139734391526,0.2019838741276433,0.16811010828930192,0.09613588849543071,0.3265906721766633,58,1653
2006-11-16,0.21873367202093244,0.2013489693055212,0.16833931434794508,0.09511346904882995,0.3259622444898629,58,1653
2006-11-17,0.2192712336023931,0.20233088902864094,0.16873960857364298,0.09338894858145738,0.3281886975202909,58,1653
2006-11-21,0.2191030021592755,0.2024183505252025,0.16873548925173107,0.09409595339160219,0.3269375482825603,58,1653
2006-11-22,0.2193861957957119,0.20268592456575116,0.16865568970719325,0.09581420329508815,0.3274088687182365,58,1653
2006-11-23,0.22002636237541437,0.20619004649097927,0.1691663299761861,0.09523685067094184,0.3282028232725903,58,1653
2006-11-24,0.2196544201912552,0.20540736345846244,0.16852157223676334,0.09694608444890891,0.32585185034170755,58,1653
2006-11-27,0.21961408808588115,0.20502817973574367,0.1686146783104155,0.09591846314287966,0.3267143385849034,58,1653
2006-11-28,0.2203658342276497,0.20267386774124876,0.16931898691506098,0.09514111073315919,0.32742427028010357,58,1653
2006-11-29,0.22073216721306071,0.203005347548913,0.1694412250165616,0.09520876760923262,0.3286677768169889,58,1653
2006-11-30,0.2204222758997801,0.20176007651981448,0.16942218646834276,0.09466370123353107,0.32871624578981,58,1653
2006-12-01,0.22078759029775136,0.20335813729273325,0.1696679853671011,0.0949861467205027,0.32956870194394716,58,1653
2006-12-04,0.22083342259967387,0.20399910616707317,0.16957287990199893,0.09545682158844797,0.3286034246588842,58,1653
2006-12-05,0.22268541972426414,0.2040547039321837,0.16982029858513353,0.09691844051531827,0.33036343498268533,58,1653
2006-12-06,0.22310195050564066,0.20424984036504804,0.17010407331930358,0.09645076068425891,0.33117534753579614,58,1653
2006-12-07,0.22317959992722075,0.2045202484655331,0.17017100765722906,0.09640315313017282,0.33132262483871044,58,1653
2006-12-08,0.22235617768419372,0.20472227865134357,0.16997975993790915,0.09660169271641894,0.3309063425611363,58,1653
2006-12-11,0.22218282662989178,0.20469860227337855,0.1704469432801336,0.0945608344823598,0.33133196323341885,58,1653
2006-12-12,0.22273786067378493,0.20475295486305203,0.16966258037829907,0.09432640408987158,0.3322999046982462,58,1653
2006-12-13,0.22355363163284742,0.20572727171834368,0.16954413539487354,0.09605426928828667,0.3325326275056679,58,1653
2006-12-14,0.2215845183007485,0.20362267708431556,0.1689056929343177,0.0969029039338041,0.32976267453092106,58,1653
2006-12-15,0.22186856505824545,0.20347244009124513,0.16896929305226083,0.0979829798154354,0.3284862178209092,58,1653
2006-12-18,0.22191677034508045,0.20508926645724343,0.16902018636060068,0.09673975603319476,0.3288286443985812,58,1653
2006-12-19,0.2218409985417472,0.20439503717230809,0.1689163499488639,0.09674354211450978,0.3281923405471486,58,1653
2006-12-20,0.22163368234761455,0.20407607533375924,0.16900892935909095,0.09733784515016712,0.3282222895363493,58,1653
2006-12-21,0.22151369208734498,0.20392852234264056,0.1689248669037343,0.09726553289728147,0.32850125357732185,58,1653
2006-12-22,0.2216517200582381,0.20417120404725475,0.16880832334890641,0.09702979565638792,0.3282818096359608,58,1653
2006-12-26,0.22175347839206921,0.20373916024204872,0.16895203487263388,0.09673719598584127,0.3277690029730407,58,1653
2006-12-27,0.2220821088486563,0.20316552496351742,0.16861453753711036,0.09737830297300269,0.32682812122136345,58,1653
2006-12-28,0.22296229437555104,0.20382242397060715,0.16885860098579603,0.09890164431946193,0.3283598443526444,58,1653
2007-01-02,0.22255668195169032,0.20332630009844047,0.16827722933299788,0.09839247380601557,0.32768052038579276,58,1653
2007-01-03,0.2231993015075676,0.2028046860915948,0.1684775904506898,0.0984087027573486,0.3285881545442007,58,1653
2007-01-04,0.2232652523103245,0.2044645732905748,0.16850745115787383,0.09799925707628698,0.3284461441987279,58,1653
2007-01-05,0.22335733900653454,0.20427140422868087,0.16846618186657328,0.09788623606658632,0.32898953989078356,58,1653
2007-01-08,0.2282156890934915,0.2099009046946646,0.16951141248869311,0.10328534174641937,0.33513702047352134,58,1653
2007-01-09,0.2280355329401876,0.21178270530740834,0.1695288748017728,0.10295780508972502,0.3340379314626358,58,1653
2007-01-10,0.22832189198625738,0.20918975392133995,0.1702947097573964,0.10207051104133012,0.33593498790505255,58,1653
2007-01-11,0.22830581468400768,0.21007873207577457,0.17046259801850638,0.10128472810480466,0.3370179789359829,58,1653
2007-01-12,0.22650137800859252,0.20925515434689063,0.1699243154495664,0.09905988447255387,0.3322037843386862,58,1653
2007-01-15,0.2267143873099665,0.20928815787469174,0.1697604002380298,0.10039118855692644,0.33107793419460496,58,1653
2007-01-16,0.226839450100314,0.20982190239136156,0.1698669737090846,0.10035591331360424,0.3334689473364182,58,1653
2007-01-17,0.22612906081246067,0.20721062037624266,0.1703892072510874,0.10007757231501437,0.3321611051326027,58,1653
2007-01-18,0.22652920249113076,0.2095651806387994,0.17055569439593046,0.10007724426039313,0.3346261567948809,58,1653
2007-01-19,0.22595458897218063,0.2086988898026283,0.1705122439071972,0.10019187095679988,0.33253828406926594,58,1653
2007-01-22,0.22493212146430874,0.20672291418535624,0.16947942963205068,0.09941556323709147,0.3304619445205435,58,1653
2007-01-23,0.22542494822284276,0.2071115546453411,0.16959751981904134,0.09952427233225142,0.3324528156371279,58,1653
2007-01-24,0.22530712153631122,0.20694274693525475,0.16955908401830294,0.09992605160163429,0.3306692105082534,58,1653
2007-01-26,0.22521964822420645,0.20389495606659033,0.169377814567903,0.1012724282688694,0.3281987732117282,58,1653
2007-01-29,0.22543181949760613,0.2059488526781223,0.16878840466783873,0.10158519289469055,0.327564044103257,58,1653
2007-01-30,0.22636232207447707,0.21087759935156625,0.16901515124431374,0.10263204721527536,0.3296888158423415,58,1653
2007-01-31,0.2226401557654168,0.20818051044964453,0.16886274371089025,0.09714786186362263,0.32683044161597197,58,1653
2007-02-01,0.22287028900591055,0.20825581050031694,0.1690314993907805,0.0967211505324747,0.32729312268283756,58,1653
2007-02-02,0.22301989789669416,0.20884718213460068,0.1692402558902234,0.09635622451997078,0.32694986775426144,58,1653
2007-02-05,0.22313115019892596,0.20915292992096676,0.1687335250742367,0.09839509424343494,0.3259506264214216,58,1653
2007-02-06,0.22264441450716918,0.20786623650956368,0.16856177230950278,0.09621754381269457,0.32475545940782885,58,1653
2007-02-07,0.22363098940911452,0.20883511184488746,0.16936961073172843,0.0957770267350694,0.3265548358615599,58,1653
2007-02-08,0.2243113878596282,0.20869969345659764,0.16989058756596317,0.09644526618527317,0.32861067937459615,58,1653
2007-02-09,0.22475491593257524,0.20836502110143593,0.16990008037631077,0.09765084034378868,0.3292612449016754,58,1653
2007-02-12,0.2251580648082693,0.21076688804382138,0.17044581959284913,0.09716959000561316,0.33061570215601965,58,1653
2007-02-13,0.2240942438123821,0.2103507618060719,0.1697441633164345,0.09684261824566688,0.3289433998875658,58,1653
2007-02-14,0.22536293078312064,0.21303196649341444,0.17058599242886466,0.09524692735047105,0.33035514872842675,58,1653
2007-02-15,0.2255660737479187,0.21070650201165603,0.1709278942206095,0.09607227603425211,0.33122642422531257,58,1653
2007-02-16,0.22421981795693127,0.21001780474505122,0.1705634232973171,0.09352587511173488,0.3298751181131907,58,1653
2007-02-21,0.22474494772979237,0.20951231475291948,0.17082402366839367,0.09374246014040681,0.3303418577286177,58,1653
2007-02-22,0.22468345403354756,0.2095165617069978,0.17053567764817795,0.09581039648679511,0.329852043677959,58,1653
2007-02-23,0.225115221579923,0.2124765301277647,0.17115812051328744,0.0949633163493973,0.33314296266311677,58,1653
2007-02-26,0.22432799802268177,0.20859080337604213,0.17029243692879661,0.09476674211243842,0.3308092404648272,58,1653
2007-02-27,0.22463241890204785,0.20701249116449208,0.1708232410466936,0.09399922112177167,0.33334973736506773,58,1653
2007-02-28,0.23746358186879277,0.22114568804927018,0.17231809188798017,0.10530440522001534,0.3487173111915806,58,1653
2007-03-01,0.23770436311321064,0.2229709996308701,0.1724150543077633,0.10547272126390526,0.3511517045742781,58,1653
2007-03-02,0.23751324344770658,0.22359429047892912,0.17176185238733102,0.10596358497602604,0.34933907174122164,58,1653
2007-03-05,0.2389618311852561,0.22372746859956735,0.17299094731511327,0.1070625102886114,0.3519340032809834,58,1653
2007-03-06,0.24136050866736092,0.2273851061078307,0.17360550406608885,0.10895559153919056,0.354561343655199,58,1653
2007-03-07,0.24661255169240173,0.23489281473491727,0.17579085329503577,0.1142567946636593,0.3632232141831092,58,1653
2007-03-08,0.24721042645364744,0.2344025757016113,0.17610646951566178,0.1130410786678001,0.36379374495460426,58,1653
2007-03-09,0.24783890339881146,0.2314763426969778,0.17726704967843962,0.11349579016335695,0.36704826228572085,58,1653
2007-03-12,0.24744955436733054,0.2302169727422353,0.1771030731724091,0.11295735090137907,0.36574033669103,58,1653
2007-03-13,0.24801953483273265,0.23045271221877114,0.17729845336229894,0.11474440185593675,0.36615606935866096,58,1653
2007-03-14,0.25130430435188356,0.23306978816039536,0.17811633090659418,0.11636870967125196,0.37151542264373427,58,1653
2007-03-15,0.2514669204300116,0.23448301555625817,0.17795032550043346,0.11685114760213673,0.37181618531847976,58,1653
2007-03-16,0.24720797253382767,0.22793606825630924,0.17795156428842498,0.10992710665434556,0.3678069052714028,58,1653
2007-03-19,0.24764760053607113,0.2274117872734003,0.1784912179314847,0.1103760199574001,0.36857476993907473,58,1653
2007-03-20,0.2471599659763774,0.22759607581570113,0.17927539866156372,0.10718574906900073,0.36837119890785164,58,1653
2007-03-21,0.24768232603901655,0.2281985302503791,0.17987302974780894,0.10686262911056142,0.3701744156490347,58,1653
2007-03-22,0.24951994791432672,0.23024354839008462,0.18047421851173154,0.10908372111010949,0.3726707264697137,58,1653
2007-03-23,0.24911139593994885,0.22744024369490917,0.1808218509960258,0.10884179899213099,0.37299972262916137,58,1653
2007-03-26,0.24864345606449248,0.22779749952324158,0.18048854220823726,0.10870308736089847,0.37126947484397443,58,1653
2007-03-27,0.248675707119687,0.22894080671459494,0.18071807632447018,0.10684187766591459,0.37206390795602745,58,1653
2007-03-28,0.24867915805151627,0.22956106756195188,0.1811581345078505,0.10737526501589259,0.37334401166111836,58,1653
2007-03-29,0.25078463947703805,0.2315015428925893,0.180914499573473,0.10801786119583327,0.37512559894938574,58,1653
2007-03-30,0.2506539742383778,0.23131396783289365,0.18027066946374584,0.10953431034809903,0.3752821095730153,58,1653
2007-04-02,0.2499488800097803,0.22958329958950724,0.18040895619732375,0.11046083400536716,0.3727291666043924,58,1653
2007-04-03,0.24986151930278466,0.2301387737236395,0.18000062057770894,0.11203309207192623,0.3734290960886803,58,1653
2007-04-04,0.249708770061817,0.22962159220890915,0.17981499334528916,0.11191948604193167,0.37461296627680496,58,1653
2007-04-05,0.25042818183712706,0.2287274197786189,0.1803251245324189,0.11162282430250275,0.3742465682362489,58,1653
2007-04-09,0.24924653327018387,0.2275325970655782,0.179216286922499,0.11353121004426872,0.3727555683558487,58,1653
2007-04-10,0.24928828421855245,0.22878920966439048,0.1789020302998562,0.11381504213630879,0.3706860503692686,58,1653
2007-04-11,0.2495465388737653,0.2299138380324905,0.17913785361920764,0.1145661098421768,0.37217687488132645,58,1653
2007-04-12,0.2509161890063664,0.22904557505103995,0.17926456100280255,0.11489941160821839,0.37404988290616914,58,1653
2007-04-13,0.2514377954072158,0.23034598905885162,0.17894538835114793,0.11591025669853666,0.37513961539980467,58,1653
2007-04-16,0.25225044415251313,0.2339557996929877,0.17953107993177234,0.11639769758250948,0.3756652633286866,58,1653
2007-04-17,0.25298424251028984,0.2326005211920939,0.18018376554278898,0.11689159306545413,0.37621660888052844,58,1653
2007-04-18,0.2531368694760491,0.23380944012076804,0.18044537446284917,0.11534728404045372,0.3766960191384936,58,1653
2007-04-19,0.2533356231093001,0.23424774570130732,0.18077731527055665,0.11529107689407585,0.37719198134509735,58,1653
2007-04-20,0.253104048177571,0.2326890718888431,0.18073015884903287,0.1146495470959897,0.37636062410941007,58,1653
2007-04-23,0.25327247740062914,0.23214866383897817,0.1806561831007735,0.11442217985602739,0.3760479192009396,58,1653
2007-04-24,0.2539539493610953,0.23346709559146223,0.18070414355434555,0.11681062099834447,0.37797943674327333,58,1653
2007-04-25,0.25315629796426464,0.23237823938784982,0.18051317447448562,0.11602320146921856,0.37555146101061637,58,1653
2007-04-26,0.25350083240149957,0.23269352075540617,0.18107225615481476,0.1155517924037665,0.3768214569627524,58,1653
2007-04-27,0.25158351965399156,0.2307444424040564,0.18105775093013732,0.1115217100791801,0.3731330029758984,58,1653
2007-04-30,0.25187436362285454,0.23110390892819616,0.18140550577907108,0.11201975400063165,0.3741123267390829,58,1653
2007-05-02,0.25174161815338486,0.22944968610365973,0.1813921438064517,0.1115024572581609,0.37621254023644557,58,1653
2007-05-03,0.25236595057492744,0.22923084725210485,0.18058362525794883,0.11592770590884671,0.37486055384813755,58,1653
2007-05-04,0.2526123906561633,0.23056867733784212,0.18052524117005467,0.1161452103731941,0.37653346751702216,58,1653
2007-05-07,0.2519625923098672,0.2281454416254827,0.18062892246962423,0.11433849318609658,0.3767126212645251,58,1653
2007-05-08,0.25187791787677055,0.2278828561573342,0.17971929018284447,0.11567037870060054,0.3730963081202983,58,1653
2007-05-09,0.25215960778337687,0.22924317138113026,0.17952173748876757,0.11605985635836902,0.3752231847650146,58,1653
2007-05-10,0.2526592808733056,0.23395448923413936,0.1795744212229716,0.11664477529984828,0.3737210014985473,58,1653
2007-05-11,0.254352437636104,0.23489181898388395,0.18005486026011386,0.11828941374492309,0.37619628673668454,58,1653
2007-05-14,0.25502644695519117,0.23613929648182638,0.1804599357424235,0.11729683697843359,0.37570823963531014,58,1653
2007-05-15,0.25583993705780916,0.2377310536586924,0.18050979852745058,0.11825640418940435,0.37625593586650247,58,1653
2007-05-16,0.2558683900321466,0.23707498637875923,0.18068235089757606,0.11733162065062719,0.37674987670571675,58,1653
2007-05-17,0.2585650399210724,0.24058279858670029,0.1809098727565364,0.12207084434915659,0.3807078324367728,58,1653
2007-05-18,0.25883727228934006,0.24067250616559743,0.1811213808334188,0.12035605774702751,0.3806575689441339,58,1653
2007-05-21,0.2565713371848562,0.2405799880933982,0.18141550490192754,0.1180433083010811,0.3773180289154069,58,1653
2007-05-22,0.2562664984031638,0.23963472390357815,0.1808668393894562,0.1196285525299375,0.3758970690594863,58,1653
2007-05-23,0.25398418312028676,0.23727988325230057,0.18221184127918333,0.11657061128499836,0.37472713179766454,58,1653
2007-05-24,0.254737544273488,0.23626409607194226,0.18311617223531476,0.11573868791722043,0.3773449261778727,58,1653
2007-05-25,0.2556448511071732,0.2370415170826568,0.18246994164326075,0.11834822721251827,0.37703438171304393,58,1653
2007-05-28,0.25787824406218046,0.24043146989243971,0.18247920964771638,0.121434337591476,0.3785647730977158,58,1653
2007-05-29,0.258665466467429,0.24205606482975578,0.18321231699016768,0.1225651551325712,0.3804401737566375,58,1653
2007-05-30,0.2555413674427962,0.23573465144289482,0.18170807156327579,0.1251108613309638,0.37522320450639607,58,1653
2007-05-31,0.25574908533792823,0.23476147744136477,0.18173654018597402,0.12509014146615202,0.37560618483967534,58,1653
2007-06-01,0.25280679095670044,0.23095136994707263,0.1819718357150976,0.12124601009526842,0.37317930747036476,58,1653
2007-06-04,0.24707527602327484,0.2238610250959857,0.18074760950150948,0.11886050707177344,0.36482579368262913,58,1653
2007-06-05,0.24563050699830466,0.22361015648003277,0.17959241041268714,0.11823269729306014,0.36268322550851095,58,1653
2007-06-06,0.24568052308594876,0.22252845520932052,0.1793830011049892,0.1192453792417757,0.36424355601022845,58,1653
2007-06-08,0.2416038960537703,0.21758378726925395,0.17678041010758708,0.11625777617066087,0.3549983730781448,58,1653
2007-06-11,0.24233509161867223,0.21918073712246003,0.17713825740595177,0.11597426240875688,0.35577651305788444,58,1653
2007-06-12,0.24035974248566458,0.21607113771903483,0.176648350097616,0.11588090938615393,0.3546076349856325,58,1653
2007-06-13,0.2417348658588657,0.21670933312480276,0.1771012860027876,0.11614079232200501,0.3578475528760358,58,1653
2007-06-14,0.24020381183526238,0.21488910200616446,0.17629343392650645,0.11489702503737843,0.35477360835896743,58,1653
2007-06-15,0.24146774749750435,0.21617748202871157,0.17676208567709503,0.11648640852542062,0.35557604585880626,58,1653
2007-06-18,0.23999279075903868,0.2163952939600038,0.17573354577794403,0.11558639444768613,0.3533737153426951,58,1653
2007-06-19,0.24028918518895176,0.21530464642222277,0.176287250730213,0.11624815552981756,0.35381331284215395,58,1653
2007-06-20,0.24010422193829475,0.21364834993867127,0.17645532158562938,0.11533005552723997,0.35482606793664695,58,1653
2007-06-21,0.23307564077625642,0.20924092582219483,0.17248944897659108,0.11260191056893752,0.3402827837900112,58,1653
2007-06-22,0.23126420696187536,0.20624087105099062,0.17279134606391705,0.10897914717350005,0.33715772683072864,58,1653
2007-06-25,0.23095236499677635,0.20645608675801333,0.17516787058152203,0.10322747128276469,0.33971061322054324,58,1653
2007-06-26,0.2253987922420805,0.19806756684299193,0.17458752132778882,0.10056200040675303,0.3326736641642703,58,1653
2007-06-27,0.2254862088469405,0.19776844235573135,0.17442905156126712,0.10042695580558746,0.3333090568484041,58,1653
2007-06-28,0.22564559674518175,0.19907176178322616,0.17448923363210322,0.10166860398197941,0.33350039026791045,58,1653
2007-06-29,0.22536229480675055,0.19833396245436585,0.17343842689365885,0.10077028281357381,0.332963630501819,58,1653
2007-07-02,0.2251396537776639,0.19934392363279504,0.17330494837974508,0.10139407103646898,0.33231678618921656,58,1653
2007-07-03,0.22589317771872452,0.2011513019075644,0.17389705623355803,0.1005554746097606,0.3329547031483,58,1653
2007-07-04,0.22623035632123506,0.19983676003119777,0.17383296801736828,0.10082882168621654,0.33561676757732184,58,1653
2007-07-05,0.22647098534231172,0.20101795052316668,0.1741850048594559,0.10043594389788606,0.33729840287427587,58,1653
2007-07-06,0.22648135548375828,0.200685214542148,0.17503520495831557,0.09902746055246901,0.33692444216046263,58,1653
2007-07-10,0.22185078946421813,0.1955383452751154,0.17026534215219727,0.09861190240425584,0.32494002238459035,58,1653
2007-07-11,0.2221233856712672,0.1952596275466655,0.17012036124096214,0.09955907441439484,0.32526510987302165,58,1653
2007-07-12,0.22139242287587668,0.1941585055273455,0.1690228612986073,0.10076383553271477,0.3220958411096808,58,1653
2007-07-13,0.2215022892174767,0.19468369470260566,0.1687906811693925,0.10097555711083858,0.32332643434296005,58,1653
2007-07-16,0.21906876052377144,0.1922093330227899,0.16716730334519775,0.10026108659038135,0.3167853607211021,58,1653
2007-07-17,0.21961807620318505,0.1930839111405482,0.1669189885492918,0.09994989936754414,0.3163651122781635,58,1653
2007-07-18,0.21972723588004353,0.19193908333120216,0.16602419888932038,0.10138125178280603,0.3168406288989486,58,1653
2007-07-19,0.2196338118937776,0.1910088438057405,0.1661001103081909,0.10201117774853363,0.31716351751247424,58,1653
2007-07-20,0.21972410995363384,0.19267480363209719,0.16596618472500127,0.10186189175923563,0.31892426559174014,58,1653
2007-07-23,0.21995835764103577,0.1915922239638816,0.1658504246172405,0.10165886953887264,0.32062331698779795,58,1653
2007-07-24,0.21514345035161622,0.18755868399165965,0.16625678232054245,0.09565704490261395,0.3152043979013135,58,1653
2007-07-25,0.2238230934234782,0.19819948468642387,0.16736727453795713,0.10419115920458932,0.3295720485340088,58,1653
2007-07-26,0.22237424003462347,0.1951718559710111,0.16644176526063922,0.10412556372630274,0.32409680176181843,58,1653
2007-07-27,0.23379724900600718,0.21035189872300875,0.16629889632349273,0.11384828756240901,0.335472258479064,58,1653
2007-07-30,0.22886880301082346,0.20518389552039165,0.16520798543642104,0.10928930195915725,0.3294375652426498,58,1653
2007-07-31,0.22898413526095637,0.20669888696600733,0.16495826035513753,0.10905618508100505,0.3279433005508152,58,1653
2007-08-01,0.22863114968835338,0.20703309049911803,0.16415396167696023,0.10970595291475457,0.32700295429603315,58,1653
2007-08-02,0.22828909720247584,0.2072045527788541,0.16396453935120459,0.10979621694394943,0.32429713926677534,58,1653
2007-08-03,0.22857673754918664,0.20640994403393437,0.1629858364808636,0.1091957820399867,0.32446259886987533,58,1653
2007-08-06,0.2309043310754111,0.2079657949763733,0.1635339016099135,0.11068030564747042,0.32686911171621663,58,1653
2007-08-07,0.2304627121274764,0.20874091139246861,0.1634389612440743,0.10984521433850732,0.32534144672860527,58,1653
2007-08-08,0.2288412810202044,0.20637093450201519,0.1632974284596155,0.10877463379246409,0.32343499140799353,58,1653
2007-08-09,0.23106865372071042,0.20883902667570495,0.16316741439624777,0.11160611137903871,0.32500857939666383,58,1653
2007-08-10,0.23405529628778438,0.2107101227360263,0.16395775377808966,0.11400248552663046,0.328820370163381,58,1653
2007-08-13,0.23478799622625332,0.21166204371368552,0.16335786663741952,0.11548130262321173,0.3290350498732816,58,1653
2007-08-14,0.23465493653593744,0.21025084236732314,0.16324065132822163,0.11562489930511308,0.3327572225489032,58,1653
2007-08-15,0.23995147529216518,0.21795533695626965,0.16275648701571624,0.1236778166162905,0.33607195297303877,58,1653
2007-08-16,0.2462943460866012,0.2253388427399472,0.16259610674582614,0.12997598369678826,0.33924637163104887,58,1653
2007-08-17,0.25705676515444675,0.23850304356833182,0.15844096945993905,0.14393019502541513,0.34684012256354735,58,1653
2007-08-20,0.257065712591929,0.23935481166866487,0.15788139833134163,0.14404058182419807,0.3468685682413065,58,1653
2007-08-21,0.25897239524718496,0.24233613268873883,0.15772404386599262,0.1482305538662423,0.34751235504754674,58,1653
2007-08-22,0.25829596239521435,0.24194400371144484,0.15763087105964346,0.1477182402278457,0.34739640866332727,58,1653
2007-08-23,0.2584718701032305,0.24540221181818242,0.16275641313820507,0.14929480004945597,0.35053152315833813,58,1653
2007-08-24,0.2584713853912751,0.24374933736104656,0.1623052017334237,0.1496039922017099,0.3485869591318223,58,1653
2007-08-27,0.2589570700718416,0.24547792179443015,0.1626959176753043,0.15023811751929358,0.3495140067162969,58,1653
2007-08-28,0.2586772871534719,0.24464378217379668,0.16298435516112358,0.1504932754239845,0.34990767538913925,58,1653
2007-08-29,0.26179488649900845,0.24813367727450525,0.16396733328157842,0.15167396110262354,0.35422761418845145,58,1653
2007-08-30,0.262563106123446,0.24986129016326075,0.16397215024077572,0.1525140345259595,0.3558219400452646,58,1653
2007-08-31,0.261674106988012,0.24760006528851092,0.1632711062570174,0.15209540779085218,0.3521043276900743,58,1653
2007-09-03,0.2611969368498163,0.2490961512867056,0.16435430029999745,0.15440039150780357,0.3503096744940607,58,1653
2007-09-04,0.2614818208052624,0.2508567463815211,0.16424291887117037,0.15453336089656525,0.35055213278729064,58,1653
2007-09-05,0.26145421973925925,0.2503305769622638,0.16430961528742402,0.15364238866322363,0.35050900897667076,58,1653
2007-09-06,0.2624847109696646,0.250914272162143,0.16457419952183933,0.1545121809981055,0.3510633610436128,58,1653
2007-09-10,0.2619753608251462,0.24942113177666209,0.16424040608077636,0.15316247152775647,0.35017782114750173,58,1653
2007-09-11,0.26702873390828163,0.25468779842557404,0.16510229981453498,0.16040118413220544,0.35707271473087027,58,1653
2007-09-12,0.2669275771893561,0.25303202925572804,0.16515492921448066,0.15807711369548977,0.3579185685553679,58,1653
2007-09-13,0.2660144086424387,0.25299765018713866,0.16437195239456137,0.16143643528463314,0.35709149211436236,58,1653
2007-09-14,0.26655524048343127,0.25259665956674815,0.16401895216086712,0.16252179606471628,0.35798304668083764,58,1653
2007-09-17,0.2662021732803724,0.2535598788146018,0.16412927469846506,0.16166185617732964,0.3566426405529214,58,1653
2007-09-18,0.2663232197820572,0.25256967320728413,0.1634452150539133,0.1615487892396506,0.35689502842355936,58,1653
2007-09-19,0.26953745134452234,0.25443935273476576,0.16591770075049062,0.1635792222012211,0.36067901091510474,58,1653
2007-09-20,0.26818249664857363,0.2520696154421813,0.16537763391346222,0.16229109416361326,0.3589763432002511,58,1653
2007-09-21,0.2688928065062209,0.25386992271141967,0.16555877730086424,0.16351575504652432,0.35906200275093647,58,1653
2007-09-24,0.2688590055541315,0.2537667400268507,0.1656188331154968,0.1619174278904457,0.3591045242364274,58,1653
2007-09-25,0.26843643134020717,0.2525050879818198,0.16587663325576862,0.1607116516145556,0.35946226902682,58,1653
2007-09-26,0.2686155778850341,0.25308487861570517,0.16568692085959424,0.16356589716391393,0.35924995529351655,58,1653
2007-09-27,0.26887401264173205,0.25345915603289454,0.16596224371457474,0.16402537564020625,0.3601554591836609,58,1653
2007-09-28,0.26743999260736473,0.25171131760316107,0.16602162091383407,0.16406071174201844,0.358594928372035,58,1653
2007-10-01,0.2671376983968546,0.2509578913204513,0.16533275519978463,0.1630336175312536,0.35566219845685365,58,1653
2007-10-02,0.26609215439938294,0.2494029843268488,0.16627399485256528,0.16254547173274864,0.35737916713091056,58,1653
2007-10-03,0.2661561424919022,0.24867932568184692,0.16543425253980096,0.1629595251866995,0.3571640340428114,58,1653
2007-10-04,0.26723949906423505,0.24873635860613175,0.16635231617007556,0.1641244163341523,0.3600600571170107,58,1653
2007-10-05,0.26557355073043937,0.24753919735034086,0.16628724768655784,0.16487570178472513,0.35712425896108024,58,1653
2007-10-08,0.2661828598084118,0.2475144872297332,0.16746289824853278,0.16482825211908542,0.35762873716881216,58,1653
2007-10-09,0.2661866355433564,0.24802875156815446,0.16708852397617452,0.16563856789087236,0.3579080926077201,58,1653
2007-10-10,0.26586850260646266,0.24770795415475047,0.16691089945844012,0.16383744689588375,0.3561702897432201,58,1653
2007-10-11,0.265883512458558,0.24869669981590298,0.16608048074843818,0.1657157453306104,0.35530865409906764,58,1653
2007-10-15,0.2665070536334267,0.24916424001023485,0.16623470587864303,0.16650848597701376,0.3557163445143,58,1653
2007-10-16,0.2642646345253344,0.2467400303932951,0.1647447198736471,0.16398264797013815,0.35430859678342497,58,1653
2007-10-17,0.26550818741467763,0.24757128500892,0.16542190631925896,0.1647394110003583,0.35557514095467485,58,1653
2007-10-18,0.26546457421018693,0.2463137461359327,0.16558644349872395,0.16427234778519365,0.35523781824883155,58,1653
2007-10-19,0.265292348530243,0.24681271210101613,0.16514590928557346,0.16441848170491868,0.3550138087235888,58,1653
2007-10-22,0.26706703182445474,0.24492447131762612,0.16578540041650117,0.16382534071288415,0.35695555212567337,58,1653
2007-10-23,0.2668642195521368,0.24606247325937064,0.1657275388206218,0.1630428587614021,0.3564762954946936,58,1653
2007-10-24,0.26662480136007377,0.24618668620723316,0.16614382741847433,0.1612608897655656,0.3563413789923748,58,1653
2007-10-25,0.26641096580963797,0.24566633514051034,0.1659747066442819,0.16211930150664888,0.3557897021737779,58,1653
2007-10-26,0.2663960339149517,0.2461922956360612,0.1654670448033076,0.16202808423162784,0.35556233208248,58,1653
2007-10-29,0.26712511790790394,0.2481185894036527,0.16587763434922317,0.161935081901604,0.3576383108487858,58,1653
2007-10-30,0.26704001081144046,0.24718257398011828,0.16594161952802236,0.16364191271126216,0.35670429243230056,58,1653
2007-10-31,0.2662623969765678,0.24760158379648645,0.16587096562882117,0.16341182771767382,0.35687211379837913,58,1653
2007-11-01,0.26564824390412517,0.24639814896439263,0.16562786535878513,0.16431978489929475,0.3554347570089721,58,1653
2007-11-05,0.266402970747983,0.24712533479224874,0.16606438737171356,0.1646510396648028,0.3567427806844895,58,1653
2007-11-06,0.2659349803939931,0.24885342527824794,0.16580895398783393,0.1633294131876013,0.35574820022974546,58,1653
2007-11-07,0.26662955015803297,0.2483174227261032,0.16605667022850934,0.16448412403252724,0.35704522798085864,58,1653
2007-11-08,0.2677652944505513,0.2497848665248394,0.16517921247006734,0.16521885934120087,0.3578532653363753,58,1653
2007-11-09,0.2667461595531443,0.24916560367549867,0.16268024183235905,0.1657838812201584,0.3611741431604702,58,1653
2007-11-12,0.2660637371243669,0.2488824054532936,0.16279587172717133,0.16500402973859646,0.3603301464054393,58,1653
2007-11-13,0.2678885144213013,0.25107359262559736,0.1638796499174984,0.1644652318715915,0.36441236375462566,58,1653
2007-11-14,0.2663806189981588,0.2480414544138691,0.16398819807429565,0.16436295799100975,0.36351405014190774,58,1653
2007-11-16,0.26703522634967064,0.2470873165650761,0.16313097186843398,0.16375579068243665,0.36142432452213824,58,1653
2007-11-19,0.26519983307044354,0.2478649653817247,0.16464110899206835,0.1621512244798693,0.3614432798143849,58,1653
2007-11-21,0.2693802718764561,0.2520665894476368,0.1646877556234078,0.16600283588973966,0.3666928221131378,58,1653
2007-11-22,0.27420846364382884,0.256780345548633,0.16390349725447378,0.16907168287254176,0.3703083457478889,58,1653
2007-11-23,0.27388830856669094,0.2559485556756456,0.1641025157658944,0.16895414238367354,0.3702936114724483,58,1653
2007-11-26,0.2739556501745697,0.25498479042309186,0.16418832356547644,0.16898464747467187,0.3698404841198923,58,1653
2007-11-27,0.27653275933935684,0.2601658265620779,0.1641525427277711,0.16977481298890867,0.37433162422998356,58,1653
2007-11-28,0.2753968407670993,0.25860208298533693,0.16406615759735912,0.16474404904710072,0.3737434571528779,58,1653
2007-11-29,0.2782382215493827,0.25864191245027474,0.1662477725368311,0.16416147800869052,0.37937221013023936,58,1653
2007-11-30,0.2772027931811548,0.25795822141754027,0.16618098363232653,0.16360297819948905,0.37737237291135095,58,1653
2007-12-03,0.2766848161855791,0.25933162750893896,0.1660333627274142,0.16447603257357263,0.3735552830529887,58,1653
2007-12-04,0.2755450412287654,0.2569449966059504,0.16590430487772292,0.16140039894492228,0.37436824496720034,58,1653
2007-12-05,0.27547408289081066,0.2575703026890749,0.1657585149533207,0.16273050841138392,0.3732839540521428,58,1653
2007-12-06,0.2757220358847341,0.2568534085950392,0.1650945765378568,0.16358950867650796,0.3745680824915635,58,1653
2007-12-07,0.27576852053193657,0.2560922022612704,0.16522163837658685,0.16424690360855376,0.3741254645071956,58,1653
2007-12-10,0.27570013635969426,0.25620594078497094,0.16511153040942972,0.16438308413806535,0.37333109031108774,58,1653
2007-12-11,0.2754639003367608,0.25624067700841247,0.16476650959914477,0.1651582823236997,0.371640377284731,58,1653
2007-12-12,0.27656524318171205,0.25798182173634376,0.1654534508810124,0.16496073846832285,0.37572902803360153,58,1653
2007-12-13,0.2744936833444112,0.2562189632249677,0.16487300700079563,0.1642008771720756,0.3706949682421792,58,1653
2007-12-14,0.27645471694198026,0.25773964982886943,0.16501334557129216,0.16730989602625637,0.37478263955566193,58,1653
2007-12-17,0.2758969082217928,0.25774579082138593,0.16451918103448376,0.1657274215071365,0.37402563758366536,58,1653
2007-12-18,0.28294070526389203,0.2669281281485412,0.16516003670944218,0.17387342226117355,0.3831308753511899,58,1653
2007-12-19,0.2830853645525639,0.26825462366539543,0.1659947589140523,0.16780194361730946,0.3824761280960115,58,1653
2007-12-20,0.28290055866130026,0.26854195215226917,0.16520114890440632,0.17150954369273816,0.3808838344667007,58,1653
2007-12-21,0.282452949255717,0.26668933111985693,0.16509456497361244,0.1706338220705308,0.38050560668798133,58,1653
2007-12-26,0.28375197620138265,0.26916395826729966,0.16458609941521338,0.17389664254327472,0.38560699469442133,58,1653
2007-12-27,0.28397325721052746,0.2698334162852438,0.16393269363908672,0.17403352654153617,0.3858759230708009,58,1653
2007-12-28,0.2833263639304625,0.26893645187188125,0.16409107752152938,0.1743055393296857,0.3857989302257342,58,1653
2008-01-02,0.28280675508360964,0.2684472263569698,0.16400468841902352,0.17308027463384604,0.3843220442197223,58,1653
2008-01-03,0.28310856656688077,0.26941839257521494,0.164092030961077,0.17445783908808926,0.38458757886722666,58,1653
2008-01-04,0.2825866059936243,0.26826224252450503,0.16379326809759046,0.17466769647618205,0.38335045871904644,58,1653
2008-01-07,0.2839263463618865,0.27024758823141887,0.1641102622308194,0.17460228996194263,0.3849367956140488,58,1653
2008-01-08,0.2839576046178542,0.2700107229019188,0.16331561540140038,0.17692616988035148,0.3837277920121173,58,1653
2008-01-09,0.282882826563367,0.26930231616214206,0.16376587077663537,0.17446781404770598,0.38543987959612913,58,1653
2008-01-10,0.2815706727929979,0.26871504597956475,0.1634662439935023,0.1729573736770702,0.3842308403898334,58,1653
2008-01-11,0.28126731653145504,0.26767074489459947,0.1633089865511631,0.17309599153889377,0.3812971725466344,58,1653
2008-01-14,0.2812722046925112,0.26813020140799226,0.1636501240291609,0.17417264202412489,0.3834834177415654,58,1653
2008-01-15,0.2808426867395475,0.2664824937962465,0.16318012827753653,0.17403994129626674,0.3804701979273358,58,1653
2008-01-16,0.28396811854295745,0.27037527918932663,0.16347053545534357,0.1759156782153058,0.3826086396588314,58,1653
2008-01-17,0.2800653798771654,0.26621636302338486,0.16192850900267525,0.17126732488268115,0.37630457936376976,58,1653
2008-01-18,0.281902971540744,0.2675810038219667,0.1633929944846936,0.17092852809280626,0.3827979959516616,58,1653
2008-01-21,0.2808178775663488,0.26843249562420785,0.1628150085630081,0.16938040167970478,0.38203979199319693,58,1653
2008-01-22,0.2921866014792504,0.27857228666874306,0.16606838562661463,0.17893694712036723,0.39989123088372347,58,1653
2008-01-23,0.2941475255795708,0.28091472614076324,0.1667945148068718,0.1793823958097189,0.40367711108119125,58,1653
2008-01-24,0.296589897087428,0.28232194530334837,0.16668825044703908,0.18468598956081592,0.40543376264827297,58,1653
2008-01-28,0.30161979698837144,0.2915924598160208,0.168417830078555,0.18645337786370142,0.4135803512306653,58,1653
2008-01-29,0.3006124351127933,0.29061444224601773,0.16810571888154194,0.18515901036103471,0.4143379945067289,58,1653
2008-01-30,0.2994950114874814,0.28975708896967206,0.1678616513008943,0.1824604539461176,0.4127072612229905,58,1653
2008-01-31,0.29921658079317626,0.2897604374894191,0.16757778267414802,0.18421886448410102,0.41190759945569955,58,1653
2008-02-01,0.29900292356294994,0.2894899263650293,0.16758488330447585,0.18292340510971414,0.41141377205936164,58,1653
2008-02-06,0.29889884816919404,0.2894676172815493,0.16750578526323437,0.18276012025619154,0.41208355855926854,58,1653
2008-02-07,0.2993042998703908,0.28891830846548777,0.16726162176770049,0.18361926090219619,0.4121420096541692,58,1653
2008-02-08,0.2991555596355287,0.2870111377160274,0.16645423847674998,0.1848217813692779,0.4099841373294107,58,1653
2008-02-11,0.29901699634334056,0.2876671264515299,0.16683190203262754,0.18450907983139428,0.41048386494848266,58,1653
2008-02-12,0.2990464296235203,0.28885736167451087,0.16777310775625356,0.18563097724804872,0.4134805413733418,58,1653
2008-02-13,0.3004879601412532,0.2907745800212185,0.1675831565193464,0.18704205377540753,0.41482264949031245,58,1653
2008-02-14,0.3000758073398102,0.29075317417703384,0.16739516388313389,0.18691487359233452,0.4132670201961959,58,1653
2008-02-15,0.2998631386606244,0.29062380820999556,0.16686950721884683,0.18706386415564236,0.4153847774762035,58,1653
2008-02-18,0.2999246944011988,0.2901690635567459,0.16685299869658948,0.1867898093459823,0.4152023028786214,58,1653
2008-02-19,0.3005740713069142,0.2901453206463491,0.1672569931477502,0.18826852980388967,0.41545932224856336,58,1653
2008-02-20,0.30100441295208535,0.29125324658641727,0.16751826075558154,0.18793260900739026,0.41605755007719014,58,1653
2008-02-21,0.30190690422104816,0.2933330789659751,0.16739712511558177,0.19000045292607748,0.41519145982437333,58,1653
2008-02-22,0.30172083816387085,0.292544576332542,0.1671795841369983,0.18890502512891102,0.41516597091157653,58,1653
2008-02-25,0.3016606424497221,0.29247652521389855,0.16679201005708144,0.1896544308841518,0.413757727336996,58,1653
2008-02-26,0.3014526987196688,0.29242219926993246,0.16663025172385482,0.18892540586611814,0.41397672055186785,58,1653
2008-02-27,0.300123280316088,0.2919027684840868,0.16595608618811816,0.18913638683475095,0.41249671634627993,58,1653
2008-02-28,0.29986229163354416,0.29188048431595076,0.16542955511025773,0.189841705666191,0.41215603385186256,58,1653
2008-02-29,0.2998642736649622,0.2916302437500935,0.16511971310410287,0.18851977742515771,0.4122235651621994,58,1653
2008-03-03,0.29987499546571356,0.2914771528876284,0.1650285205834114,0.18967905700344093,0.41212654218056094,58,1653
2008-03-04,0.29875783973757153,0.2894123245443083,0.1651743116611243,0.1872427277000329,0.4100263445153281,58,1653
2008-03-05,0.2989074474963512,0.2896860179262679,0.16514636108039157,0.1884940661353038,0.4097995451782773,58,1653
2008-03-06,0.2994664794691775,0.29016727911811785,0.16514191331702505,0.1889284525205633,0.41085065793103304,58,1653
2008-03-07,0.3000740170633606,0.29047103356861187,0.1656093084509803,0.18934153879007262,0.4117261447484686,58,1653
2008-03-10,0.29205182749746583,0.28678259815906,0.16368775648175277,0.183142133767824,0.4000332521994679,58,1653
2008-03-11,0.2934527641810881,0.28676208013370846,0.1642414286871158,0.18325648346288775,0.40315346274842345,58,1653
2008-03-12,0.2972296556380868,0.289479731041206,0.16556103685294304,0.1842523277967705,0.4079363036421544,58,1653
2008-03-13,0.2959691310133153,0.28933882659857324,0.16476393059665206,0.18371480058119735,0.4056916975789622,58,1653
2008-03-14,0.29391308792557136,0.2866303355013943,0.1642452501383105,0.18186416283181817,0.4031876190002222,58,1653
2008-03-17,0.2901520633156222,0.2849049493041816,0.16318862585482946,0.17791658378229303,0.39595907585334694,58,1653
2008-03-18,0.2915340348542474,0.2863406932579052,0.16390537608592132,0.17902362504550767,0.40078937519897445,58,1653
2008-03-19,0.29222640961329643,0.2875505873150791,0.16390619396802075,0.17948258939715295,0.40076153383562346,58,1653
2008-03-20,0.29449814441428623,0.28967653716854813,0.16495627690794507,0.18072507204662203,0.40196981725002306,58,1653
2008-03-24,0.2943659439799699,0.2885958416919433,0.16504173180908027,0.18191495344408506,0.4031900797855091,58,1653
2008-03-25,0.29176685303783056,0.28581836905856217,0.1637874400302653,0.1796988180210628,0.39884722263311134,58,1653
2008-03-26,0.2914439028571748,0.2859596974687389,0.16380031462760133,0.17907414513337533,0.3990866061135273,58,1653
2008-03-27,0.2917590218012461,0.2853973374877317,0.1629491575620809,0.17990746690859652,0.398909319624146,58,1653
2008-03-28,0.29150784860140166,0.2857281925756438,0.16244375744842451,0.18083312367516777,0.39899735446275786,58,1653
2008-03-31,0.2915002608705491,0.28515299212248885,0.16183807375195008,0.17970134321307513,0.39718141104820986,58,1653
2008-04-01,0.29117059768003345,0.28474621887553064,0.1616813488148818,0.180239332975465,0.3959750520815583,58,1653
2008-04-02,0.290825630318007,0.28236025045228047,0.1618929672708539,0.18013572851365348,0.39761775871358107,58,1653
2008-04-03,0.2912022722135665,0.2823199967042142,0.1618378899586752,0.17967288108963395,0.39836961646234603,58,1653
2008-04-04,0.29105437931092837,0.28216501580302383,0.1618104609446133,0.18074072742694777,0.39838824665051303,58,1653
2008-04-07,0.29052528260369787,0.28171750202221796,0.16145735248500237,0.18047387355393663,0.3976970495178317,58,1653
2008-04-08,0.2906380131613362,0.2821564760187652,0.1609491704954839,0.18093665812809262,0.3961077923934676,58,1653
2008-04-09,0.2890083027249686,0.28136782015595396,0.16080722422513105,0.17982039724909687,0.39594133006717336,58,1653
2008-04-10,0.2898480732727202,0.28084962364473814,0.1605618713178604,0.1799151507232966,0.39640487338473207,58,1653
2008-04-11,0.29006401524657327,0.2802023785712449,0.16042291993590466,0.18167291600460528,0.3956301266891526,58,1653
2008-04-14,0.2906720239457541,0.2803416629706526,0.16025289802002593,0.18263981012265057,0.3955961180679646,58,1653
2008-04-15,0.290405713831969,0.28256025123819456,0.16058049453454515,0.1802796022279429,0.3964710471565083,58,1653
2008-04-16,0.29026292162670064,0.28307413474586934,0.16064684034622861,0.18030553751007508,0.3954509910256537,58,1653
2008-04-17,0.29057742476364584,0.28204065391024485,0.16054335513621906,0.18033759908948827,0.39437322336785524,58,1653
2008-04-18,0.2901752626413755,0.2811634834788098,0.16045724504508732,0.18037151019795744,0.3950930022477956,58,1653
2008-04-22,0.2901452177062582,0.2812567103998266,0.16042420457462025,0.17921836605661196,0.39441997375762344,58,1653
2008-04-23,0.2896950057180025,0.28022029994380765,0.16030500875023565,0.17951453700920597,0.3939933864377789,58,1653
2008-04-24,0.29019839433437883,0.28124719105520485,0.16039637310958418,0.18009499619373565,0.3948829864517326,58,1653
2008-04-25,0.2894443391300457,0.28036978714176497,0.159941060972115,0.17957671253422947,0.39388098540241634,58,1653
2008-04-28,0.28890950097269336,0.2795716546094377,0.15967494765755508,0.17921036087912712,0.3937363246172842,58,1653
2008-04-29,0.28896330744174437,0.27951712074679597,0.15950178615721422,0.17826785890798016,0.3939213915012331,58,1653
2008-04-30,0.28972916298822116,0.28121729367734366,0.1598416119760069,0.17886347193077742,0.395922849130505,58,1653
2008-05-02,0.2970098154320087,0.28783328297660976,0.16247902962759084,0.1855823556943967,0.4052029210790545,58,1653
2008-05-05,0.29551569391593674,0.2836898769577528,0.16195876526856637,0.18501736721879058,0.4016102518387418,58,1653
2008-05-06,0.29564698369282016,0.2847414701628581,0.1617853138135137,0.18522692460605905,0.40163684610590383,58,1653
2008-05-07,0.29563949115714905,0.2839525307179236,0.16164426344792188,0.185833125817984,0.40201448585482713,58,1653
2008-05-08,0.29595437332913305,0.2850739801728314,0.16170477244950243,0.1860657940092321,0.4020884449980314,58,1653
2008-05-09,0.2961705888248804,0.2853430723405884,0.1616936923093672,0.18653054019294796,0.4030732469615712,58,1653
2008-05-12,0.2957752469752943,0.2850257277917064,0.16165636483368717,0.18385095323701456,0.4020589341033063,58,1653
2008-05-13,0.29632147818179766,0.28511242561152905,0.16208785753448535,0.18385552163026345,0.4030824177765135,58,1653
2008-05-14,0.29643741773358484,0.2856678705293595,0.1625314989273052,0.18315466540302797,0.40218361005794623,58,1653
2008-05-15,0.29612823637381885,0.285492545941905,0.1628136526630591,0.18228960967431834,0.4023519377764287,58,1653
2008-05-16,0.29721874302040546,0.2863312158163531,0.1629320007626459,0.18065467605390786,0.4047612935812582,58,1653
2008-05-19,0.297939733258763,0.28814637975900625,0.16296100729431723,0.1807246330780863,0.4070253909208434,58,1653
2008-05-20,0.2976516258119723,0.28865968170594797,0.16273423059667189,0.18324120529828847,0.4060963778387167,58,1653
2008-05-21,0.29715124958083405,0.2870037008508795,0.16276594775377864,0.1815710161151257,0.4056608064497379,58,1653
2008-05-23,0.29777249748879664,0.28829861652044814,0.16300292365386562,0.18149321664111456,0.4068015244226752,58,1653
2008-05-26,0.29660181287834,0.2890894884710758,0.16330768639071402,0.1800667712991928,0.4051087046522479,58,1653
2008-05-27,0.2963000058348586,0.2876202674980499,0.1633842478903512,0.17989636640685386,0.4058151322400016,58,1653
2008-05-28,0.29696311734544434,0.28946071334027024,0.16293923819962455,0.1813879022753858,0.40428691040242404,58,1653
2008-05-29,0.2972370775411299,0.28749924106988883,0.1629584634499395,0.18364386371553382,0.40534163639096155,58,1653
2008-05-30,0.29733759033551,0.2888017517288428,0.1629794306071021,0.18317253985961762,0.4043941235786343,58,1653
2008-06-02,0.2970009884822015,0.2876581021530063,0.16262618766265882,0.18204537952927535,0.4036199351793252,58,1653
2008-06-03,0.29637209816094523,0.28724503596206624,0.1627306320599749,0.18123715012679034,0.4031235638315333,58,1653
2008-06-04,0.2967915149384415,0.2877575850636914,0.16288152689561133,0.18173088736602208,0.40460005743518307,58,1653
2008-06-05,0.29653098158052027,0.2874685754439664,0.16274199264137124,0.17918306108626222,0.40534042711303264,58,1653
2008-06-06,0.29195886740790034,0.27754771957631025,0.16488213534624716,0.17117919411055024,0.40391242754392753,58,1653
2008-06-09,0.2902562999370509,0.276307698439902,0.16549254818089038,0.16807268142000023,0.4031059359813947,58,1653
2008-06-10,0.28932973572691445,0.27600471146001154,0.16528781530989098,0.1677658352946871,0.40141556829218816,58,1653
2008-06-11,0.28981732768787144,0.27693169335689916,0.16569758071069418,0.16715735738923412,0.4028465330423092,58,1653
2008-06-12,0.28948744725313696,0.2754729610831448,0.16562139646894472,0.1677956837737918,0.40157873551326567,58,1653
2008-06-13,0.2892590428786508,0.2741139473307097,0.16559131137536925,0.1672464667423378,0.4007467046160006,58,1653
2008-06-16,0.2888351410269731,0.27422652898351346,0.16519419565265883,0.16583309061487167,0.3992109881891717,58,1653
2008-06-17,0.28910016285071743,0.2754558757758119,0.16512936622485347,0.16644578173917934,0.39986734554965636,58,1653
2008-06-18,0.28849503496665574,0.2751811721019453,0.165284067772601,0.1652220020853481,0.4010121016626626,58,1653
2008-06-19,0.2884627402145835,0.2748747750228529,0.16558679756823846,0.16576404723154023,0.4008039323373967,58,1653
2008-06-20,0.288364295822153,0.27442628695386057,0.16555659986722063,0.16586757306889197,0.4012999999532186,58,1653
2008-06-23,0.2890635815122952,0.2741699855265966,0.16642397695537867,0.16552783958709202,0.40234050240059466,58,1653
2008-06-24,0.28850325767594776,0.2739454591725623,0.1658887738491374,0.16565730268450654,0.399837758158367,58,1653
2008-06-25,0.28751537736323335,0.2734129162905675,0.16535786394100205,0.1655503231726503,0.398501649598277,58,1653
2008-06-26,0.2873385002264054,0.2732343587270262,0.1664017306292745,0.16438873744629548,0.4016109088131027,58,1653
2008-06-27,0.2881114380993898,0.27385407058709227,0.16624519010118632,0.16583372256356307,0.40020163882742144,58,1653
2008-06-30,0.28788751661394046,0.27325068440953704,0.16616916605298726,0.16550346444946307,0.4007326752624189,58,1653
2008-07-01,0.2883020814109009,0.2748010569829232,0.16604405785993548,0.16722577687868648,0.4002391270312717,58,1653
2008-07-02,0.28948566072850324,0.27776566785804735,0.16659828562910417,0.16815221166443767,0.4056381152961776,58,1653
2008-07-03,0.29308813546590323,0.28016908190711376,0.16606271838129713,0.17232961315675155,0.4063925895371157,58,1653
2008-07-04,0.2943818412471647,0.2805777790401107,0.16653723782040744,0.17568274377235407,0.4083879666686896,58,1653
2008-07-07,0.29419213639394587,0.28100230619536104,0.1662519657760857,0.17477535928065924,0.4073039517192975,58,1653
2008-07-08,0.29361762227483656,0.2804085013321559,0.16583357488483133,0.17528028909699805,0.4071731178718387,58,1653
2008-07-10,0.29297794515698417,0.2783125557057281,0.16605976470346512,0.17332292774114333,0.40909241474702035,58,1653
2008-07-11,0.2926122869862935,0.2767755379281467,0.16668797113237838,0.1717249312594908,0.40724266852040153,58,1653
2008-07-14,0.29252645867652627,0.27756882123887894,0.16674921087861566,0.17271677209033814,0.40757600468535954,58,1653
2008-07-15,0.2923905513164578,0.27786661993771217,0.16609515204749453,0.17313650136719472,0.406386694125526,58,1653
2008-07-16,0.2918415851564147,0.2784746839957562,0.16602307722015938,0.17246226677732382,0.4052109151991258,58,1653
2008-07-17,0.29254018940167625,0.2800086810079232,0.1651176777765066,0.1732532366386276,0.4067882472872732,58,1653
2008-07-18,0.2946543484795951,0.28142074164769143,0.16494262808766333,0.1754871709855192,0.40688660831751744,58,1653
2008-07-21,0.29458657017751705,0.28249409591477576,0.16462802157784281,0.1740707584977705,0.4059809799899127,58,1653
2008-07-22,0.29527175865000577,0.2848093173668464,0.16450313283037962,0.17568328891243307,0.406899866811327,58,1653
2008-07-23,0.29544084904493334,0.28417752904900423,0.16478096197180983,0.17576310536599896,0.4091077950485945,58,1653
2008-07-24,0.2947373389242276,0.2823219759583714,0.16467861249747287,0.1763188815632644,0.4089926659724172,58,1653
2008-07-25,0.29564749005730406,0.28300353195522715,0.16481105816802682,0.17679020633011433,0.40959112886745325,58,1653
2008-07-28,0.29562285572421937,0.28277995633236536,0.16462974643728268,0.17608556899631703,0.4064896602185055,58,1653
2008-07-29,0.29519753490938494,0.2824813302116262,0.16474607980925904,0.17600996437393576,0.40561786745228967,58,1653
2008-07-30,0.29559141434951297,0.2825998703057508,0.16476119440181022,0.17589649125864365,0.40609856612895834,58,1653
2008-07-31,0.2957393021608926,0.28153836957307,0.1651065083811077,0.17556768399905714,0.4075375937335976,58,1653
2008-08-01,0.29505264579931695,0.28110218201246984,0.16525206997606207,0.17669411262430404,0.4076026883230844,58,1653
2008-08-04,0.2957613748050132,0.281686390577238,0.1657064180072224,0.17686467741504877,0.40900827833927483,58,1653
2008-08-05,0.29268333854655704,0.27876360062970085,0.16678239678737414,0.17261540183579327,0.404484484636561,58,1653
2008-08-06,0.2929810486454248,0.27966381285675573,0.16702732658603442,0.17212497797236742,0.40479369344457894,58,1653
2008-08-07,0.28865898401063406,0.27463083801450117,0.16735569666385386,0.16784498230165557,0.4011618031618411,58,1653
2008-08-08,0.2890809950286787,0.2766104371008391,0.16716068443324628,0.16867213678662735,0.40180645965284073,58,1653
2008-08-11,0.28747940841444086,0.27379118284618137,0.16727486857823368,0.16743643092541882,0.3980461026636173,58,1653
2008-08-12,0.2898465853449191,0.2747440150856035,0.16850655613147908,0.16760987464083446,0.40333762710681675,58,1653
2008-08-13,0.28983497092139504,0.27423971119237284,0.16856062800512084,0.16814517748316984,0.40525293003182034,58,1653
2008-08-14,0.289449536808624,0.2739555612648616,0.16848973748897747,0.16815631979121376,0.40328300747325363,58,1653
2008-08-15,0.28833277950933345,0.2725488621373128,0.1682672931379631,0.1663763292467397,0.4033104019984956,58,1653
2008-08-18,0.28827774917341065,0.27120175174489497,0.16876146786199847,0.16566081834059376,0.4045235977502428,58,1653
2008-08-19,0.28923172574928707,0.2725208609034998,0.16897866742341675,0.1667620487637455,0.4064400542895099,58,1653
2008-08-20,0.28755789091298234,0.27077352804862587,0.16916450573422948,0.16437545262201197,0.4039662390914369,58,1653
2008-08-21,0.2873025216736962,0.27105532877147354,0.16905407220165714,0.16120836888569118,0.40202151332818287,58,1653
2008-08-22,0.2869585504823298,0.27022774089110313,0.16940716034526457,0.16243951250958769,0.4014904221526689,58,1653
2008-08-25,0.28739750960468247,0.27123543028488967,0.16942457147204004,0.16282583169395468,0.40311297665935847,58,1653
2008-08-26,0.28493260543484156,0.2679756893814032,0.16975545430484815,0.15724561659602299,0.40010254394278266,58,1653
2008-08-27,0.2818087840654435,0.263541464664478,0.16979872498883358,0.15320046207085472,0.3964130920705813,58,1653
2008-08-28,0.2748352927166237,0.2554417312015526,0.1726031580333134,0.14471975181170812,0.39417998029252993,58,1653
2008-08-29,0.27424858816890885,0.2534576138981788,0.1742297520436786,0.1412518389993747,0.39671938650164057,58,1653
2008-09-01,0.27318702383297416,0.2518766852768996,0.17473926140007914,0.13744341048030517,0.3955145845098753,58,1653
2008-09-02,0.27346830248706616,0.25205346320099464,0.17494640741787018,0.13773261780445065,0.3963720666515915,58,1653
2008-09-03,0.2715058638993304,0.2510454243972328,0.17308392860646074,0.13696321458639543,0.3925665389498179,58,1653
2008-09-04,0.27225559394988585,0.25246524296448264,0.1736517236835711,0.1369282120145834,0.3956215489260461,58,1653
2008-09-05,0.2749751310591679,0.25563678764978964,0.17355415624576515,0.14011413817865506,0.3947304791126483,58,1653
2008-09-08,0.27514481914161476,0.2558960878259671,0.17356741125859515,0.13937759194687904,0.3954461936744133,58,1653
2008-09-09,0.2728829122379445,0.252232707913258,0.17316996155204323,0.1362526276398638,0.3912765219380677,58,1653
2008-09-10,0.2762944780584577,0.2575884792157047,0.17350822496591556,0.14167998938887985,0.3952792336105199,58,1653
2008-09-11,0.2758021190982151,0.2560884075445238,0.17399069129364067,0.140146320152135,0.3951987814979721,58,1653
2008-09-12,0.27251898969716776,0.25010609667112976,0.1738422885905338,0.13744799622466577,0.39028956898488626,58,1653
2008-09-15,0.27215254732949495,0.24858269898718702,0.1737900131130068,0.1361014129593342,0.39025185283489855,58,1653
2008-09-16,0.2790486176757572,0.2579978020470107,0.17437967525100204,0.14111893731787098,0.3975703880468965,58,1653
2008-09-17,0.2775543042412105,0.25788873789498035,0.17374447787225913,0.14189449966909123,0.39433202211387686,58,1653
2008-09-18,0.2896011600429189,0.27052730640177,0.17471263656818506,0.15139302160291282,0.4098480716156438,58,1653
2008-09-19,0.2891944388218001,0.2710067165918529,0.17578519221630742,0.1473071450885446,0.40924738892134876,58,1653
2008-09-22,0.3012041505265395,0.2796148323375646,0.17884985924208918,0.15904447373707548,0.4303988362958882,58,1653
2008-09-23,0.3015654376447844,0.28172864951672166,0.17867939866691396,0.16203755612351547,0.4299895523801516,58,1653
2008-09-24,0.3009179652518499,0.28238438522113346,0.17877082307234712,0.1601652871898268,0.42939235537335124,58,1653
2008-09-25,0.3004223877569262,0.2818062440025673,0.1784115813021753,0.16065477670896522,0.4281712264469633,58,1653
2008-09-26,0.30201037295628136,0.28087986208642624,0.1786693016182906,0.16117598814258668,0.42954588197493854,58,1653
2008-09-29,0.29926988307785213,0.278068739680439,0.17764091896669407,0.16015289476761085,0.42397436970009367,58,1653
2008-09-30,0.3165866281395108,0.299896713654389,0.17709597824773027,0.1759730929142678,0.4417346454630724,58,1653
2008-10-01,0.32267432109520805,0.30566484952723305,0.1782543732038274,0.18341093292465296,0.4466937815444821,58,1653
2008-10-02,0.32144747392191075,0.3026700113868763,0.17794018359686306,0.18352818362809015,0.44458255253800727,58,1653
2008-10-03,0.324691396803054,0.3054695352980508,0.17822487259922204,0.18688854485165746,0.44864049246501725,58,1653
2008-10-06,0.32514929311101626,0.30574437125662585,0.1782793162629245,0.18782352410129372,0.4512074448597855,58,1653
2008-10-07,0.3312462497819348,0.31700223068500566,0.17674116692285227,0.1976936879879525,0.45434770666118246,58,1653
2008-10-08,0.33230288167126487,0.31700923421949595,0.17670086244667743,0.20105065931018484,0.45484826094742475,58,1653
2008-10-09,0.3363318577281778,0.3204233114237021,0.17552195280568705,0.20882383000401147,0.45434917338648007,58,1653
2008-10-10,0.33471399839666044,0.32019413624243287,0.17506403711911855,0.207754591858145,0.45295959237225697,58,1653
2008-10-13,0.338489703878399,0.32547958488319423,0.17253729939768386,0.21653613663835844,0.4510309976192869,58,1653
2008-10-14,0.36548231349383603,0.358694602153339,0.17432389591540753,0.23811578364869937,0.4852645065559845,58,1653
2008-10-15,0.36550269639853716,0.35939754855420797,0.17369877356612487,0.23983280911221086,0.4844196909823091,58,1653
2008-10-16,0.3782264419691933,0.37429811836016513,0.17734042781862,0.2554980353938799,0.5020513818159705,58,1653
2008-10-17,0.37481265471630787,0.3717284945771244,0.17642065909806817,0.2511380825227929,0.49717713585172435,58,1653
2008-10-20,0.37372163561641164,0.37107514814060005,0.17607087677689434,0.2494456501478807,0.4971766113991821,58,1653
2008-10-21,0.3795196947234163,0.37430939919058465,0.17656173721876278,0.25041410919007984,0.5027328985970623,58,1653
2008-10-22,0.37863177891754396,0.37365671551104623,0.17637615660288242,0.24860524054096017,0.5032519407340346,58,1653
2008-10-23,0.3901247132311338,0.38799933637930045,0.1775732137311737,0.2600756750620217,0.5199754100899694,58,1653
2008-10-24,0.39067571369115556,0.38867889032439357,0.17762574832206446,0.26179458781123843,0.5185143665449164,58,1653
2008-10-27,0.392785481149734,0.3935620109399837,0.17988360369859943,0.26286671313933907,0.5223450547974886,58,1653
2008-10-28,0.39476654561545427,0.3938397334966617,0.18013545582612053,0.26532647821581273,0.5256383162801354,58,1653
2008-10-29,0.4031299032234893,0.4079460747791199,0.18671688939364883,0.27325902535851304,0.5381388714559217,58,1653
2008-10-30,0.40357924325145245,0.40992184251704983,0.18738648532004792,0.27534676701598115,0.5378651807649177,58,1653
2008-10-31,0.40342709350495115,0.41090230301622815,0.18853391739732916,0.27502487876406806,0.5380332632340529,58,1653
2008-11-03,0.4006535683757867,0.40911650790043125,0.18736063206403086,0.2732906229708343,0.5314655634731665,58,1653
2008-11-04,0.39973464862174213,0.4071971750003677,0.18632228960534203,0.2737719315699486,0.5295788327609091,58,1653
2008-11-05,0.4002690334664872,0.40791992634227764,0.18528535389975584,0.2740250229454088,0.5307549871033574,58,1653
2008-11-06,0.40204730903825214,0.41019548706668013,0.18566300990021173,0.271950686935389,0.5325603190178517,58,1653
2008-11-07,0.40147499925965907,0.40726705514792555,0.1853059236210302,0.2738317065981015,0.5325252471945375,58,1653
2008-11-10,0.4002864216846587,0.4059302993841699,0.18471746449931425,0.27350378789725244,0.5304071391383711,58,1653
2008-11-11,0.39881139329120263,0.40422265487230374,0.18436060795093803,0.2713721648564305,0.5280654029973205,58,1653
2008-11-12,0.3976916848512607,0.4034628471658964,0.18421456604544026,0.2691885662921927,0.5286994515982226,58,1653
2008-11-13,0.39906352341771056,0.4045350844314445,0.18460723851111685,0.2733204041651436,0.5286026727022393,58,1653
2008-11-14,0.39875568615738866,0.40544468677767626,0.18567832581192828,0.27305209691715626,0.5289480136001633,58,1653
2008-11-17,0.3990729936115411,0.40373035085480036,0.18630693043476845,0.27214494481244605,0.5281882057400809,58,1653
2008-11-18,0.39891128513231733,0.4030939060197972,0.18590181035885178,0.2725365432723006,0.5275864275614705,58,1653
2008-11-19,0.3983079102261052,0.4015499615987458,0.18570099343304833,0.27024226648816013,0.5267242717603504,58,1653
2008-11-21,0.3977903379993095,0.4017680704228931,0.18527176143507298,0.27359436999838965,0.5262575490816258,58,1653
2008-11-24,0.39825945829589393,0.40083647869929806,0.1863438133604663,0.2745605393980326,0.5265320756479647,58,1653
2008-11-25,0.39858326965089147,0.4005263047667004,0.18551626927692116,0.2712666280485549,0.5245075343815563,58,1653
2008-11-26,0.3963123176852705,0.3982202980560062,0.1856771257476235,0.2670939368016361,0.5223663614153983,58,1653
2008-11-27,0.3956806474307872,0.39633138229416864,0.18602880871184804,0.2662285023060483,0.5237918257463169,58,1653
2008-11-28,0.3958028447446413,0.39662160254461243,0.18553967995693524,0.2657327006959851,0.5236539199892354,58,1653
2008-12-01,0.3951680021688649,0.396369751440197,0.18550746898669593,0.26396481922697834,0.5227833019303607,58,1653
2008-12-02,0.3946663352741395,0.3961812707459631,0.18525391580453388,0.262318541415655,0.5202749773905773,58,1653
2008-12-03,0.39533096286652863,0.39548234948902505,0.18437282661845608,0.2682534971690488,0.5205189588301324,58,1653
2008-12-04,0.3940317755800324,0.3956052414179683,0.18348633925551452,0.26924159823126975,0.5180838399793875,58,1653
2008-12-05,0.39395720773047416,0.3961299051327969,0.18339001814111366,0.2666335728281349,0.5185229876038436,58,1653
2008-12-08,0.39320311636445066,0.39587747681354674,0.18323806988373315,0.26627809469633207,0.517597465049792,58,1653
2008-12-09,0.39368978443195635,0.395008985089253,0.18402015451097806,0.2667024267183954,0.5178673484333733,58,1653
2008-12-10,0.39352429121434596,0.3957101572116146,0.183991219032783,0.26699028092133475,0.5169442362413444,58,1653
2008-12-11,0.3919055897244961,0.39523095802788044,0.18425623301540106,0.2665513110237736,0.5146703363401396,58,1653
2008-12-12,0.39109877038164137,0.3938252717973235,0.18424921550668738,0.26530570635518647,0.5140687968179243,58,1653
2008-12-15,0.3908901609189257,0.3934180944623809,0.18398869448536204,0.26450163646174607,0.5135808089061629,58,1653
2008-12-16,0.38888550365164526,0.3920660400758532,0.1854966575357731,0.2598808660313621,0.5133690317438745,58,1653
2008-12-17,0.3889896213331247,0.39356844764779425,0.18646779148311968,0.2593752801244977,0.5138748921661611,58,1653
2008-12-18,0.38899932744123417,0.3938514225594161,0.18655513830974213,0.2594377554273338,0.5146813183234303,58,1653
2008-12-19,0.3879719623259736,0.39065334187698947,0.18615627670390575,0.2616015327287845,0.5144701193711148,58,1653
2008-12-22,0.38756351557008545,0.39083273864371215,0.18622801415636525,0.26019010602682935,0.5128936466688057,58,1653
2008-12-23,0.3851256088467733,0.38778169444579524,0.1868786237943914,0.25734489158800583,0.5108091655924164,58,1653
2008-12-26,0.38444395757525895,0.38574128094300275,0.18635823851286082,0.25802366126731124,0.5090673522681908,58,1653
2008-12-29,0.38449022934123817,0.38602158771767897,0.1862367652043467,0.2584642054813425,0.5091056173994114,58,1653
2008-12-30,0.38387985378768724,0.38541873748223526,0.18612585338723395,0.2568138832600927,0.5088213297485985,58,1653
2009-01-02,0.38333300209404686,0.3857094362047741,0.18688012372395973,0.25496398152704447,0.5104679782810219,58,1653
2009-01-05,0.3846013345256026,0.38682003877708104,0.18757580828490483,0.25619529837051574,0.5123698062602987,58,1653
2009-01-06,0.3842157344311654,0.3868362851038279,0.18705082546573037,0.2558003347035851,0.5113615387834062,58,1653
2009-01-07,0.3841669230898328,0.38648450172274634,0.18688603013386562,0.2556175260569703,0.511397584069241,58,1653
2009-01-08,0.3843345045000999,0.38709488596251795,0.18643838508906257,0.25725318397615915,0.5114955169460552,58,1653
2009-01-09,0.3842623495170516,0.38683510332567445,0.18648952640963098,0.2578168093458895,0.509877647678606,58,1653
2009-01-12,0.3839055580272442,0.3858295321985428,0.18641420762592611,0.2567331586715672,0.5094496862051804,58,1653
2009-01-13,0.3819022469248398,0.3825503458008183,0.18842793025675958,0.25087474623511674,0.5102063755787118,58,1653
2009-01-14,0.38160525946613977,0.3810979790147111,0.1878216418534648,0.25123866729459887,0.5090172361504263,58,1653
2009-01-15,0.3830142676079523,0.3853629465954856,0.1877574225365977,0.253617400872243,0.5100014154337827,58,1653
2009-01-16,0.3833063854351005,0.38531216923132905,0.18849027133732096,0.2516266497196655,0.5102890438628436,58,1653
2009-01-19,0.38311415117411335,0.3862331861153372,0.18832762183356788,0.25238800201229056,0.5096942760779306,58,1653
2009-01-20,0.3832264817965952,0.3865312103645371,0.18853391455472193,0.24987736970903363,0.5096447320369787,58,1653
2009-01-21,0.38264459902482295,0.3859869915601641,0.18874733561230975,0.25054529150766663,0.5091208673781132,58,1653
2009-01-22,0.38326889347679494,0.387312430085056,0.1891728127602191,0.2516539292284007,0.5107088323067173,58,1653
2009-01-23,0.3826772221528384,0.38501427910405983,0.18905846981665123,0.2505817916366443,0.5089600196184492,58,1653
2009-01-26,0.38292770891209593,0.3866631779430361,0.18891842779145507,0.2516318524549623,0.5084307406327692,58,1653
2009-01-27,0.3793784034042154,0.37904548032539653,0.18718503750578624,0.24589118452125466,0.5026473904780843,58,1653
2009-01-28,0.3782123294445078,0.3786885569019185,0.1868935476831483,0.24310468779253513,0.5010789363478478,58,1653
2009-01-29,0.3771273132160211,0.37692137541850224,0.1870959414317678,0.24150344933826523,0.49807669397284965,58,1653
2009-01-30,0.3750775448660782,0.3744187107173244,0.18657449881404253,0.24106962569226922,0.4979354565012382,58,1653
2009-02-02,0.3751436176210982,0.3739007746808337,0.18651006050876373,0.24122259911928023,0.4979276992133297,58,1653
2009-02-03,0.37530942761745817,0.37477792506835317,0.18639574433006553,0.24280670697322795,0.49790160884626583,58,1653
2009-02-04,0.37530960848415257,0.3738299199787169,0.1864602212121723,0.24289803547900388,0.4980165465873537,58,1653
2009-02-05,0.37519290367420194,0.37434837100801616,0.18623544613295442,0.24369260992553848,0.4972181901090107,58,1653
2009-02-06,0.3754183903477915,0.3738776359483349,0.1864685740221057,0.24390419541484856,0.49784467717188574,58,1653
2009-02-09,0.37542851246650827,0.375038289720027,0.18710356922460455,0.2414241100868366,0.49825782430516113,58,1653
2009-02-10,0.3753827387998093,0.374768538768867,0.18729397200964415,0.24018902381384552,0.49697537613731213,58,1653
2009-02-11,0.37579717224211484,0.3752742550120621,0.1870087280186278,0.24115853475371285,0.4968357800260515,58,1653
2009-02-12,0.37606385248033647,0.3753799289520178,0.1866258285385554,0.24019189843937883,0.4975526907183546,58,1653
2009-02-13,0.3752052138469031,0.37428060561674564,0.18687464148724306,0.23841674938997123,0.49619716828389304,58,1653
2009-02-16,0.37565943491819315,0.374166328050525,0.1868764572455423,0.23922787190036648,0.4976227761162952,58,1653
2009-02-17,0.37579638118322867,0.3733596226145284,0.18713379481552708,0.23879441117394026,0.49874583625165964,58,1653
2009-02-18,0.3763122562017545,0.3736860611062529,0.18788848807967345,0.239385876616525,0.49885264605019103,58,1653
2009-02-19,0.3755527393182123,0.37356052990728633,0.18800720689894687,0.2391277188356885,0.49820382822883247,58,1653
2009-02-20,0.3753663759671747,0.3730153951357354,0.18795255022809335,0.239473855802572,0.4978522025838613,58,1653
2009-02-25,0.37490759087870884,0.3728715894786456,0.1875456297712696,0.2400081638381141,0.49814906147827065,58,1653
2009-02-26,0.3746586781938738,0.37359309236775723,0.1874499604502571,0.23925554814614447,0.49847679633734193,58,1653
2009-02-27,0.3745977055678192,0.3717593884598989,0.18737412502425876,0.24199659531954082,0.4967469895780886,58,1653
2009-03-02,0.37431575876006784,0.37219578810481524,0.18751228546038842,0.2404269567610301,0.49662265405119793,58,1653
2009-03-03,0.37543552381966666,0.3733915342762594,0.18873817925464884,0.24041882962690364,0.49927937897829366,58,1653
2009-03-04,0.3751345082349506,0.3717743032510329,0.188790914175779,0.23973120299183254,0.49862879402652965,58,1653
2009-03-05,0.3756129508275426,0.3727711095001489,0.1889709314244232,0.2409218219277324,0.4983606131382061,58,1653
2009-03-06,0.376019933502773,0.37171288368696026,0.1888195628925819,0.24305515117469548,0.4987194692901249,58,1653
2009-03-09,0.37637415681788344,0.3730318601305675,0.1886857819633557,0.242841683004022,0.49708808944176236,58,1653
2009-03-10,0.37648234179318396,0.3734508222394541,0.1887452071640524,0.24256100759515073,0.4978647727028654,58,1653
2009-03-11,0.3769159666719218,0.37381810547955496,0.18926504917562015,0.24160308315806833,0.4999168457936176,58,1653
2009-03-12,0.3767434798137192,0.3742267334758474,0.18911448214394735,0.2410846069797561,0.49972000650135373,58,1653
2009-03-13,0.3766501631339074,0.37257477076273143,0.18906080679437293,0.2398535402672246,0.49926078194284734,58,1653
2009-03-16,0.37620368067297116,0.3727286507119546,0.18908555903255558,0.24107570404606474,0.498407215048982,58,1653
2009-03-17,0.37450191493962814,0.3707289052795626,0.18917895038242974,0.23784018291431255,0.4961955717182109,58,1653
2009-03-18,0.37453543456342697,0.3711332982278731,0.18912619745854253,0.23796761924683185,0.4954520917372732,58,1653
2009-03-19,0.37494138411662686,0.37125233127661206,0.18915313662061237,0.23924073091661102,0.4961287797617677,58,1653
2009-03-20,0.3747343990487578,0.3712100385961068,0.18918549336304463,0.23888553896630205,0.4961384198902124,58,1653
2009-03-23,0.3741852265284121,0.3688087790302184,0.18876701609423904,0.24074754678056318,0.4958385327047669,58,1653
2009-03-24,0.3752509505865701,0.37074453883252656,0.1892529886611692,0.24035927961150236,0.49860564908765087,58,1653
2009-03-25,0.3746869988280677,0.3698552629665786,0.18879018187447735,0.23990801234325224,0.4970914855409073,58,1653
2009-03-26,0.37477776824054504,0.3691345793684779,0.1886143673307714,0.24044085416686548,0.4973592927133999,58,1653
2009-03-27,0.3753226996353527,0.3695625212071662,0.18905912704643205,0.24029923721400873,0.499181006177513,58,1653
2009-03-30,0.3751172829346932,0.37074833577270944,0.18896597187281758,0.2400539726822745,0.4992254283107518,58,1653
2009-03-31,0.3751688911548253,0.3711852386022341,0.1891532473697669,0.23940424953735057,0.4988263445193971,58,1653
2009-04-01,0.37467576971487904,0.37073222648698273,0.18944199116758256,0.23836864635844882,0.49902598977806734,58,1653
2009-04-02,0.3753435078714536,0.37140991611240803,0.18971753041953782,0.23945239788065678,0.49996434052820804,58,1653
2009-04-03,0.37625594777532073,0.37163600171334826,0.189394084339379,0.24120809066653218,0.5000884608374878,58,1653
2009-04-06,0.3762815411310168,0.37112819166911964,0.18901638975935994,0.24128824539112131,0.5000925711127217,58,1653
2009-04-07,0.3762367080456745,0.3709340480851484,0.18884745153286345,0.24088400594966813,0.5004350798698789,58,1653
2009-04-08,0.37573919345753676,0.37056769350477137,0.18875696078689164,0.23994330227704105,0.49958632653797264,58,1653
2009-04-09,0.37600679987022695,0.37072111793389523,0.18834747842465405,0.2402881947351119,0.4995896729980874,58,1653
2009-04-13,0.376184986754339,0.3702219568916694,0.1880130121780004,0.24048687024543783,0.5006837564663221,58,1653
2009-04-14,0.3761637053819134,0.370913971248796,0.18801703836474418,0.24007643591166072,0.5011552150680842,58,1653
2009-04-15,0.37567977040393585,0.37076886624076494,0.18795069251534235,0.24017756653468386,0.5006259159705115,58,1653
2009-04-16,0.3762954607271883,0.3704411793614373,0.18714292361272075,0.2419707606928024,0.5007826387668631,58,1653
2009-04-17,0.37613947130401343,0.3698804388592006,0.18726262361041063,0.2423409198902807,0.5017440325169952,58,1653
2009-04-20,0.3762660798953768,0.37062069243856827,0.1873565518399655,0.24348603717443193,0.5011313545456492,58,1653
2009-04-22,0.37614956222673124,0.3694141023980799,0.18763067735439914,0.24262331381121055,0.5015035329811497,58,1653
2009-04-23,0.3756421572738803,0.3686501958699463,0.18791042985159948,0.24121287510492798,0.5017832168933658,58,1653
2009-04-24,0.37551106364712317,0.36886053385976636,0.18779763435443833,0.24142023812115776,0.5018996284166934,58,1653
2009-04-27,0.3753590258780338,0.36854158179983243,0.1877690167848388,0.24121432780389687,0.502194629467113,58,1653
2009-04-28,0.37491393965398667,0.36724763420656586,0.18769411719011672,0.2409520355344955,0.49952029797768666,58,1653
2009-04-29,0.3745924382897452,0.3660402571398806,0.18744951848688338,0.24222518026486312,0.4982655211596599,58,1653
2009-04-30,0.375473014772315,0.3664479391361335,0.18750200951971502,0.24251795256891232,0.4988287361088753,58,1653
2009-05-04,0.3748599964918183,0.36750283866391464,0.18738423250986436,0.24233440470878406,0.4979449865123979,58,1653
2009-05-05,0.37597758664447534,0.36635961763132235,0.18766579192757588,0.24441473755184276,0.5006093714805689,58,1653
2009-05-06,0.375360174127106,0.3669598422598896,0.18734019382226144,0.24394246143412138,0.49920486813608417,58,1653
2009-05-07,0.37211981023875046,0.36395816333057257,0.18723175827267852,0.2429342896254913,0.4953019004961096,58,1653
2009-05-08,0.37253320420826314,0.364573104918018,0.18771437572607916,0.2424270657449091,0.49559684884043326,58,1653
2009-05-11,0.3730655588943807,0.36572131882363673,0.18766206293090465,0.24347517807863775,0.4958374254871933,58,1653
2009-05-12,0.372982273890318,0.3649845501406981,0.18779626184420367,0.24343508097667563,0.49564338972397387,58,1653
2009-05-13,0.3726026773273275,0.36314786320863524,0.18797093814386742,0.24262237195832512,0.49388411257633247,58,1653
2009-05-14,0.372396170557832,0.36149533513688636,0.1882389984690552,0.24345950335498384,0.4940215666658117,58,1653
2009-05-15,0.37251244694132885,0.3620021300144777,0.18841621789317584,0.24367994054078052,0.494309649602934,58,1653
2009-05-18,0.37228524691542536,0.3602187013505746,0.188187889876694,0.2438511088646267,0.49364871471212746,58,1653
2009-05-19,0.37294705867894407,0.35892997432496804,0.18880993696245066,0.2442201365894417,0.49470218382161646,58,1653
2009-05-20,0.3724124204534027,0.3586060007796492,0.18861243948935985,0.24442338136223665,0.4942319434364096,58,1653
2009-05-21,0.3718340338625735,0.35878211248343106,0.18862643965885054,0.24326228867887287,0.49335225403085614,58,1653
2009-05-22,0.37171115910640173,0.3585174459899108,0.18885759811542757,0.24260499986028103,0.493871961373664,58,1653
2009-05-25,0.3719720238313093,0.3592876066378765,0.1889726826655281,0.2432244457866474,0.49377743529208534,58,1653
2009-05-26,0.37197741202244566,0.358795330733248,0.189087007498501,0.24315666875078945,0.4936535456133833,58,1653
2009-05-27,0.3717001541139262,0.35904006067839533,0.1892198610247561,0.2428901100088472,0.4936506833193371,58,1653
2009-05-28,0.3718185894886367,0.3596970119298372,0.18919511016122614,0.24396134772214884,0.49364080603474975,58,1653
2009-05-29,0.3723352514816616,0.36052302793621394,0.1891090088262317,0.2443594186961813,0.4946222719175223,58,1653
2009-06-01,0.3718127448368205,0.3582257846209813,0.18910107562097347,0.24320736151141006,0.49428244918845615,58,1653
2009-06-02,0.37087423238231304,0.3580520247195624,0.1891134651492187,0.24215504942393412,0.4934812077811155,58,1653
2009-06-03,0.3706768430613201,0.3573825921511112,0.18896814437841197,0.24169466541304993,0.4936013756244988,58,1653
2009-06-04,0.3709615885958277,0.3571835885388521,0.18954129820890425,0.24141331460251356,0.49522492035847854,58,1653
2009-06-05,0.3721052769554676,0.3583987679998279,0.1891274167755745,0.2422551487054231,0.495823811562541,58,1653
2009-06-08,0.37201714381450945,0.35773839074012426,0.18913304705903883,0.24163302570756107,0.4967679366369403,58,1653
2009-06-09,0.37219582121099054,0.35801949727134524,0.18922586165682295,0.24299537791584014,0.4970249978009032,58,1653
2009-06-10,0.37679328327540007,0.36874474641775157,0.18882525639177283,0.2457612769556832,0.5006949049571376,58,1653
2009-06-12,0.37753811411321964,0.36869103984925666,0.18868338235426643,0.24610858310231346,0.5021556339264042,58,1653
2009-06-15,0.37785696712296607,0.3690968914359725,0.18863915657672922,0.2463977962533858,0.5028625330017039,58,1653
2009-06-16,0.37834743699766904,0.3690676539100626,0.18859541417607803,0.24663989066296493,0.5033207942329796,58,1653
2009-06-17,0.3787833167350339,0.3712828424891107,0.18896357046301482,0.246685246251265,0.5047028059464093,58,1653
2009-06-18,0.37908222866052493,0.37335783634617004,0.1890153779614934,0.24570019216625807,0.5047459052011543,58,1653
2009-06-19,0.37909328847908785,0.37254184275211244,0.18910667503410405,0.24668392506231399,0.505194922493932,58,1653
2009-06-22,0.3790858433123394,0.372535274889518,0.18902736481840404,0.24639119743935337,0.5047141397945839,58,1653
2009-06-23,0.3793990964457084,0.37453540298782173,0.18958214483879374,0.24596601100627194,0.5071807732358528,58,1653
2009-06-24,0.3780229596717416,0.372337394418148,0.18995717833112707,0.24441975224689058,0.5056385878248201,58,1653
2009-06-25,0.37795483405098523,0.3722659306508304,0.1899743479060106,0.24400198797849554,0.5055576353991175,58,1653
2009-06-26,0.37774204565871256,0.3714078090616556,0.18994341581875648,0.24297527467465355,0.5047514214331703,58,1653
2009-06-29,0.3778644007560957,0.37148709732183316,0.19005158078611115,0.2430493545984741,0.5051624437057972,58,1653
2009-06-30,0.3781519342565066,0.37211618020927223,0.19012411659258455,0.24238794563591853,0.5051879077701174,58,1653
2009-07-01,0.377807995300593,0.3714892525220503,0.18973713635757491,0.24113427220048775,0.5048643419384325,58,1653
2009-07-02,0.3773820141761802,0.37172472993507744,0.18969301462386184,0.2401752684398192,0.5042792128523758,58,1653
2009-07-03,0.377597567209618,0.37166307853681,0.18978678126569593,0.24090171429449572,0.5052520129540232,58,1653
2009-07-06,0.37768477751662605,0.37176036836166965,0.18980960776192524,0.24244573112040785,0.5049643422474497,58,1653
2009-07-07,0.37735668042413806,0.36881691990669735,0.18966105391102683,0.2412783740535015,0.5048563870378593,58,1653
2009-07-08,0.3758431728637878,0.36832630808980504,0.1902607973190753,0.23906029970925058,0.503950299430946,58,1653
2009-07-10,0.3754857946962664,0.36906319265039583,0.19001975507090593,0.23800060686618935,0.5028045369349285,58,1653
2009-07-13,0.3755532283279168,0.3679799027376373,0.18999542393975363,0.23714062743113054,0.5023954152006772,58,1653
2009-07-14,0.37557414140934026,0.3683699912815906,0.19018869326184204,0.23690860155453253,0.502456315467571,58,1653
2009-07-15,0.37586295803899705,0.36831417743482275,0.19029543872013915,0.23665334254660367,0.5038691715843948,58,1653
2009-07-16,0.376723430093171,0.3686578453395978,0.190344215340161,0.23906812559645965,0.5037087414839828,58,1653
2009-07-17,0.37680932829739705,0.3685044092225265,0.19022636342853458,0.2394013848813829,0.5034489816934407,58,1653
2009-07-20,0.3767085339093478,0.3680656985530901,0.19030463472955678,0.23909577395570078,0.5032223384265069,58,1653
2009-07-21,0.37737561978571244,0.36886059217120853,0.19043721846592346,0.2394556360156781,0.5047428583221006,58,1653
2009-07-22,0.3771553216275518,0.3678735162020959,0.19093403493158634,0.23983206007155938,0.5053766861558526,58,1653
2009-07-23,0.3768089782449202,0.36763928678594426,0.19089674581537916,0.23827375847114202,0.5045231069042523,58,1653
2009-07-24,0.3770561535361367,0.36718900182328645,0.19112084304359084,0.23920165494005627,0.5048270072208572,58,1653
2009-07-27,0.37670294040862295,0.3666029165702937,0.1911653192243846,0.23807949821940608,0.5045851220307724,58,1653
2009-07-28,0.3763844294079902,0.3661988312499666,0.1911913875313051,0.2380166090611662,0.5042542324400119,58,1653
2009-07-29,0.3765790240944613,0.36670686676871933,0.19128391143631177,0.2377935799084652,0.5041664002039399,58,1653
2009-07-30,0.3760817654842208,0.3664436802581368,0.1917388348274843,0.23831205622846335,0.5037656671267339,58,1653
2009-07-31,0.37659791908349965,0.36689084816231166,0.19171392510010493,0.23841809437827727,0.5039987509731109,58,1653
2009-08-03,0.37661331434050754,0.3675719529008966,0.19173054911869672,0.23855286436245468,0.5048020287081401,58,1653
2009-08-04,0.37731386866759287,0.3676960006618867,0.19138152916189055,0.24064707213307848,0.5058883227106391,58,1653
2009-08-05,0.376948821541139,0.3660134900806633,0.19131400963437736,0.24014145834652278,0.5047959606737289,58,1653
2009-08-06,0.3772569044670148,0.3667376317347601,0.1911668579620262,0.24048909845614716,0.5053914200084388,58,1653
2009-08-07,0.3765861058352398,0.3654890197825263,0.1908702999460349,0.2401783788706723,0.5048049368538524,58,1653
2009-08-10,0.3761564657132181,0.3651409690557615,0.19050047565539702,0.23986845692954656,0.5033518687874012,58,1653
2009-08-11,0.37595792524037236,0.3652358721828462,0.190374012932719,0.23935724602531377,0.5021511430115336,58,1653
2009-08-12,0.3760703962573732,0.36454904660161846,0.19060928133950486,0.23853251362767394,0.5022976505943682,58,1653
2009-08-13,0.3759218564472048,0.3649043981818783,0.19064576838671207,0.23852666083207816,0.5020953286951461,58,1653
2009-08-14,0.3756815242702095,0.36576085677061504,0.19044453670344913,0.23902726563915547,0.5027738963555565,58,1653
2009-08-17,0.3746737405967509,0.3640337004687903,0.1899053564320395,0.23873639737357355,0.5014446245380658,58,1653
2009-08-18,0.3746866382785699,0.36331524881069055,0.18979777871528097,0.2388019214225833,0.5015634405973438,58,1653
2009-08-19,0.37514138346736603,0.36261688727037833,0.18975447020536967,0.2392073877405625,0.5017442885820724,58,1653
2009-08-20,0.3750763023704724,0.36318491163851835,0.18973851777148193,0.24018087932314205,0.5016688124789617,58,1653
2009-08-21,0.3754368473624636,0.3632168574855105,0.18960886937650961,0.2399188411704182,0.5019980386336425,58,1653
2009-08-24,0.37501314440689915,0.36205326352177597,0.18962022979022508,0.23851419013332287,0.501970569909146,58,1653
2009-08-25,0.37485343464185644,0.36233022707494694,0.18945359504294187,0.2389371837000435,0.5003992385284588,58,1653
2009-08-26,0.3746152650853906,0.3606118882559406,0.1895019905340827,0.239819085692696,0.501478779311394,58,1653
2009-08-27,0.3749423128050424,0.3629507356736988,0.18945094164072263,0.24010985668102658,0.50160891993091,58,1653
2009-08-28,0.374813597174581,0.3625302907004108,0.18937256446624084,0.2401260440891347,0.5006804151070121,58,1653
2009-08-31,0.3747513673764697,0.3614769624338244,0.18929593210969908,0.24028600517186458,0.5001008530418362,58,1653
2009-09-01,0.3747198640584204,0.3610024552273309,0.1895186231307854,0.24084938458071703,0.4999085392647375,58,1653
2009-09-02,0.3757820064119379,0.3625791473481319,0.18845703860610255,0.24173848380172558,0.5006046286460559,58,1653
2009-09-03,0.376345999095277,0.3627193417162248,0.1877956605599944,0.24288131837221189,0.5008113325991757,58,1653
2009-09-04,0.37651013562261126,0.3630508410084848,0.18796998175922397,0.24343856273647224,0.5009487104267125,58,1653
2009-09-08,0.3764947623440543,0.3627038011995,0.18799831246015286,0.24332083310272348,0.5010453138930043,58,1653
2009-09-09,0.3769704050580421,0.36393135943442884,0.18828790499278142,0.24357422195469178,0.5020217747278654,58,1653
2009-09-10,0.3766780190301438,0.3636253776852926,0.18810521584897558,0.24399034080349385,0.5013821306116741,58,1653
2009-09-11,0.37541114224005095,0.36172497440801293,0.1882705343987631,0.2423296216079067,0.49976114077843586,58,1653
2009-09-14,0.3755552717649339,0.36145455062657295,0.18825794917418978,0.24280100966707271,0.5004085993416851,58,1653
2009-09-15,0.3758477222142986,0.36355297700072964,0.1884327948342438,0.24326141872438628,0.5000783977019212,58,1653
2009-09-16,0.3737527748474749,0.3587403054788229,0.18873958612915212,0.24003664751893775,0.49843796367329274,58,1653
2009-09-17,0.37446458769581753,0.3586293518350466,0.1888133816663046,0.23998407887533563,0.49920599930932724,58,1653
2009-09-18,0.3751602481875969,0.3586674742517427,0.18905680908670755,0.2415093146948288,0.501035755199682,58,1653
2009-09-21,0.37541584124567046,0.3573365181477768,0.18919500425641625,0.24163613007369822,0.5017910582889843,58,1653
2009-09-22,0.37178827480343374,0.35686346662559765,0.18997477196639087,0.23858420373541878,0.4989080510405358,58,1653
2009-09-23,0.3725108963810176,0.35707834541591543,0.19037094945771188,0.2390316740564907,0.4987336177810935,58,1653
2009-09-24,0.3663482099918124,0.3492914692763481,0.19113427001844982,0.23025712732350417,0.49439775243375944,58,1653
2009-09-25,0.36573497594886345,0.3452577729648193,0.19031986870068965,0.22999950854498585,0.4938311747583061,58,1653
2009-09-28,0.35970821961447647,0.3388918546727704,0.19012626350291553,0.22425395696483935,0.4840649379255423,58,1653
2009-09-29,0.3602186438373465,0.34089146891296784,0.18973779545493036,0.22430219467679063,0.483854763863384,58,1653
2009-09-30,0.36027078205216756,0.3423048585115718,0.18976967213043355,0.22375985632117099,0.4836772729614809,58,1653
2009-10-01,0.36062827269018344,0.3423721845705294,0.19014959811461327,0.22320516432483936,0.4845813196054474,58,1653
2009-10-02,0.36049587029736874,0.34283429021207257,0.19012753666361398,0.22235442050757076,0.48334480302266897,58,1653
2009-10-05,0.3609799981038464,0.3441821054872077,0.19029213956904417,0.22250655783110013,0.4861480168558479,58,1653
2009-10-06,0.3508291901261091,0.33501230509485713,0.19244219259912945,0.21474087166334044,0.47579170031057955,58,1653
2009-10-07,0.34762611601744825,0.3326891660567471,0.19230476340435515,0.21083554595124623,0.4724267252411968,58,1653
2009-10-08,0.348281866719784,0.33341880692223813,0.1921830601024192,0.21222027223151596,0.47194832108734147,58,1653
2009-10-09,0.3457538973960426,0.33055407362365236,0.19291439701979635,0.2112080594638814,0.4692727062440504,58,1653
2009-10-13,0.34539033438709454,0.3299179798611606,0.19308502101339517,0.21168761946238135,0.468942955492703,58,1653
2009-10-14,0.3405250601194628,0.32459849514161077,0.19450815222608023,0.20413223045445988,0.46756232534650033,58,1653
2009-10-15,0.33900576457195,0.3212609300219795,0.1951028568974247,0.20068781519629672,0.46475342171747996,58,1653
2009-10-16,0.33479670376715154,0.31522566249505996,0.19699500040478365,0.19470010028839108,0.4636189837100595,58,1653
2009-10-19,0.335338682617523,0.31618151313800485,0.19728628335104934,0.194207381224946,0.46500115217127524,58,1653
2009-10-20,0.3330233338877869,0.3127834733707638,0.19928700500822466,0.18914139529434465,0.46495768926815656,58,1653
2009-10-21,0.31015630338883654,0.2830617208740465,0.2003569103031272,0.16413002984359987,0.43606735676021363,58,1653
2009-10-22,0.3103688942686518,0.2835813465847294,0.20079568706730033,0.16445789866457283,0.4374121527565835,58,1653
2009-10-23,0.2942058999594164,0.2709024720467137,0.19838378672231075,0.15042712440099687,0.41758715863720836,58,1653
2009-10-26,0.29729608474026287,0.27217163466073785,0.19976682319672964,0.1518562114546252,0.41994120448344796,58,1653
2009-10-27,0.2985670651732239,0.2728379247213754,0.2002863024152119,0.15306556020646886,0.4238182572575147,58,1653
2009-10-28,0.2921587636012699,0.2630726112820698,0.20043710386435948,0.14824739220027855,0.4157251968673978,58,1653
2009-10-29,0.29463569118479704,0.26698867403615256,0.2017960432644658,0.1470929021354931,0.42112239210257413,58,1653
2009-10-30,0.2790641162257715,0.25166572466326903,0.20129640203680543,0.13387073776057926,0.3993939617975342,58,1653
2009-11-03,0.27825372932193654,0.24734832498989176,0.20103294762431081,0.13250926854560793,0.3998336997822078,58,1653
2009-11-04,0.2706576681671094,0.23759681160011575,0.20048202037699764,0.12197275565180608,0.3910067015489691,58,1653
2009-11-05,0.26523021252471,0.23105120005734106,0.20022787214503057,0.11649392739479555,0.3845739088711537,58,1653
2009-11-06,0.24973320397328208,0.21485605001341473,0.19234434411385806,0.11119663303635265,0.35060418178405084,58,1653
2009-11-09,0.248534857047021,0.21226097214050393,0.19142430298620283,0.11065251577814467,0.350586963427216,58,1653
2009-11-10,0.24743248099002668,0.21312597970957484,0.18805365615832637,0.11144592584289567,0.3440429275293855,58,1653
2009-11-11,0.250075683479315,0.21574895527189067,0.18930121670945463,0.11208554531367615,0.348276384421248,58,1653
2009-11-12,0.25079560189828526,0.21761034255329986,0.19095758474163588,0.1131390308609935,0.3479469711897208,58,1653
2009-11-13,0.24857557453601453,0.21506152126379982,0.1927474235254253,0.10832875781440078,0.34921846834008763,58,1653
2009-11-16,0.2426396261523547,0.21035455662275665,0.19228899297435917,0.10161676253551416,0.34742840862031527,58,1653
2009-11-17,0.2417506119718143,0.21238782970285047,0.1917435968686515,0.1029849623926494,0.34452878780366075,58,1653
2009-11-18,0.2430354374285657,0.21340100308101378,0.1924844664430878,0.10265310962794463,0.34570894576708466,58,1653
2009-11-19,0.24487350270260771,0.2115099277744574,0.19351136301958152,0.10301649852708977,0.3484520923079651,58,1653
2009-11-23,0.24692717419403085,0.21484407666796543,0.1939050874786543,0.10590062202787377,0.35144957874647614,58,1653
2009-11-24,0.24097489017631665,0.2085642538035658,0.19255835248415795,0.10058936844471192,0.3421583392100207,58,1653
2009-11-25,0.23936607110145328,0.20578570268532906,0.19227500404870806,0.0984498120783815,0.34215082605762764,58,1653
2009-11-26,0.24015152042164623,0.20619234556968766,0.19250093146999625,0.09749180264460977,0.34354430995588137,58,1653
2009-11-27,0.24163604217033555,0.205923387862666,0.19276308874883685,0.09946569353479384,0.3466006290171715,58,1653
2009-11-30,0.23999513315180795,0.2079643377496363,0.19245608048363774,0.09706080957595638,0.34334872755951695,58,1653
2009-12-01,0.24084596684125084,0.2089256918074829,0.19268369801866006,0.09742676415872982,0.3474499642401672,58,1653
2009-12-02,0.23574591016118354,0.20292028854612973,0.19044837846834997,0.09539219923868,0.3355732813395692,58,1653
2009-12-03,0.2335797208057182,0.19949089811367943,0.1896958201745492,0.09074168327412133,0.3419437570515313,58,1653
2009-12-04,0.23472046784527095,0.20146019569818735,0.18990569042736688,0.0932800918714004,0.34516586028198887,58,1653
2009-12-07,0.23273625830487896,0.19882291023253912,0.18957107349775168,0.09016531544632699,0.3405100857529463,58,1653
2009-12-08,0.23332739195067206,0.20104795086616473,0.18985734688796982,0.09124139081605481,0.3421736542716684,58,1653
2009-12-09,0.2343235035184108,0.20206133197734819,0.18985548605551633,0.09311799991279722,0.34380838714451034,58,1653
2009-12-10,0.23205445035578126,0.1968550895789018,0.1904159741627434,0.09089872827666484,0.33672556228476375,58,1653
2009-12-11,0.23349710821391173,0.20064704389998708,0.19038770764590346,0.0931697538018473,0.3383165258540598,58,1653
2009-12-14,0.2341892487881675,0.201531522734826,0.19080234601320709,0.09240286038130717,0.3386989518339882,58,1653
2009-12-15,0.23479995439111234,0.20212108850411592,0.19129670463006168,0.09256326242792492,0.33892619422126913,58,1653
2009-12-16,0.23593627626744637,0.2029548378910187,0.19185012303352544,0.09370033208909505,0.34032218860542623,58,1653
2009-12-17,0.2342978978088938,0.2041249830444462,0.19065104646711026,0.090522392837851,0.34345802294152494,58,1653
2009-12-18,0.2353610765978843,0.2058049211799366,0.19088711233283237,0.0925238583309889,0.3440804438838167,58,1653
2009-12-21,0.2371216002844844,0.20702955227667597,0.1914786533605044,0.09427098611079406,0.3472241388900699,58,1653
2009-12-22,0.23782866563564461,0.20702250080337234,0.19147919100421343,0.09463976008119317,0.34857227163232896,58,1653
2009-12-23,0.23838689945280936,0.20972623029052023,0.19168404024158142,0.09658327091647018,0.35254969223333993,58,1653
2009-12-28,0.24080237775699315,0.2097719402442959,0.18925577920997713,0.09981359819577947,0.35072078995415784,58,1653
2009-12-29,0.24071466128373617,0.209120464019267,0.1873321454462658,0.10230543538372273,0.34827896944839465,58,1653
2009-12-30,0.24069343396099355,0.2101479112350269,0.18774186160709197,0.10221564005005343,0.3492483231318053,58,1653
2010-01-04,0.2417668215219626,0.21019491288693706,0.1886861974209953,0.10179123507250408,0.3488468636362059,58,1653
2010-01-05,0.2419350251899378,0.2104933054939172,0.18890898689863272,0.10210159128337978,0.34911205280778795,58,1653
2010-01-06,0.2398113044274685,0.20707714169176447,0.18848889364424962,0.09946893498832653,0.3468196302838491,58,1653
2010-01-07,0.23967624373950014,0.20741259536207007,0.18786911499840872,0.09941439269806036,0.34494052365965366,58,1653
2010-01-08,0.2401853202923547,0.20951582005050579,0.18845617543005544,0.09961630278695517,0.34586732462431774,58,1653
2010-01-11,0.2412584562971606,0.2107294938326982,0.1887365631919028,0.09885728529673118,0.34591989224069564,58,1653
2010-01-12,0.24151104628079564,0.20871291769776942,0.1888261345458141,0.09829794510380478,0.3462085547638946,58,1653
2010-01-13,0.237745630653209,0.20567887474296778,0.18701975848660385,0.09796578034645623,0.34412160759016847,58,1653
2010-01-14,0.23924312388827876,0.209436349732708,0.1873651380310907,0.09898771483166112,0.3443950263830146,58,1653
2010-01-15,0.24022673069194617,0.21097694174198128,0.18740852959379978,0.09906326472090148,0.34609833685513597,58,1653
2010-01-18,0.23921815326760662,0.20926356187725018,0.1883422580603333,0.09595145609042248,0.3459701100345828,58,1653
2010-01-19,0.23990809900419044,0.2084896105506663,0.18837496947655374,0.09525389916855853,0.34617821519587477,58,1653
2010-01-20,0.2404306039774969,0.20853355171425464,0.18853696557178545,0.09662479690521286,0.34794532350440555,58,1653
2010-01-21,0.24167723111621325,0.20776424250025322,0.1852933977466569,0.0986774515779462,0.34616885661104585,58,1653
2010-01-22,0.2445007840566023,0.21077169588567404,0.18554948702480076,0.1042832259924813,0.3488442687151608,58,1653
2010-01-26,0.23911579345498093,0.20694997129362036,0.18545509895478987,0.09788121793615757,0.34429166116226,58,1653
2010-01-27,0.2387094719582636,0.20659301708959965,0.1843763120275651,0.09853717391170067,0.34314118423100315,58,1653
2010-01-28,0.23935296032405895,0.2083186197161898,0.18486944819996243,0.09881500243131515,0.34434438697386777,58,1653
2010-01-29,0.2395548026098927,0.20848850156367538,0.18449018286513194,0.09889635630504667,0.3434670695587146,58,1653
2010-02-01,0.23642329027698836,0.20412652910633927,0.18433520915588342,0.09644915544464726,0.3374651869050497,58,1653
2010-02-02,0.2363288040027657,0.20242428967474976,0.183688238436595,0.09750841785250536,0.33531636919809804,58,1653
2010-02-03,0.23668379372480292,0.20163694440536156,0.18269890373323827,0.09979542627633384,0.3348240326398414,58,1653
2010-02-04,0.23718536578526128,0.2031164903287607,0.18340008415654896,0.09953467953781359,0.33652963588458873,58,1653
2010-02-05,0.24332429475500836,0.20958762826757976,0.1834151974105813,0.10556858380577192,0.3436469093192811,58,1653
2010-02-08,0.2454870827122347,0.211176182215624,0.18359576084196444,0.10866778125260293,0.342587511906155,58,1653
2010-02-09,0.2462521471646071,0.2111077750366496,0.18333999341553683,0.10930050887005818,0.34533344329426885,58,1653
2010-02-10,0.24530796240312464,0.20981422549710035,0.18442901612822357,0.1072865622929684,0.34430708731378457,58,1653
2010-02-11,0.2456736422113529,0.2101704610807144,0.18481763035841112,0.10699089876454393,0.3440338030671201,58,1653
2010-02-12,0.2457165771980231,0.21000581347371663,0.18505602125451082,0.10697143095783965,0.3464162581633639,58,1653
2010-02-17,0.2464790952837038,0.21167314130419795,0.18486843520605617,0.10702040774423094,0.34681569492120207,58,1653
2010-02-18,0.24853102050510403,0.21366066070971657,0.18482515465554672,0.10877916913847821,0.3488069334703307,58,1653
2010-02-19,0.2479920471259614,0.2127600081191106,0.18473449757882326,0.10738980992868902,0.3485778757014167,58,1653
2010-02-22,0.24822573540012083,0.2133710780772529,0.18452267012534793,0.10823587499161862,0.34795134743324246,58,1653
2010-02-23,0.24868004028743007,0.2141540287622019,0.18470716258880732,0.1076238280771759,0.34903505826749304,58,1653
2010-02-24,0.24866520897689795,0.21545661740468017,0.18460078193422408,0.10739539378307754,0.3485130629417414,58,1653
2010-02-25,0.2486561718981663,0.21553105757601645,0.1848013686393333,0.1063798287248664,0.3492387116493177,58,1653
2010-02-26,0.24801594215332728,0.21532229596519079,0.1846139510508737,0.10617790398811805,0.35049718450713946,58,1653
2010-03-01,0.2473136866794314,0.2149016985069745,0.18434111306464113,0.10556365278526703,0.34765288204604905,58,1653
2010-03-02,0.24754375535867787,0.21480045340802645,0.18448826587759895,0.10547869291306802,0.34742892872915127,58,1653
2010-03-03,0.24395286603476896,0.21066894374063447,0.18256072988312472,0.10280333994039056,0.34336988087807957,58,1653
2010-03-04,0.2446233397887267,0.20999534508807505,0.18261627345147247,0.1029127806763348,0.3433731678274635,58,1653
2010-03-05,0.24500975153333568,0.21145571733777135,0.1828166293007116,0.10379401758538534,0.3429124695800701,58,1653
2010-03-08,0.24360817304719865,0.21115486988607687,0.18349001046075708,0.10163892958829485,0.34257767697015895,58,1653
2010-03-09,0.24454182737602576,0.21091487353158334,0.18431947227583892,0.10114150576696927,0.3487251871320126,58,1653
2010-03-10,0.24440361598967061,0.21104161643474625,0.1851641402989243,0.09930556793343245,0.3482373435076465,58,1653
2010-03-11,0.24492802378807424,0.21151390863185682,0.18527647935610217,0.09870207226202656,0.34891772597431603,58,1653
2010-03-12,0.2385873683440415,0.20375222897051298,0.1819846895239342,0.09713323188326713,0.3353753782836199,58,1653
2010-03-15,0.23976738018240212,0.20446647382725522,0.18253023416501582,0.09756329547958106,0.335927428130475,58,1653
2010-03-16,0.23886824542030338,0.20053708744208706,0.1814562175167084,0.0993798059374562,0.3320037467679251,58,1653
2010-03-17,0.23642486714843539,0.20020528355549494,0.18122367519224472,0.0979416377350014,0.32944041415198433,58,1653
2010-03-18,0.236756153813224,0.20135120237084972,0.18165280468429354,0.09822916510815603,0.33102004522898193,58,1653
2010-03-19,0.23607975658794697,0.20084654664528756,0.1821548454797534,0.09735847847546912,0.33027153727567926,58,1653
2010-03-22,0.23474709949253325,0.2008302273436494,0.17976102872619218,0.09705664854025954,0.32506638681633526,58,1653
2010-03-23,0.2350947287547518,0.2014386431154824,0.1796296457797912,0.09841984653270273,0.3237224474325132,58,1653
2010-03-24,0.23521051803914256,0.20118546603808787,0.17970849351091928,0.09794437562632104,0.32559172603920394,58,1653
2010-03-25,0.23589018176047555,0.20148051233978517,0.1797276746823744,0.09840941278208915,0.32716659064411935,58,1653
2010-03-26,0.23649066332175897,0.2024574406140555,0.1792665964802185,0.100410010251223,0.32493702460164037,58,1653
2010-03-29,0.23697497318043312,0.20281211168666932,0.1793894015314053,0.10032889858506723,0.32609958597047495,58,1653
2010-03-30,0.23644980429360593,0.20214703276036514,0.17924809153822904,0.10128068873305959,0.3230122495792771,58,1653
2010-03-31,0.23749978708685915,0.20286078421821863,0.17956422446197978,0.10246618148222467,0.32399941000056454,58,1653
2010-04-01,0.23753425928756183,0.20316447513356078,0.17949674344627228,0.10111153499334238,0.326094931358333,58,1653
2010-04-05,0.23295443432110405,0.19899348398984285,0.17733763544119965,0.09793876503812883,0.3186754284431619,58,1653
2010-04-06,0.23231319554595445,0.19971999138558547,0.17745521368324213,0.09742626714496225,0.3190144352541858,58,1653
2010-04-07,0.2326847994851652,0.20001496367427868,0.17752731091446608,0.09753619140121736,0.31868350873272866,58,1653
2010-04-08,0.23137068763949206,0.19766576204716524,0.17710865425913874,0.09691443368892197,0.3170309836563384,58,1653
2010-04-09,0.2311603388729139,0.19670459260139675,0.17738058554412825,0.09668689183227622,0.31805002334276833,58,1653
2010-04-12,0.23056980247816386,0.19690868801641723,0.176410022832379,0.09712825586176732,0.3178245150122689,58,1653
2010-04-13,0.23245291788763753,0.1997618468754548,0.17676340609216554,0.0963024367427893,0.32037736262454525,58,1653
2010-04-14,0.23087951960810163,0.19624214487544575,0.1763130025158673,0.09836507662762616,0.317096493839287,58,1653
2010-04-15,0.22773061973492778,0.19316357753658428,0.17561877896017997,0.09589107387122377,0.3145245106738565,58,1653
2010-04-16,0.2268207396967202,0.19238276794588471,0.17581832957519578,0.0950578877375025,0.31252589776971595,58,1653
2010-04-19,0.22759271676886467,0.1939273172311364,0.17611947333323227,0.09633006183715369,0.3133457146722889,58,1653
2010-04-20,0.22859278564594088,0.19453352891005496,0.17589644839920396,0.09597669257675417,0.3148395395110866,58,1653
2010-04-22,0.22866987326567942,0.19452908425121193,0.17656255808285867,0.09583790483290522,0.31691055624239106,58,1653
2010-04-23,0.22818261201425413,0.19513870754937715,0.17676613936362937,0.09478731986394615,0.3168881046823563,58,1653
2010-04-26,0.2286029706918005,0.1948324499027294,0.1769123174373306,0.09514393683214979,0.3183254565083124,58,1653
2010-04-27,0.22823894864783298,0.194712751088033,0.1776341550788606,0.09683751321676842,0.3192977826604217,58,1653
2010-04-28,0.23124829142878928,0.19894131045520924,0.1779262480760919,0.0989507386576368,0.31975678279787584,58,1653
2010-04-29,0.2308353951331273,0.19894407123907623,0.17749298560621724,0.10023260546255057,0.32024939806574454,58,1653
2010-04-30,0.23205419620155993,0.1999098545758486,0.17774031621260494,0.10061451103334741,0.3215348533667574,58,1653
2010-05-03,0.2307537304252795,0.19898426305970332,0.1759772205560304,0.10092042511517779,0.31975549177128404,58,1653
2010-05-04,0.22970897293755352,0.1974677627614556,0.1762467892301419,0.09965574839644815,0.3181112800654516,58,1653
2010-05-05,0.23389175921712174,0.2024717950399847,0.17619920038577067,0.10534711621089438,0.3192988884860638,58,1653
2010-05-06,0.23366072947248387,0.20271078695899022,0.17655786363537834,0.10354333191362843,0.32013049715381886,58,1653
2010-05-07,0.23697111563547402,0.20869549773457777,0.17495033156403111,0.10982712446014793,0.32497765735283185,58,1653
2010-05-10,0.23788151051427983,0.20934763501447098,0.17525224590542085,0.1089231205671512,0.32656426189644694,58,1653
2010-05-11,0.2410467563199803,0.21285884010015135,0.17454994218852973,0.11160652047587355,0.3317610425076214,58,1653
2010-05-12,0.24276589176878033,0.21303821131574865,0.17544002528705677,0.11274893278951352,0.33324197009532913,58,1653
2010-05-13,0.2380617421056588,0.2099134326747401,0.17258621196312476,0.11030009106177024,0.3274557579498379,58,1653
2010-05-14,0.23919735474696505,0.21009321729261102,0.17281564002417876,0.1105015387622521,0.32643668210755633,58,1653
2010-05-17,0.24156689406064574,0.21165428015094762,0.1726567836989567,0.11497971253629609,0.3277283702176894,58,1653
2010-05-18,0.23921854205952006,0.2080543271963559,0.1714640071591054,0.11358643478801354,0.3239248457635535,58,1653
2010-05-19,0.23973144274300406,0.2096013056605805,0.1715630049766102,0.11541824847927921,0.32388446853351655,58,1653
2010-05-20,0.2423558016639013,0.2116023378054975,0.17094768704888932,0.11888538602970063,0.3246455418819404,58,1653
2010-05-21,0.2460969167744165,0.21553697796608362,0.17029215545249055,0.12250466081734011,0.3281490576982884,58,1653
2010-05-24,0.24824110176800993,0.218462773645242,0.16860478827952394,0.1286382968449216,0.32706906892149584,58,1653
2010-05-25,0.24872534520180803,0.21986610576530743,0.16850636772836272,0.12734777439845815,0.3272833462822982,58,1653
2010-05-26,0.2500133494290603,0.22174011838109897,0.16855653706712082,0.12942734550428267,0.32986235339389525,58,1653
2010-05-27,0.24622641723269534,0.22172045988949443,0.1645826201531385,0.12976986874433682,0.3196418955597241,58,1653
2010-05-28,0.25037608546237766,0.22588074267913458,0.16435745153360573,0.13166682072627048,0.3260652934600323,58,1653
2010-05-31,0.2506433790856576,0.22613231284807253,0.16445649870808554,0.1319125162909316,0.3253924934275966,58,1653
2010-06-01,0.2493866544716957,0.2252943846942965,0.16453183067885407,0.1307946114668356,0.32325552957523296,58,1653
2010-06-02,0.2502369699271636,0.22686578853048095,0.16528261461276436,0.13105402111694883,0.3259136026031371,58,1653
2010-06-04,0.24997094542115486,0.2268950506823817,0.16587072855510168,0.12949043496061693,0.3265731443239628,58,1653
2010-06-07,0.2502952125644256,0.2266450844858717,0.16538214815104438,0.13125609894809015,0.3259463151840645,58,1653
2010-06-08,0.2502641391174032,0.22661988915704145,0.1657126130248462,0.13100630728609178,0.3273690871438717,58,1653
2010-06-09,0.2488446195579146,0.22434157210731456,0.16556712846643987,0.12836112872170008,0.327397632730509,58,1653
2010-06-10,0.2503933459257415,0.2269053278894602,0.16576461089074807,0.1301854391642054,0.32731899014772864,58,1653
2010-06-11,0.25136929615881953,0.22642871251236737,0.1661604428075017,0.12991533113518247,0.32851264035919203,58,1653
2010-06-14,0.25198683113291936,0.2275604935321079,0.16663534209381675,0.1309589286513236,0.3293599967493794,58,1653
2010-06-15,0.25026782624976085,0.2260508609328382,0.1651790731162984,0.13058726172204943,0.3255138191104209,58,1653
2010-06-16,0.24834621283926991,0.22251295900974294,0.16595771175429896,0.12864511826072678,0.32491501739780887,58,1653
2010-06-17,0.24876591903773781,0.22318096106151147,0.16602562558084358,0.12962850622529137,0.32599830835600313,58,1653
2010-06-18,0.24883507141051456,0.22300295048602273,0.16627560667389713,0.12990688903860295,0.3255941300021057,58,1653
2010-06-21,0.2480946302265216,0.22278573654470818,0.16655319977554248,0.12889057023719935,0.32518368024853495,58,1653
2010-06-22,0.24780504204211784,0.22260199702155836,0.16654130497100839,0.1296377915725567,0.32413387240144403,58,1653
2010-06-23,0.2476677384548124,0.2225999316544829,0.16655173112391225,0.1307015504368331,0.32313060143085326,58,1653
2010-06-24,0.2437186760706096,0.22054987386933392,0.1661262830321865,0.12657757140054857,0.3185799199276368,58,1653
2010-06-25,0.24265018189840992,0.22044777784758124,0.16562352456766402,0.12562070873549183,0.3167872870149059,58,1653
2010-06-28,0.24383487082975322,0.2216251130413344,0.16580025964415496,0.12751461092051905,0.3178164292657377,58,1653
2010-06-29,0.24390279560829106,0.22067712999530395,0.16583945797615976,0.12746276749469104,0.31806787508897016,58,1653
2010-06-30,0.24569085575586053,0.22329456745919732,0.16657709673616264,0.1292505587777356,0.31820122772294884,58,1653
2010-07-01,0.24317839058274537,0.2213906191701375,0.16425205840515572,0.12725798488891957,0.31382595177781036,58,1653
2010-07-02,0.24471798625298913,0.2237149087475915,0.16327780598775915,0.13199764096248473,0.3158275453885203,58,1653
2010-07-05,0.24489980499503308,0.22565433708043245,0.16338456020343486,0.13174697002394617,0.3156057148094122,58,1653
2010-07-06,0.24465705199391194,0.2243549469712709,0.1625801083767192,0.13128541290111503,0.3166294454055591,58,1653
2010-07-07,0.2446684378627054,0.22392999394515165,0.1629216255358401,0.1306350221427515,0.3172137614803511,58,1653
2010-07-08,0.24400154874784122,0.22238340359153771,0.163058340662193,0.12845475181649227,0.31620350013968507,58,1653
2010-07-12,0.24436701650267806,0.22355866078826905,0.16297431614675403,0.13050309772393714,0.3136964921627599,58,1653
2010-07-13,0.24507234002207107,0.22535563571769285,0.163030631446395,0.1306314737950181,0.3148503835611456,58,1653
2010-07-14,0.24512615252670453,0.22458157644799592,0.16281369451299582,0.1299344576055034,0.3130803110781268,58,1653
2010-07-15,0.2450484866554015,0.22513314775821713,0.16300177150680184,0.12971766305453375,0.3140309758877527,58,1653
2010-07-16,0.24508241601050082,0.22467100389678454,0.1631129601716623,0.13077140329617165,0.3142924321703916,58,1653
2010-07-19,0.24501475704998002,0.2238636159643404,0.16342112863365846,0.1294829604928343,0.3150303000558553,58,1653
2010-07-20,0.24537666467964955,0.2233042323342631,0.16370617480213412,0.12900845572800293,0.31663509725282973,58,1653
2010-07-21,0.2459888204927651,0.22413073550998328,0.16426481982230628,0.13110691607510436,0.31653258537391393,58,1653
2010-07-22,0.2465720349599833,0.22491727803678327,0.16436742874792462,0.13043477530529493,0.31549720563779854,58,1653
2010-07-23,0.24678968786645322,0.22570322667633125,0.16504901813028883,0.12992395737024182,0.31852686005748737,58,1653
2010-07-26,0.24493777127890803,0.22512937444339687,0.16306461659655114,0.12890239599059664,0.3151027235187558,58,1653
2010-07-27,0.24532835790175034,0.22616348241192843,0.1630023703633047,0.12920783895079285,0.31520151092193427,58,1653
2010-07-28,0.24533904267632262,0.22590735717858293,0.162904994490049,0.12941246402269727,0.31541020612053383,58,1653
2010-07-29,0.24467416239492604,0.22470396305154253,0.16191967497987328,0.13029249545988766,0.3155414244640871,58,1653
2010-07-30,0.24479557963887774,0.2248898320882362,0.16192125309288163,0.131963910613245,0.3152809373189167,58,1653
2010-08-02,0.2443377448933108,0.22426546225757388,0.16169839738958805,0.13013573900530911,0.31395238725385016,58,1653
2010-08-03,0.24388882795897177,0.22419234952861747,0.1609832151431689,0.13128755689597102,0.31050185031260186,58,1653
2010-08-04,0.24399887674324913,0.2246296232110299,0.1603645738558154,0.13190711929223412,0.31185497904771525,58,1653
2010-08-05,0.24456855712544642,0.2233543484863207,0.1604082996423425,0.1323575458688582,0.31392158943643456,58,1653
2010-08-06,0.2448147329658439,0.2244598895082583,0.16045786850726354,0.13345547170008631,0.3140461172523971,58,1653
2010-08-09,0.24457227996179948,0.22307614982302343,0.16043500634265,0.13430898184998477,0.3137774749329066,58,1653
2010-08-10,0.24400409446722163,0.22224077796520444,0.16041438256650997,0.13341916379851854,0.3119785950519557,58,1653
2010-08-11,0.2440299395902171,0.22378792221344246,0.1605959356420663,0.13410469916534234,0.31085232849723143,58,1653
2010-08-12,0.2415004990495965,0.21884422122435904,0.16156233094500067,0.13127607878144962,0.30957010017602005,58,1653
2010-08-13,0.2417233555006767,0.21908997085961185,0.16176369546834501,0.12964551330268642,0.3099714977514445,58,1653
2010-08-16,0.2414566012096607,0.21966745365741192,0.16197263481516955,0.13027491088886864,0.3084154655086639,58,1653
2010-08-17,0.24206965498965713,0.22048390321514522,0.16250651114348777,0.13005229291397827,0.30955839754676895,58,1653
2010-08-18,0.24279743981782492,0.22123184831728226,0.16268894576399337,0.13037149159909772,0.31195962664314364,58,1653
2010-08-19,0.24299338537221957,0.21993744787858843,0.16287422488299744,0.130681837897535,0.31312086327766686,58,1653
2010-08-20,0.24121413103143857,0.21880979848792265,0.16258358732568126,0.1293322102640025,0.3116938854793395,58,1653
2010-08-23,0.2416587613990988,0.22035794848030632,0.1625864616674313,0.12849160229127343,0.3127595320064869,58,1653
2010-08-24,0.24268776978688547,0.21997896742260534,0.16350844630564976,0.12875263027810957,0.31518474762412846,58,1653
2010-08-25,0.24297211117686035,0.22132388370530726,0.1639593306868857,0.1304770192513767,0.31447766939349836,58,1653
2010-08-26,0.24238912360134315,0.21905781776577604,0.16326475013294647,0.13216975898487845,0.31297241963281897,58,1653
2010-08-27,0.24267724662835863,0.21925643060235173,0.16387053239268343,0.1318886062248278,0.3148690744477585,58,1653
2010-08-30,0.24484816418867622,0.22050363109606347,0.16433173966863995,0.1336132290985696,0.31839304343981306,58,1653
2010-08-31,0.24475871534659957,0.22098305526992792,0.16437620868856795,0.13311370171041279,0.31708095211637005,58,1653
2010-09-01,0.24481005444098577,0.22216220725684718,0.16402769189533956,0.13339647303995125,0.31614662360528223,58,1653
2010-09-02,0.2471326738992541,0.22591738402839112,0.1650254936081643,0.13402575336595546,0.3188708081731017,58,1653
2010-09-03,0.24722995148423538,0.22607028870124715,0.16490691436471167,0.13401482577565094,0.3192794320709687,58,1653
2010-09-06,0.24691545297648182,0.22562770177344144,0.16456377893258153,0.13539508292302985,0.31673413045783655,58,1653
2010-09-08,0.24736019898121359,0.2261677922502807,0.16478186121080987,0.1350644004167476,0.31682827656190476,58,1653
2010-09-09,0.24692246971069245,0.2239179162980288,0.16427429536248622,0.13469034157664733,0.3166861562547154,58,1653
2010-09-10,0.24697928073895162,0.22360070586536857,0.1640137517353665,0.1351151942044783,0.3165069407027814,58,1653
2010-09-13,0.24665081397753041,0.22340175056917896,0.16387101378457758,0.13480672026397397,0.31587450432967074,58,1653
2010-09-14,0.24659168163760695,0.22333595361274725,0.16418859312960396,0.1353217226374276,0.31589089220562633,58,1653
2010-09-15,0.2462158312133148,0.22398644630359818,0.1639206238155147,0.13410612906503977,0.3165114573074097,58,1653
2010-09-16,0.24613103354456353,0.22256815430488802,0.1636640262144708,0.13402312448968712,0.3180574585471598,58,1653
2010-09-17,0.24498179670941708,0.22109079945182572,0.16284315564556662,0.13318444864869772,0.3160893126554762,58,1653
2010-09-20,0.2456265908958152,0.22107610980876014,0.16300714340660485,0.1309282597168949,0.3171978411976049,58,1653
2010-09-21,0.2457871222380713,0.22099128169615967,0.16349326293950123,0.13271800568188977,0.31786860515801135,58,1653
2010-09-22,0.2459227396439045,0.22101977037449916,0.16326536281816403,0.13308601472460996,0.31827939630829344,58,1653
2010-09-23,0.24568502070787882,0.22091051586568963,0.16316966725309845,0.13294435006058342,0.31733314075305086,58,1653
2010-09-24,0.2454365973987661,0.22160696550886758,0.16291037601088798,0.1327986618549408,0.31696533998105997,58,1653
2010-09-27,0.24499322854593586,0.2210195861771496,0.16217677806614267,0.13245239919159982,0.3161564971581705,58,1653
2010-09-28,0.24550866944354022,0.22063482509013455,0.16259067856469908,0.13142898944910164,0.3172849591726245,58,1653
2010-09-29,0.2458250233459881,0.22179384145925332,0.16249458325105884,0.13240160656274302,0.31813028263161564,58,1653
2010-09-30,0.24570452537502704,0.2205552269768633,0.16200272194265924,0.13201344386646396,0.3181308082200074,58,1653
2010-10-01,0.24626946329208757,0.22157597708976387,0.1617539318850623,0.13359123833453543,0.3187935474783528,58,1653
2010-10-04,0.24657574540350638,0.22294985846757723,0.16092728849028012,0.13432485342733974,0.3183416931427616,58,1653
2010-10-05,0.24655688421012886,0.221877432195262,0.1606754520425063,0.13392475311061083,0.31721479597590824,58,1653
2010-10-06,0.2471000710145649,0.2233614133865686,0.16051086024542163,0.13468673024375372,0.3179569625727529,58,1653
2010-10-07,0.2463089671593488,0.22305752557015499,0.16054590280656192,0.13407106916684597,0.3174426829659405,58,1653
2010-10-08,0.24638074003621183,0.22274485096940697,0.1609725750513171,0.1334118674376563,0.3177619334323161,58,1653
2010-10-11,0.24640387281435883,0.22388427524128163,0.16125022353043264,0.13396382175130442,0.3187807290979299,58,1653
2010-10-13,0.24516840743591647,0.22234993139053516,0.16119480497494432,0.13194271030425522,0.3162304076309094,58,1653
2010-10-14,0.2448413909462532,0.22281911649622935,0.16069755102580505,0.13293999016559424,0.3150149038323024,58,1653
2010-10-15,0.2419358857196582,0.2190176598858206,0.16064194763671827,0.1308294048819181,0.31031178615137733,58,1653
2010-10-18,0.2419539798994075,0.21927748470473332,0.16070223945938464,0.1315444848332035,0.30975867772515686,58,1653
2010-10-19,0.24226562979240684,0.2194802597367788,0.16117792237547077,0.13107460251000094,0.31165545110166615,58,1653
2010-10-20,0.24329031723299163,0.22062998227115915,0.1615617513412926,0.13122510516285357,0.3127443206890233,58,1653
2010-10-21,0.24326955449213256,0.22074083585927623,0.16087853398794583,0.1317523347945857,0.3142288130744112,58,1653
2010-10-22,0.2428141746761941,0.22090624440052684,0.16091062841514167,0.13045348522136826,0.31348701372031634,58,1653
2010-10-25,0.24219363548372905,0.2217947064040412,0.16004149979277532,0.13095505090753534,0.31234731163981544,58,1653
2010-10-26,0.24188789711369227,0.220509617273396,0.16038211635159597,0.12933488269075166,0.3127155872655359,58,1653
2010-10-27,0.24224734597976982,0.22125604952623856,0.16001380945718402,0.13152274638361036,0.31416723668919744,58,1653
2010-10-28,0.24174624917545595,0.2196095304610619,0.15905302701559892,0.13108383456140835,0.3126308418909365,58,1653
2010-10-29,0.23682737986530816,0.214836582271676,0.157356977454063,0.12958968909820062,0.3055799596516041,58,1653
2010-11-01,0.2369860407476607,0.2159216337596405,0.1574690836008216,0.12834763189175966,0.30633478881433207,58,1653
2010-11-03,0.23695367904484393,0.2167186485001618,0.15760945265002088,0.1286180683057616,0.3052528351773077,58,1653
2010-11-04,0.23546449632605387,0.216537335762964,0.15737063069931065,0.12869551660011336,0.3034746886285976,58,1653
2010-11-05,0.23595113286971378,0.21530337184403042,0.15736026094063124,0.12924366046865213,0.3056251864547344,58,1653
2010-11-08,0.23497765701700624,0.2146351109673728,0.15662330083747852,0.12740509528557015,0.3048048416842898,58,1653
2010-11-09,0.22896961899508003,0.20931633233847363,0.15204408209260636,0.1267139466342323,0.29379010939206296,58,1653
2010-11-10,0.21884710045562275,0.19910296992253224,0.15032642388842818,0.11801450567504293,0.2844356400108896,58,1653
2010-11-11,0.21407834614045795,0.19398600621482126,0.14937954327604466,0.11463871639054057,0.2761475911538417,58,1653
2010-11-12,0.21453250027813375,0.19517046265683746,0.14948923167492217,0.11335707871028168,0.27900158460003466,58,1653
2010-11-16,0.21287694150851477,0.19234702651608268,0.15106008253658768,0.11227783114206102,0.28064225622364386,58,1653
2010-11-17,0.21376620719041425,0.19432434877233876,0.1515372428532982,0.112363245193273,0.28055868196307737,58,1653
2010-11-18,0.21390267649926656,0.19405429931439594,0.15151693254219528,0.11250917304148805,0.2811288179215199,58,1653
2010-11-19,0.2121643565026705,0.19138546898024777,0.1518740245553819,0.11140913011225301,0.2789103209390816,58,1653
2010-11-22,0.21249225984823694,0.1920978905064815,0.15156815643586885,0.11158219992898578,0.2789037880980148,58,1653
2010-11-23,0.21406061205602392,0.19352147562829056,0.15193991354478073,0.11261638732717959,0.28016854304948485,58,1653
2010-11-24,0.2131939084857914,0.1915129557199121,0.15191518350026925,0.11346164396088096,0.2777512459735324,58,1653
2010-11-25,0.2144820500568392,0.19433741312695302,0.1524923480950836,0.1132739315235461,0.2790950488836409,58,1653
2010-11-26,0.21416069898904913,0.19320680824449796,0.15245079966311562,0.11345718953122957,0.27563486926986014,58,1653
2010-11-29,0.21507497700691824,0.19478117507897405,0.15254836499470664,0.11283752889359976,0.2762444111254225,58,1653
2010-11-30,0.21463712616648045,0.19515282309500062,0.15253628092597896,0.11288018658836647,0.2796239128535568,58,1653
2010-12-01,0.21373808892526103,0.1939009431939602,0.15241935658067163,0.11132211025087996,0.27854606423431805,58,1653
2010-12-02,0.21513763515199508,0.19613157843615903,0.15317022330064778,0.11208962116980807,0.28240232042325025,58,1653
2010-12-03,0.2152149694973552,0.19537248452249475,0.15287051376869565,0.11458976446704272,0.28210849866351034,58,1653
2010-12-06,0.21467073017992952,0.19544743745357965,0.15279025498691468,0.1126027993642853,0.2831784571966731,58,1653
2010-12-07,0.2133359561010321,0.19323022340321847,0.15234593582581363,0.11222734216690339,0.28230394033387174,58,1653
2010-12-08,0.21247204868378036,0.19261004610067323,0.15231849835887268,0.11122599746284602,0.2805860033207578,58,1653
2010-12-09,0.2132180913724735,0.19442771268049655,0.1527201447653791,0.11177348893903558,0.2804606677252568,58,1653
2010-12-10,0.21222274450335088,0.19348963358459004,0.15188864990525675,0.11122852464526295,0.2792432604496555,58,1653
2010-12-13,0.21245907204107065,0.19261694460935655,0.151675264973452,0.11061632207641231,0.2785632001058554,58,1653
2010-12-14,0.2126313666107427,0.19274581792124307,0.15191757233011524,0.1101844179819086,0.2795725052426309,58,1653
2010-12-15,0.21252881288187453,0.19338810322469888,0.15177542375336162,0.11099160374889158,0.2792630181957793,58,1653
2010-12-16,0.21207344174288223,0.19372528604953743,0.15157190595398548,0.11076067602642706,0.27748338540167256,58,1653
2010-12-17,0.2118912740490766,0.1934729671888705,0.1513934542229937,0.11089867008951276,0.2770080274349896,58,1653
2010-12-20,0.2119213702239994,0.19286426281496502,0.15132059098130424,0.10991954683233968,0.2777380649766119,58,1653
2010-12-21,0.21083538865893703,0.19219996908925013,0.15201699775409566,0.109507803047487,0.2774211383459607,58,1653
2010-12-22,0.21124443321692732,0.19248459481251734,0.15236226296557379,0.10998245319756422,0.27720900463976805,58,1653
2010-12-23,0.2112417854798927,0.19058946304386665,0.1523748066362101,0.10968534247104826,0.2777135516577577,58,1653
2010-12-27,0.21163197310024154,0.19200858890512104,0.15221793673981934,0.11042370765008083,0.2780168112823204,58,1653
2010-12-28,0.2118156799917067,0.19222558891118394,0.15231675019721125,0.11264464604162303,0.2783527672111354,58,1653
2010-12-29,0.21058676929332618,0.19151802037240348,0.1514670638706042,0.11150134322171319,0.2758582543085288,58,1653
2010-12-30,0.21166133354300445,0.19126869868485125,0.15138422304242047,0.1126460427000672,0.275982430643117,58,1653
2011-01-03,0.21231033819854814,0.19220784405349747,0.1512199379039887,0.11250294092499835,0.27595803145485714,58,1653
2011-01-04,0.21103854148949727,0.1914225946819737,0.1511620874647592,0.11152877150187324,0.2743568506358428,58,1653
2011-01-05,0.21088611553790224,0.1909679502062425,0.15131278114820532,0.11151096054060095,0.27527146346157166,58,1653
2011-01-06,0.21169309738967906,0.1915109318268844,0.15137433417889798,0.11219745068324521,0.27577246256113064,58,1653
2011-01-07,0.2121553484031743,0.19331785953340036,0.15113010147945605,0.11363667411242523,0.2766556703621373,58,1653
2011-01-10,0.21139523700089713,0.1904700922630464,0.1512276446915527,0.11174919239951424,0.27616173737685507,58,1653
2011-01-11,0.21189737212100898,0.19212036291349,0.15111437874350828,0.11216541921179493,0.2780968231062754,58,1653
2011-01-12,0.21209972029951274,0.1917499624254955,0.15120686041677261,0.11213891529143316,0.2770284399451136,58,1653
2011-01-13,0.21357824750105284,0.1937827938578458,0.1512960918088351,0.11274859925742883,0.2782312646132567,58,1653
2011-01-14,0.213329255199965,0.1911205344568472,0.15168286957681884,0.11287351262136607,0.2771904660856863,58,1653
2011-01-17,0.21353297331664037,0.19210267846927398,0.15175811918768034,0.11278351158878892,0.27811983137183227,58,1653
2011-01-18,0.21472611844225398,0.19324780769954025,0.15144119795346625,0.11338873453713928,0.2787006276724807,58,1653
2011-01-19,0.21522295102448757,0.1942274770350232,0.1513821336247594,0.11464024126963598,0.2792358103526185,58,1653
2011-01-20,0.21584629878958767,0.1948707881449839,0.15167570033916733,0.11430938241451068,0.27949085530306667,58,1653
2011-01-21,0.215636875140597,0.19258738929480992,0.15142885726162933,0.11416610019893268,0.27911570858564444,58,1653
2011-01-24,0.2163490554860739,0.19614400936234652,0.1508570580668981,0.11631785140237265,0.2798072725213534,58,1653
2011-01-26,0.21676432319026043,0.19688655323248538,0.15087933347458224,0.11754312270933419,0.27999919721151795,58,1653
2011-01-27,0.21666247901617877,0.19623686155622255,0.15134018838705446,0.11694728473773176,0.28109928584646965,58,1653
2011-01-28,0.21570148180618212,0.1951674212985106,0.15019949331141064,0.11710359417617329,0.27954308911005116,58,1653
2011-01-31,0.21609751206240446,0.19573047337860144,0.14955056499585392,0.11716155272436615,0.2828735227087647,58,1653
2011-02-01,0.21700443027222668,0.19773474086591328,0.14952441697143784,0.1174773847325257,0.28411533750760803,58,1653
2011-02-02,0.21729705698869417,0.19775084954597227,0.1499417557452965,0.11967713452765728,0.28508682287825027,58,1653
2011-02-03,0.21725204537209508,0.19807807885756712,0.15015427841532378,0.11655620217092447,0.28559849191576914,58,1653
2011-02-04,0.21711013581889266,0.19733218938825361,0.15004529873530334,0.11731428548537998,0.286435592592759,58,1653
2011-02-07,0.21879738057062867,0.2004870087751272,0.1510927347178279,0.11882893520210265,0.28939326360826156,58,1653
2011-02-08,0.21825823732672278,0.20045369670962646,0.1513532512214983,0.11742388715945781,0.28832200925350965,58,1653
2011-02-09,0.218307771078778,0.20322714738635597,0.1512597407975267,0.11595148800310646,0.28847664513127974,58,1653
2011-02-10,0.22254774244790665,0.20664329048518643,0.15150667031920145,0.1191881654572567,0.2936785257895574,58,1653
2011-02-11,0.2140498312774684,0.19668573337180517,0.15023114685796404,0.1120948668396071,0.28354176459934294,58,1653
2011-02-14,0.21221512368288856,0.19420869267830249,0.15016322154631445,0.1087982142556575,0.28223861525676436,58,1653
2011-02-15,0.2124018440340507,0.1948792409576808,0.15065635540859823,0.10854442895033532,0.2818446844817566,58,1653
2011-02-16,0.21174834814675036,0.19367322603315026,0.14933622691394083,0.10955278418998154,0.278959775893473,58,1653
2011-02-17,0.21240353280257204,0.19473170455618508,0.14950332363764496,0.11137568105622127,0.2789450501266188,58,1653
2011-02-18,0.21194298353128116,0.19256461547191056,0.1486540421284806,0.11146927626874614,0.27827150989960314,58,1653
2011-02-21,0.21178662661423434,0.19421004136034484,0.14863404264961413,0.11088900363114335,0.27899030082964643,58,1653
2011-02-22,0.20987152380855528,0.1915537492306399,0.14966887118360975,0.10838671755776617,0.27841522553465825,58,1653
2011-02-23,0.21058495293282253,0.1930939030164594,0.149924840279912,0.10884205850417876,0.2814871517109453,58,1653
2011-02-24,0.2102067956395388,0.19226270152929686,0.14925098627008443,0.10961253369146293,0.281078124861155,58,1653
2011-02-25,0.20984068517438897,0.19219416520892801,0.1488997697647653,0.10999707734985466,0.27872527367209743,58,1653
2011-02-28,0.20899316857817749,0.19107110335043054,0.1487575833116019,0.10834393529545054,0.2785312110605607,58,1653
2011-03-01,0.20954160424003573,0.1919957366387821,0.1487526848345204,0.11055734337450349,0.28007406172187144,58,1653
2011-03-02,0.21074985865697363,0.19391981883270468,0.1493450328882973,0.11091164748523816,0.2832776366921397,58,1653
2011-03-03,0.2109881176838685,0.19347639381840367,0.14957865407660875,0.110971885632359,0.2849276483104568,58,1653
2011-03-04,0.21223512371371347,0.19525801805213328,0.14948671759987509,0.11197206421875801,0.2848079916120431,58,1653
2011-03-09,0.2118605291406088,0.1946767557745744,0.14939190889925805,0.11163155279197315,0.2850715276345534,58,1653
2011-03-10,0.21152920085820814,0.19585956535565055,0.1495005555506847,0.11290870368974601,0.2845399403399238,58,1653
2011-03-11,0.2127163143036213,0.19569656124163345,0.14957894248918455,0.11444880939117963,0.28566057605122525,58,1653
2011-03-14,0.21341069690788553,0.19727821646033095,0.1482941111053598,0.11683510361289734,0.2854202114228151,58,1653
2011-03-15,0.2136601946111189,0.19654801574303854,0.14768286220751858,0.11784938667315224,0.28608900683215804,58,1653
2011-03-16,0.21335920344706985,0.19513587548091188,0.14653588300869225,0.1209513561947504,0.2845858809846253,58,1653
2011-03-17,0.21524684919713047,0.1985173469454489,0.1468406124050451,0.12260078603666488,0.2856935775548357,58,1653
2011-03-18,0.21546583722952292,0.19825319317027076,0.1468578794604709,0.12256253740619558,0.28776024019130386,58,1653
2011-03-21,0.21527060396330486,0.19908648201479764,0.1468414730152688,0.12160406714663932,0.28648530183422105,58,1653
2011-03-22,0.21494842853025234,0.19889781645718857,0.14653548487776227,0.12223835605972981,0.28684533160934805,58,1653
2011-03-23,0.2146129748807473,0.19878914451400256,0.14622207586009936,0.12185153226255493,0.28584658823300946,58,1653
2011-03-24,0.21455955337697658,0.19809043120875455,0.1459586493583878,0.12201216200350348,0.28432423613699676,58,1653
2011-03-25,0.2146983240665706,0.1986032669645919,0.14588144485660565,0.12188307865869419,0.28435216983071165,58,1653
2011-03-28,0.21407646618189075,0.19788527110757562,0.1458835080945599,0.1202368896272276,0.2842888020128944,58,1653
2011-03-29,0.21396834501215592,0.1970164200253127,0.14585755770832093,0.12028965068436602,0.2836208953322764,58,1653
2011-03-30,0.21433907398028254,0.19797930647944065,0.14623158348618123,0.11883593527156042,0.2840854583486969,58,1653
2011-03-31,0.21446297840076495,0.19796377697921896,0.14605006405937113,0.11996141168314271,0.28563878036461593,58,1653
2011-04-01,0.21476733554919694,0.19662039382682028,0.1459995853241836,0.1211295019109874,0.2848473442050114,58,1653
2011-04-04,0.21619706150900503,0.19757853102170705,0.14569733473849364,0.12322915461149983,0.28572727218675636,58,1653
2011-04-05,0.21579302322271102,0.19796479799130925,0.1452371415591906,0.1226382036774357,0.2845428036526985,58,1653
2011-04-06,0.21581924335377103,0.19787885461376567,0.14531438646344932,0.12207035524396234,0.28553381776860404,58,1653
2011-04-07,0.21644640319168038,0.1993603024943293,0.1454460125459634,0.12214116600284546,0.2858381811028384,58,1653
2011-04-08,0.21575379456795685,0.19921876020549917,0.14514098724792565,0.12161078890532155,0.2841269108544918,58,1653
2011-04-11,0.216168356457067,0.19946717031029576,0.14516756604857767,0.1216795078154347,0.2853087184363082,58,1653
2011-04-12,0.21649208638858092,0.20019303912400646,0.14531812010448303,0.12187392539381507,0.2856948118128798,58,1653
2011-04-13,0.21763688699979022,0.2019735843488796,0.14604179809712858,0.12255975570964862,0.2888505157531877,58,1653
2011-04-14,0.21765732998393694,0.2016480735549966,0.1460225587196976,0.12325047079158753,0.2870648476312405,58,1653
2011-04-15,0.21741762735887254,0.2009741829495294,0.14619952702553754,0.12256705459410769,0.287954458963669,58,1653
2011-04-18,0.21698350124421406,0.19910618973795632,0.14588873714476694,0.1220397115884148,0.28786026317729846,58,1653
2011-04-19,0.21707593623004207,0.19961365257503397,0.14606062527322608,0.12271152084638924,0.28771909431530573,58,1653
2011-04-20,0.2172598576962936,0.1997654408838969,0.1459502789808813,0.12395625445746777,0.2887586933914917,58,1653
2011-04-25,0.21765740150709142,0.19970748834183238,0.14641546234621533,0.12397916404383379,0.2876703641336525,58,1653
2011-04-26,0.21706481032335212,0.19982800319345395,0.14610689829369927,0.12357424826032148,0.28866659904537867,58,1653
2011-04-27,0.21693034433870406,0.19858158625126954,0.14606888691938205,0.12254289247052459,0.28885200513235304,58,1653
2011-04-28,0.21801125099149782,0.19939366585209,0.14609332318205503,0.12402416870359632,0.28904088899281594,58,1653
2011-04-29,0.2186733875803524,0.19988323216766987,0.14625238176066951,0.12368201113695196,0.2905189827326456,58,1653
2011-05-02,0.21904172105700542,0.19939701620435796,0.14637450978968625,0.1237981689631091,0.29076363914692127,58,1653
2011-05-03,0.22043022037500012,0.2015582614174485,0.14607439244567266,0.1272494525479156,0.2940594786958245,58,1653
2011-05-04,0.21790003189775334,0.19973177218849786,0.1444669153904479,0.12625765053992596,0.28685824941716254,58,1653
2011-05-05,0.21809323488135424,0.19943163237186387,0.14472777170881393,0.12642632877151347,0.2874651547240138,58,1653
2011-05-06,0.21681303083718179,0.20063905225647014,0.14437678144669042,0.1246634900667954,0.28627674993937213,58,1653
2011-05-09,0.21831166677801678,0.20158055612222214,0.14439873444649534,0.12642586887402588,0.2870736384478769,58,1653
2011-05-10,0.21897927837479364,0.20110520121947825,0.14426810921717487,0.12694288406254334,0.2868333316112955,58,1653
2011-05-11,0.2144081919751952,0.19790087963748063,0.14393474271421686,0.1233131957872356,0.2826049975411552,58,1653
2011-05-12,0.21605345545369403,0.1984365048634127,0.1434593128094985,0.1258743465751426,0.28391210107893294,58,1653
2011-05-13,0.21285084123457074,0.19260791543177597,0.14449822495082118,0.12116119643815643,0.28299013258103867,58,1653
2011-05-16,0.21408419092061734,0.19454528459537174,0.14433156883188172,0.12371398925575913,0.28481334518724405,58,1653
2011-05-17,0.20571553713967775,0.1852486108276852,0.1443287373115929,0.11246422656692963,0.27450545040680885,58,1653
2011-05-18,0.20514590688520123,0.1845987861514364,0.14431421863021676,0.11065769025458785,0.2735106519933891,58,1653
2011-05-19,0.2049521713347051,0.18507726958696477,0.144217092307947,0.10998335363682833,0.2723278691395271,58,1653
2011-05-20,0.20436917359164924,0.1844117729458583,0.14443666124628127,0.10972183672526276,0.27268339524538904,58,1653
2011-05-23,0.2005246326913661,0.17969995127856825,0.14449058511230872,0.10447402895389638,0.2676119255496807,58,1653
2011-05-24,0.20176340057036046,0.18039239070859361,0.14413552441960986,0.10603621175421439,0.26996945481373985,58,1653
2011-05-25,0.19770519709431097,0.1782117552495186,0.14467438970044355,0.10180916644904002,0.265079563655873,58,1653
2011-05-26,0.1942456472088328,0.1742179702996895,0.1451663076505462,0.09732344297918946,0.26312238056329357,58,1653
2011-05-27,0.18862336660592532,0.17028385163991555,0.14604923160222338,0.09023696167109503,0.25802326334704345,58,1653
2011-05-30,0.1823439099149019,0.16408911711128066,0.14482988813941894,0.0847597926991983,0.25005057151413834,58,1653
2011-05-31,0.18248540519310516,0.1637406967917354,0.14512471802122248,0.08455449547817541,0.25078266816929423,58,1653
2011-06-01,0.18137213806884075,0.16235573267951287,0.145101740714646,0.08291227597834802,0.24756285549979376,58,1653
2011-06-02,0.18385083134955074,0.16511429770913225,0.14551113670078533,0.08451899189836722,0.24986340865077802,58,1653
2011-06-03,0.17851440764953116,0.15759094658905753,0.1449944678989949,0.0806479298408574,0.24590691484769397,58,1653
2011-06-06,0.17854409600927645,0.15774073761760452,0.14513308767919172,0.0813931782919805,0.2452053537126003,58,1653
2011-06-07,0.17890516998588857,0.15786269529171423,0.14437048467172459,0.08290419075820288,0.24573297687477258,58,1653
2011-06-08,0.17765208040529346,0.15595843754959796,0.14387728569981006,0.08243257412296885,0.24342103029099862,58,1653
2011-06-09,0.17777747598952054,0.15414161235062113,0.14282359678004475,0.08405703758435948,0.24040640156652396,58,1653
2011-06-10,0.1770232764607274,0.15430460053549458,0.14230687036651202,0.08315833337786306,0.23792385196258417,58,1653
2011-06-13,0.17845605428285233,0.15577202175118915,0.14197752182965528,0.08682247048208622,0.24100393781043866,58,1653
2011-06-14,0.1785067044070819,0.15665096082402416,0.1422287355926975,0.0844413354183027,0.24102556750674406,58,1653
2011-06-15,0.17842554223091658,0.15773698432724054,0.14243787364590052,0.0834896942166683,0.24183810395908567,58,1653
2011-06-16,0.17694367917107476,0.15514316791425317,0.14163884011252711,0.08232764661063095,0.24115761634492863,58,1653
2011-06-17,0.17656605478036533,0.1553118088831172,0.14193321522879576,0.08153830105594594,0.24109534713940886,58,1653
2011-06-20,0.1766298049061205,0.15509667550558234,0.14209300766373564,0.08132508685345904,0.24103065272434182,58,1653
2011-06-21,0.1755830316257614,0.15361047037683515,0.1416640006139508,0.08126123288691038,0.23827152400486887,58,1653
2011-06-22,0.17577393005663314,0.1546049924833294,0.14185483306560281,0.08193697793887053,0.2403911630255204,58,1653
2011-06-24,0.17560217065597336,0.15295804243281155,0.1415740678085736,0.08186098330422237,0.2398372840538846,58,1653
2011-06-27,0.1753483285692568,0.15343337262365278,0.1415608217537722,0.08151369505485599,0.2396422311341755,58,1653
2011-06-28,0.17523908244030748,0.15347508445325062,0.14164234420276436,0.0807642771884359,0.23977725104958494,58,1653
2011-06-29,0.17680468342418232,0.15585752614724693,0.14180676214202098,0.08316841974761907,0.2404976021153088,58,1653
2011-06-30,0.17653270113662817,0.1558884164548459,0.14197733779908495,0.08163828781968648,0.24034139827895917,58,1653
2011-07-01,0.17630789115330783,0.1549603676733433,0.14173284956536553,0.08252822943917476,0.23885904989125167,58,1653
2011-07-04,0.1746954546313641,0.1545873673868123,0.14177064560825764,0.08233742444838271,0.23907155674872466,58,1653
2011-07-05,0.17489309106282475,0.15431769787361171,0.1418929778658737,0.08245118264318545,0.23774466592447407,58,1653
2011-07-06,0.1714406511298756,0.152553023690243,0.1414800167439399,0.08003113060038182,0.23586409426297583,58,1653
2011-07-07,0.17200287996597208,0.15395643590885152,0.14161008313353277,0.08006636103006572,0.2359324015516937,58,1653
2011-07-08,0.17341463647055969,0.15348946479373216,0.14252389419492947,0.07965737899190535,0.24000935671211876,58,1653
2011-07-11,0.17451752511391738,0.15304204235751148,0.1429068313812513,0.07973393145313967,0.24288902226702133,58,1653
2011-07-12,0.17696777589398288,0.15640872538717984,0.14344893093972488,0.08154528654779551,0.24771390777014787,58,1653
2011-07-13,0.17726189785322632,0.15725452312369353,0.1428267455670722,0.08027899804106213,0.247331172167718,58,1653
2011-07-14,0.17848128277348707,0.15833448806879308,0.14252813821453775,0.0826465068730473,0.24847259799684068,58,1653
2011-07-15,0.18060015846482605,0.161278437727181,0.14238060914032108,0.08573410014613833,0.2522018404866099,58,1653
2011-07-18,0.17982332942013995,0.15965324537372444,0.14234492467499274,0.0836390582288418,0.24886732583431717,58,1653
2011-07-19,0.18046621747241762,0.15999661138984364,0.14228252580177117,0.08574663103560912,0.25227340724595493,58,1653
2011-07-20,0.18014892438036806,0.16051619775554596,0.14219523988994603,0.08819112707666008,0.25159392804526304,58,1653
2011-07-21,0.18030359012801697,0.1597772186715996,0.1420481179064159,0.08771693930846661,0.2511945679193185,58,1653
2011-07-22,0.180609240180204,0.16115597144376226,0.141558886640004,0.08882953493025009,0.25088772065240467,58,1653
2011-07-25,0.17915676621622972,0.16046359130631596,0.14116127761974043,0.08718532036405864,0.24961720888365996,58,1653
2011-07-26,0.17837245279098984,0.16053652293371581,0.14039325078220855,0.08668673326791702,0.24997254065817476,58,1653
2011-07-27,0.17982079415166116,0.16167122476512724,0.14014182981016873,0.08748275730110953,0.2522434139067562,58,1653
2011-07-28,0.18100464341807002,0.16430833192625666,0.1386102519630899,0.09094388656058039,0.25076994148738874,58,1653
2011-07-29,0.1802116264753276,0.16453614793312768,0.13865085158879611,0.08903893424186715,0.24973888138734893,58,1653
2011-08-01,0.17979768274197963,0.16358542146849053,0.1384238473364112,0.08972233335958772,0.25019822006841774,58,1653
2011-08-02,0.18014301623151374,0.16593690742490813,0.1385789506083085,0.09056653528975056,0.2509102070024214,58,1653
2011-08-03,0.18327776673163437,0.16871007881524547,0.13879819085055647,0.09308338276616844,0.25336325311941843,58,1653
2011-08-04,0.18768878134184233,0.17428335966714434,0.13911153152575187,0.09481942083752169,0.2593632340984305,58,1653
2011-08-05,0.20140539250388934,0.18562016725556055,0.14226257294362074,0.10664751511147952,0.27286469876127817,58,1653
2011-08-08,0.20001653586431695,0.18309524823633871,0.14194247533645668,0.10650974851003311,0.27170396696083926,58,1653
2011-08-09,0.24142411571789424,0.23508254796558717,0.14914902281244455,0.1455160631981349,0.32385781778621087,58,1653
2011-08-10,0.24685234261475422,0.238188415447467,0.15270736279888433,0.14793358967336648,0.3325643548495634,58,1653
2011-08-11,0.2454065276253927,0.23665349086703968,0.1529794505953694,0.1463899700342143,0.33266565866710346,58,1653
2011-08-12,0.25116137945883177,0.23755515880911468,0.15417507848257872,0.1511715211050291,0.3425882878614866,58,1653
2011-08-15,0.24877922901430682,0.23656172492062566,0.15381225292784903,0.14898781897244562,0.33949461298574557,58,1653
2011-08-16,0.24745660683038695,0.23523203069007292,0.1541404150425523,0.14650316910382546,0.33910031433902144,58,1653
2011-08-17,0.24650245088561823,0.23372680317212888,0.15360945132608878,0.14528721998303265,0.3359407413155518,58,1653
2011-08-18,0.24647841191568726,0.23347717749769187,0.15383830727203757,0.14678222812693825,0.3347836039218933,58,1653
2011-08-19,0.24950070135394586,0.23517368040623937,0.1550722739367441,0.1487577607816687,0.33903499272736887,58,1653
2011-08-22,0.24949832810152436,0.23618372488220596,0.15496050996030844,0.14773248580014545,0.33920375249151485,58,1653
2011-08-23,0.24842449391399377,0.23555903228952024,0.1549276852346493,0.1480962465656861,0.33731047308704337,58,1653
2011-08-24,0.24964203832053788,0.23897218103465037,0.1558836541935668,0.1486105423646091,0.3393252109533694,58,1653
2011-08-25,0.24995493822594222,0.24050290568398766,0.15572594733384246,0.14907079718072008,0.33796752339005415,58,1653
2011-08-26,0.2505109755165899,0.2410540165695697,0.15588266163977055,0.1484779268765565,0.3388736152814804,58,1653
2011-08-29,0.25022420020717867,0.24029575721838062,0.1556922654988699,0.14690439559500165,0.3376016966797903,58,1653
2011-08-30,0.2523546494075907,0.24268617146092603,0.1564021902030502,0.14729030938874965,0.341710325350562,58,1653
2011-08-31,0.25186614968519744,0.2421605829545472,0.1567032469252337,0.14643609023535722,0.340874731437964,58,1653
2011-09-01,0.2535155709808431,0.24382407062088057,0.1572974034336112,0.14800769509946257,0.3434946062377554,58,1653
2011-09-02,0.25095141172014906,0.24166498650612972,0.15618807284183578,0.1474105633981349,0.3413585915448302,58,1653
2011-09-05,0.2532011586715977,0.24303731735284875,0.15670757791311676,0.14896154258418337,0.34294169596409285,58,1653
2011-09-06,0.2555862128519617,0.2455824785211599,0.15689898536160451,0.14891727183199124,0.3453254431082879,58,1653
2011-09-08,0.25774271754533906,0.2458947682206526,0.15743503898556288,0.1489232100899663,0.3499202922074848,58,1653
2011-09-09,0.2574722609814484,0.24639884617753807,0.15844362647021684,0.14742435657211256,0.351825993782225,58,1653
2011-09-12,0.25881822464495835,0.24697028825308012,0.1602364870549161,0.1461878196521627,0.35572067834210497,58,1653
2011-09-13,0.25825469212146324,0.24764247186988778,0.1599585122884423,0.1450351567732757,0.3543163871739003,58,1653
2011-09-14,0.25867192385228005,0.2498285231804834,0.16006831546324907,0.14538183569678076,0.3547321671183512,58,1653
2011-09-15,0.259005938941713,0.2501583698652894,0.1602154872530851,0.1451450246414254,0.3539311608297185,58,1653
2011-09-16,0.2589826246053844,0.24995088144646002,0.1602301254665054,0.144448911001034,0.3532486230607431,58,1653
2011-09-19,0.25961657830867396,0.2508166923774384,0.16014809185491904,0.14619923510015556,0.3545360844182433,58,1653
2011-09-20,0.2594901604817835,0.24963333290470557,0.1603876159572803,0.1464959145569271,0.35413153077352305,58,1653
2011-09-21,0.2597908295041268,0.25015061937605326,0.1601819903349011,0.14765279703779188,0.3548628766577714,58,1653
2011-09-22,0.25940270651593333,0.2483831836142096,0.16009536465056506,0.1463266417955672,0.35367956967076764,58,1653
2011-09-23,0.266259162899798,0.25763056728277633,0.16151130709514888,0.1514944635886804,0.3654774317533233,58,1653
2011-09-26,0.2644629504410012,0.253155439135518,0.161216110179366,0.15031026700961894,0.36313214237807306,58,1653
2011-09-27,0.2642938281852342,0.2539543191666851,0.16117613573668474,0.14949912401378812,0.3642817246031528,58,1653
2011-09-28,0.26400009049029444,0.2533929887444202,0.16104774630028332,0.1488933750325583,0.3640160806084435,58,1653
2011-09-29,0.26446437971888603,0.2540132369297762,0.16140772974249926,0.14968177889026543,0.36355568439038305,58,1653
2011-09-30,0.26436671524232713,0.25430213717598726,0.1616718427136604,0.1503064904971252,0.3655465746620429,58,1653
2011-10-03,0.26387167875911904,0.2543737969315484,0.16176463790227055,0.14791703969741027,0.3640812030460097,58,1653
2011-10-04,0.26526278278378723,0.25381169676345683,0.16175915681129643,0.15018139283243948,0.36606395247559714,58,1653
2011-10-05,0.2655441649901571,0.25362953705659746,0.16121443074822783,0.1516736882470749,0.36546311834200595,58,1653
2011-10-06,0.26529000967938987,0.2529181467782837,0.16118125016077925,0.15215175502059644,0.36588624174085327,58,1653
2011-10-07,0.26592682189495165,0.2529892782912949,0.16181612271156623,0.14938614263350275,0.36646459903843137,58,1653
2011-10-10,0.2670709343574085,0.2553288187079367,0.1619579019893869,0.15081259549222725,0.36772373430309957,58,1653
2011-10-11,0.26935209181323605,0.25796341043197096,0.16424431873249049,0.15160768099247052,0.37338442198454175,58,1653
2011-10-13,0.2693622883840341,0.2571269082439075,0.16448895283309817,0.15195716695135913,0.372049985918854,58,1653
2011-10-14,0.2688426467204237,0.2579759684891211,0.16501489549116014,0.15203427265162872,0.37283301541273245,58,1653
2011-10-17,0.2687889929935559,0.2568514842624965,0.16463483915987676,0.1503436401771412,0.37180766228860457,58,1653
2011-10-18,0.2691213580295298,0.25688870343152165,0.1647832547787022,0.15002161008458664,0.3727471849452241,58,1653
2011-10-19,0.26984665235803873,0.25722361265213345,0.1658703707970282,0.14917180394142165,0.37449569938333127,58,1653
2011-10-20,0.2695983676165714,0.25640508233537707,0.16543489464913252,0.1479668765749134,0.37398259079048896,58,1653
2011-10-21,0.27053656576072516,0.2585184117378014,0.16596894793841055,0.14980720998881242,0.3748434111530312,58,1653
2011-10-24,0.2746956168264344,0.2598312079903172,0.16566062279987118,0.15350473510884705,0.38025492029879815,58,1653
2011-10-25,0.2738424918083427,0.2600122679499637,0.16638450437665825,0.15433589571870543,0.37896921337984285,58,1653
2011-10-26,0.27389321100163067,0.2597752971804951,0.16698749574106436,0.15392017779810496,0.381708423085736,58,1653
2011-10-27,0.27392465507594194,0.2600756600815674,0.16792568786528458,0.14879793298154745,0.38179744630633894,58,1653
2011-10-28,0.2777192561862069,0.26382654010716744,0.16992877742710683,0.15307021171476376,0.38801085917453015,58,1653
2011-10-31,0.27732267602451954,0.2628221680208517,0.16953295563789816,0.1522561647506182,0.38756077978717174,58,1653
2011-11-01,0.27714456865772596,0.2635534810109779,0.17000484392725038,0.15276008697379737,0.38646851427130663,58,1653
2011-11-03,0.277809137102156,0.2636840256027864,0.1705397123982897,0.15412195528228917,0.38806573595016935,58,1653
2011-11-04,0.2785457265362602,0.26339678778106707,0.17053075024841846,0.15431767704833413,0.38876509938813997,58,1653
2011-11-07,0.2781999474757408,0.26278303141837567,0.17046607624292406,0.15283861846912247,0.38980419974093294,58,1653
2011-11-08,0.27840968425017903,0.2653483229422693,0.1705998313382928,0.15446579485933332,0.3909162596536015,58,1653
2011-11-09,0.27889177929924736,0.2661166568528889,0.1704954151163306,0.15408362618606847,0.3902074853024281,58,1653
2011-11-10,0.27944021553475656,0.2661314447677802,0.17101712734820868,0.15480979181635623,0.39197497028115913,58,1653
2011-11-11,0.27948685226857195,0.2662206109125721,0.17092984572014902,0.15300941585090083,0.3919092094474713,58,1653
2011-11-14,0.2805359229622309,0.2663057581894728,0.17111833903959334,0.15588681698640663,0.3944724815828481,58,1653
2011-11-16,0.28067683791851306,0.26641092113733805,0.17073113844774465,0.15599111014083614,0.3938993292199711,58,1653
2011-11-17,0.2811155666077406,0.2675525639353669,0.17129240940726584,0.15690206419640984,0.395048243296346,58,1653
2011-11-18,0.28274064285986056,0.2700402552230779,0.17150830443449575,0.1577183343772607,0.3966410381633835,58,1653
2011-11-21,0.282441896627223,0.26993179590155847,0.17158284337633478,0.15966003727621353,0.3969194927359891,58,1653
2011-11-22,0.2818292641251063,0.2694615676644673,0.17105134882024955,0.1577972596050377,0.3959746255068107,58,1653
2011-11-23,0.2820536979381142,0.26957831230610035,0.17132811076419976,0.158142919876369,0.3960681902353007,58,1653
2011-11-24,0.2814954206906272,0.26928604607328127,0.17172674919621364,0.1564995721331892,0.3955033390764745,58,1653
2011-11-25,0.2809839780883251,0.2691892028510685,0.171829319628217,0.1565304286160572,0.39372970472002444,58,1653
2011-11-28,0.27927102705862406,0.26636044611126747,0.17150795453014553,0.15469180432969906,0.39150157685603904,58,1653
2011-11-29,0.27890342542882124,0.266496180954728,0.17156572978942827,0.153723980677963,0.3913830831064294,58,1653
2011-11-30,0.2765347025369893,0.2634346340267889,0.17159135789176705,0.1534788231008685,0.3885929719470188,58,1653
2011-12-01,0.2799687416075633,0.26823507643289135,0.17105388172387812,0.15745827275609617,0.39241817390168054,58,1653
2011-12-02,0.27904116812452634,0.2674974084860448,0.17172806466091609,0.15475019254878772,0.39168994644227006,58,1653
2011-12-05,0.2793018006779371,0.26742402751700295,0.1712730269183912,0.15642921250302905,0.3919414381733342,58,1653
2011-12-06,0.28039619134925636,0.2683942382780295,0.17182130628844328,0.15525696325155525,0.39411576390240605,58,1653
2011-12-07,0.27990873308956427,0.2691914554362093,0.17119555915847853,0.1554692179187672,0.39367892488747946,58,1653
2011-12-08,0.28040682891510627,0.26888249921653845,0.17117015802109822,0.1551798739955648,0.39347137681660377,58,1653
2011-12-09,0.28062951663410557,0.26710897871604355,0.17169806025565693,0.15323576746372564,0.3934043053949177,58,1653
2011-12-12,0.28108808847372796,0.2679974435807001,0.17218182367301468,0.1532092821749316,0.39365904461899154,58,1653
2011-12-13,0.2810245775915075,0.2689827673808685,0.17244754730530928,0.15249933545033198,0.3934346215303645,58,1653
2011-12-14,0.2810108797202336,0.2689389573866087,0.17232677794336235,0.15412616982279065,0.3937882334833204,58,1653
2011-12-15,0.28076582356921137,0.2677467469670468,0.17314536931767263,0.15476030817297803,0.3946459613188569,58,1653
2011-12-16,0.28028366335960303,0.2678981880402289,0.17323213062130205,0.15520360339242417,0.3936656815326126,58,1653
2011-12-19,0.28003302362104526,0.26805526612045993,0.17292148913714198,0.15484134941733296,0.3930959492670966,58,1653
2011-12-20,0.2800035716002667,0.26814504898893493,0.17277899806015196,0.15524906169575434,0.39191312773986914,58,1653
2011-12-21,0.2809281488041025,0.26644821473447267,0.1740620391604458,0.15739291364160318,0.39732079089852484,58,1653
2011-12-22,0.280874375996538,0.2668892406132194,0.174070318765848,0.15680316944681158,0.39573858981083737,58,1653
2011-12-23,0.2808996351532112,0.26607602611226827,0.17404481381348363,0.1562634551443993,0.39583945265208836,58,1653
2011-12-26,0.2818785811334167,0.266430566520921,0.1734301557958314,0.15702544190200282,0.3974079292473564,58,1653
2011-12-27,0.2817060322216076,0.26598258183239926,0.17348633366026833,0.15660427912188915,0.39708941692620026,58,1653
2011-12-28,0.282849049838928,0.2671123316791421,0.17318681506831984,0.15942521666138199,0.39820200833544844,58,1653
2011-12-29,0.282909165612417,0.26695510037072695,0.1741457556320784,0.1587420482069334,0.4010640135015981,58,1653
2012-01-02,0.28336453289829805,0.2658357025739509,0.1733400325430046,0.15751875193903075,0.4001967953568412,58,1653
2012-01-03,0.28256114342709976,0.2653200378333927,0.17291021138170345,0.15817366394148683,0.39837600878204005,58,1653
2012-01-04,0.2812255949962456,0.2631348516432441,0.17297820564405414,0.1556491449418284,0.3955198703425964,58,1653
2012-01-05,0.28048641368389854,0.2623334702477163,0.17276065297047338,0.1544930100434619,0.3961983280878124,58,1653
2012-01-06,0.28086156478098406,0.2624374716085031,0.17245196551921005,0.15611796881443007,0.39531815248337804,58,1653
2012-01-09,0.28087484819452524,0.26294636963223483,0.17253796361827134,0.15636097351286746,0.39736066125767505,58,1653
2012-01-10,0.28006738527968744,0.26118761991800965,0.17233688924859944,0.1567110010475863,0.39500724561841516,58,1653
2012-01-11,0.27951183440758076,0.25989403600091,0.17227460099312447,0.15731472850876216,0.39475213822853816,58,1653
2012-01-12,0.27966111182484504,0.2609906534532442,0.172346445134391,0.15630579180255155,0.39576422517505594,58,1653
2012-01-13,0.27956807719076293,0.26075544497349534,0.17244268200033003,0.15563187512001983,0.39632103018206355,58,1653
2012-01-16,0.27969859733936764,0.26124227888408946,0.1724899887152419,0.15504571517021376,0.39721151459727916,58,1653
2012-01-17,0.2787670324539537,0.2593990818022202,0.17280884343093486,0.1550142913652392,0.39472384088487145,58,1653
2012-01-18,0.27915498144073553,0.2599698807898134,0.17252906067576645,0.1575574284144863,0.3964816621406497,58,1653
2012-01-19,0.2786031778309018,0.2600332659107333,0.17363206250980417,0.1551130950314873,0.3975857507740396,58,1653
2012-01-20,0.27817231186750213,0.25786840714702,0.17353275121129993,0.15508312114325778,0.3957165909603982,58,1653
2012-01-23,0.27858411516955683,0.2585009436838458,0.17371566792607143,0.15433985183349908,0.3956419640425197,58,1653
2012-01-24,0.2779175127932839,0.25983580184302674,0.17306550935077133,0.1536262868407663,0.3958134781852258,58,1653
2012-01-26,0.27798840877209396,0.25931483071058,0.1729289059159842,0.1535423726637237,0.3946058147637457,58,1653
2012-01-27,0.27774823587240444,0.25969950611105086,0.1730389700615205,0.15431253121980731,0.39476207987938,58,1653
2012-01-30,0.27752603884695,0.26015911412000214,0.17285865300191267,0.1528455373671037,0.3943920580744965,58,1653
2012-01-31,0.27691488929576474,0.2601116280009585,0.17307502809961048,0.15307572911876957,0.3932844564215378,58,1653
2012-02-01,0.27720096817033263,0.26203265670560705,0.1722394219321595,0.15398573386375466,0.3920173284067305,58,1653
2012-02-02,0.2763074063209862,0.2595807300046483,0.1716736571791907,0.15521102010246493,0.3920562138971551,58,1653
2012-02-03,0.2768416897134986,0.25991582933677004,0.17195494740988432,0.1548698310839821,0.3937538377333448,58,1653
2012-02-06,0.2771599307984991,0.25940821055335866,0.17196546353032874,0.15580907611157666,0.39201335293629697,58,1653
2012-02-07,0.2774074244938193,0.2580482558359427,0.17191312834002392,0.15503175825064042,0.39129373477045876,58,1653
2012-02-08,0.27795233679636805,0.25865151971554684,0.17240021374352352,0.15439799171261126,0.39418279616508206,58,1653
2012-02-09,0.27694440492619243,0.25835062287267274,0.1720854512517392,0.15456705494326164,0.3915585045437761,58,1653
2012-02-10,0.27722243740592223,0.2587054252933013,0.1718184126519892,0.1553022358008469,0.39263944630468406,58,1653
2012-02-13,0.2756713131976603,0.25869025246401195,0.17126225826501015,0.1545456820479385,0.39101935694447854,58,1653
2012-02-14,0.2728312186550866,0.25550832481674424,0.1713202685907348,0.15217129600397764,0.3867335963893646,58,1653
2012-02-15,0.2722117399909731,0.25476841378553455,0.17104548656045038,0.1505748868052781,0.3839285350608161,58,1653
2012-02-16,0.2712256545205747,0.25257651247285123,0.1705843841722438,0.15094336788259913,0.3821310274385697,58,1653
2012-02-17,0.27092285891897705,0.2532616143530517,0.1704110725188791,0.1492335038599832,0.38271171636602247,58,1653
2012-02-22,0.2708495001145398,0.25267895299222665,0.17025344575880774,0.14884745701642316,0.38229435077871915,58,1653
2012-02-23,0.270316607650916,0.25120157074172655,0.17009815123216013,0.14946393031350433,0.38162562323351934,58,1653
2012-02-24,0.2702725067588214,0.2514610174594788,0.17038175433629035,0.14959001801637006,0.38167237085073136,58,1653
2012-02-27,0.2703852232892137,0.2515930078666623,0.17041200452267788,0.1507909587305854,0.381621494832506,58,1653
2012-02-28,0.26976537264563855,0.2499124899677219,0.17003207641393434,0.14992536201231715,0.381172192291055,58,1653
2012-02-29,0.26985266768068855,0.24911790893455218,0.16992168032960872,0.1507086945466359,0.38138756464640117,58,1653
2012-03-01,0.2704472224125263,0.25008728317571016,0.17019963840161256,0.1498630961457114,0.381973081041101,58,1653
2012-03-02,0.2708830514888064,0.2513394745672621,0.17067750431445586,0.14860070519172427,0.3820831348642831,58,1653
2012-03-05,0.27096176084331036,0.25157171774222337,0.17091992108415682,0.14970790374346268,0.38345110041369046,58,1653
2012-03-06,0.2702277086674674,0.2508382559840687,0.17064325223398347,0.15038259199363183,0.3819793181932027,58,1653
2012-03-07,0.27165574793947134,0.2514439832180756,0.1714865670180426,0.14883161485183982,0.3844103736468892,58,1653
2012-03-08,0.2717008880699403,0.25166533025489457,0.17106949337300695,0.1497341439754203,0.3839487228576364,58,1653
2012-03-09,0.27051536763437944,0.25050206360344984,0.17163169922665295,0.1480584449004629,0.3830492585360245,58,1653
2012-03-12,0.27060787363853445,0.25198791838512774,0.17141508002971284,0.1491285382938884,0.38192299178250383,58,1653
2012-03-13,0.27086906558458695,0.2520775939602876,0.17149234851697703,0.14867764810977263,0.38368716529155966,58,1653
2012-03-14,0.271292547324652,0.2521842443773159,0.17300897387476868,0.14829005230774184,0.38704336042121035,58,1653
2012-03-15,0.2704195734183349,0.25075727311565926,0.17317615050752586,0.1455517346124516,0.3864173357470915,58,1653
2012-03-16,0.27024142583765565,0.250103752938081,0.1733508616855355,0.14637416269034437,0.3858029193173527,58,1653
2012-03-19,0.269748588953783,0.24944962111830327,0.17410929237321435,0.14419377718968293,0.38451712857294873,58,1653
2012-03-20,0.2687702996444269,0.24702338224262807,0.17406661052015043,0.14250690006643585,0.38303999724367316,58,1653
2012-03-21,0.26878617297928536,0.24774968120360202,0.17410841290067747,0.1419611177177075,0.38301126567275734,58,1653
2012-03-22,0.2684960200493599,0.24767920659850712,0.17414210754854195,0.14093005072109746,0.38369469564694275,58,1653
2012-03-23,0.2696014839312594,0.2477579375223725,0.1745738699324697,0.14239771992874328,0.38720042948984457,58,1653
2012-03-26,0.26927310948632666,0.2473134527746884,0.17437403767623838,0.14283021968043047,0.3850942557578528,58,1653
2012-03-27,0.27034717103436895,0.2485368824196206,0.1745964136687187,0.1427815205593025,0.38708463618045214,58,1653
2012-03-28,0.2699679412730145,0.2476807430021299,0.174513071260422,0.14345608177183572,0.3864017353105505,58,1653
2012-03-29,0.27043793766028457,0.24837321809081214,0.1747095485115792,0.14217822329116794,0.3879197359602392,58,1653
2012-03-30,0.27047730062032405,0.24998575019613403,0.17475168821578452,0.14203680311448946,0.387275918940192,58,1653
2012-04-02,0.2700480239553506,0.24733387956860245,0.1744732138189556,0.14241587709894277,0.3846138547541161,58,1653
2012-04-03,0.27172284500272226,0.24881557956963601,0.17415773124939302,0.14203432486627618,0.3865579665665065,58,1653
2012-04-04,0.2720700036870823,0.2484933448780878,0.1737865284516391,0.1426371773902767,0.38799566536447094,58,1653
2012-04-05,0.2711500369936275,0.24803582415061717,0.1738679233140649,0.14163893644322553,0.3869840002415497,58,1653
2012-04-09,0.27150341571201214,0.24885537863707446,0.17374441016289974,0.14152070281522816,0.3860246992829194,58,1653
2012-04-10,0.27174797222809927,0.24920694654008316,0.17392982405334906,0.14204331542901039,0.38627262944905977,58,1653
2012-04-11,0.27160105693865655,0.25062457837378577,0.17390824002014024,0.1419976593636318,0.38613625404387136,58,1653
2012-04-12,0.2712131681878735,0.24986767899850293,0.17407610679965022,0.14097060868868228,0.38629330014216656,58,1653
2012-04-13,0.2710484127331021,0.2483619255195791,0.17428506990839665,0.14170634911614863,0.385333602362737,58,1653
2012-04-16,0.2712731295003745,0.24859740467386976,0.1744876321309033,0.14237346676530926,0.38510982436741364,58,1653
2012-04-17,0.27073952946342994,0.24806533659297178,0.17388403261755242,0.14221308788742004,0.3849962606048329,58,1653
2012-04-18,0.27046229168142116,0.2475488338770009,0.17368431950061752,0.14121086355525359,0.38319701039447934,58,1653
2012-04-19,0.2700624233083517,0.24787765361582798,0.17392786253061593,0.14127127016524207,0.38428437477440763,58,1653
2012-04-20,0.27001266972011956,0.24789958546488386,0.1740833311429288,0.14104187061705462,0.38414938456191183,58,1653
2012-04-23,0.2700976684930756,0.24789174175058817,0.1741812236934503,0.14103730557716182,0.3843560372521159,58,1653
2012-04-24,0.2704599139893259,0.24913748450250758,0.17398304362770756,0.14189745007117022,0.38357094510958334,58,1653
2012-04-25,0.2703938414945316,0.24979084527938003,0.17366788076248119,0.1419409740081948,0.38274341215982455,58,1653
2012-04-26,0.26979076521606343,0.2486550672408823,0.1731068378264443,0.1416982208871019,0.38274622236325334,58,1653
2012-04-27,0.2695439635219499,0.24835564853752046,0.17307750307202105,0.14027544000606224,0.38248616501610005,58,1653
2012-04-30,0.2687369678149304,0.24744883173000418,0.1726106589596108,0.14106241356722293,0.3808725348477272,58,1653
2012-05-02,0.2680205267082003,0.24749089533551927,0.17272462606506886,0.13910308368211183,0.3803524710453758,58,1653
2012-05-03,0.2672295858951323,0.2468226623655231,0.1720848473732239,0.13779315658425567,0.3800516430445,58,1653
2012-05-04,0.2663301859135411,0.24616781288564962,0.17202717502093376,0.13671131690728427,0.37957914298975715,58,1653
2012-05-07,0.26573658254713817,0.24481280505189498,0.17234952558423378,0.1356392658013438,0.3752065295010344,58,1653
2012-05-08,0.2659982314306162,0.2447349892346106,0.17248854580956927,0.13571710992109356,0.3777934957272266,58,1653
2012-05-09,0.26673125227307876,0.24440827709391932,0.17314108377378115,0.13567641565584074,0.3783620946652601,58,1653
2012-05-10,0.2661508672998123,0.24396304246014902,0.17311985819074235,0.13488181918459405,0.3771738747912363,58,1653
2012-05-11,0.2659184942126377,0.24224236285677656,0.17275447508494002,0.13543619362079679,0.37536184648762144,58,1653
2012-05-14,0.2655197860404913,0.2421525629877538,0.17246423146483944,0.13462853778325515,0.37792500341417284,58,1653
2012-05-15,0.2672893393467547,0.24671357769217203,0.17231525181275142,0.13888875271642065,0.37830480516258425,58,1653
2012-05-16,0.267916892451324,0.2469158387521962,0.17208447639946048,0.13875819980414694,0.3798270009042204,58,1653
2012-05-17,0.26630120112094124,0.24344360026697895,0.1716050251738322,0.13689326252260453,0.378658638563433,58,1653
2012-05-18,0.26952604489630627,0.24869206308783887,0.17215391375732964,0.13974385473488274,0.3837428809686447,58,1653
2012-05-21,0.2692497227823725,0.24796216097135412,0.17197372941806732,0.13822467972677108,0.38237311836867277,58,1653
2012-05-22,0.2673359745934536,0.24414057340751702,0.17348988538781976,0.13937461999767722,0.3772833076081254,58,1653
2012-05-23,0.26720296795974857,0.2444822772444821,0.173287506757146,0.13901483094852973,0.37813034656599864,58,1653
2012-05-24,0.2674131363720213,0.2443639375906367,0.17318052588703495,0.13953738985429526,0.377457702514643,58,1653
2012-05-25,0.2677073184049234,0.2432442250779691,0.17288718543851003,0.1404534626919164,0.37797324309298475,58,1653
2012-05-28,0.2669851740954878,0.24216453761842596,0.172740022923475,0.14040377067328622,0.3762745774075358,58,1653
2012-05-29,0.2670410464452192,0.24135338695682804,0.17291681732569097,0.13977082216935605,0.3770615412911325,58,1653
2012-05-30,0.2668866066898717,0.24213564482095823,0.172901727423253,0.1407247990612786,0.37672024750434197,58,1653
2012-05-31,0.26658249521560495,0.24014215317545262,0.17250912071746136,0.13999475432517214,0.37649729666635523,58,1653
2012-06-01,0.2656619761406285,0.24110522067708479,0.17205597552787386,0.1374918169593577,0.3731617244729242,58,1653
2012-06-04,0.2667440425894722,0.24205684093136526,0.17183634674298232,0.1400425032304097,0.37411934608571057,58,1653
2012-06-05,0.26498725983981986,0.24147650278230423,0.17167509749338172,0.13774524294949173,0.3725861981380833,58,1653
2012-06-06,0.2659098570168537,0.2425334848885396,0.17175292504912737,0.1395996031300708,0.3729805824446145,58,1653
2012-06-08,0.26737025894455385,0.24366030247912734,0.17155617051376332,0.13958189022568063,0.3739566883752285,58,1653
2012-06-11,0.2657098112023786,0.2413515008575172,0.17172164005183385,0.13728919461070305,0.37366793880011673,58,1653
2012-06-12,0.2648617669434755,0.24122878414061516,0.17132936240667151,0.13641123629453544,0.3723828337631477,58,1653
2012-06-13,0.26561019553436294,0.24218493494765905,0.17179873987705657,0.13786640764306754,0.37373141096407325,58,1653
2012-06-14,0.2653087853131779,0.2420360087633004,0.17214072723746876,0.13730435446684286,0.37260568423321616,58,1653
2012-06-15,0.26444120657383163,0.24215542069391294,0.17204466290758869,0.13677939143301335,0.37272974058288655,58,1653
2012-06-18,0.2637160825326096,0.2412963430032165,0.1725043001479652,0.1349148182076935,0.3738427091902191,58,1653
2012-06-19,0.2632991259161734,0.24155779681053194,0.17229249470560445,0.13445290715863853,0.3716141394182772,58,1653
2012-06-20,0.2633257132518465,0.2404622114475385,0.17255740551195278,0.13463950395919264,0.37197861678665944,58,1653
2012-06-21,0.2634145765946219,0.241628860557543,0.172616582254206,0.13438104532427858,0.37239036728391256,58,1653
2012-06-22,0.2644335440206652,0.24152542497483384,0.1730026971035104,0.1361757536900512,0.3729687620743164,58,1653
2012-06-25,0.2644892614267919,0.24176313333429453,0.1732544350485435,0.13553767599973385,0.37225457327287226,58,1653
2012-06-26,0.26642020750264356,0.24391555029510828,0.17186268795219403,0.13871553398426514,0.3732361522238438,58,1653
2012-06-27,0.26626214231010975,0.2424270306462905,0.17199510094071485,0.13971979814285704,0.37297631621173927,58,1653
2012-06-28,0.26576553529508057,0.2408808505411341,0.17214965138500604,0.13893355890005285,0.37135081197168296,58,1653
2012-06-29,0.26578832404302244,0.24067052922649432,0.17201064741240282,0.13869973911569422,0.37048173387382594,58,1653
2012-07-02,0.26656273288903215,0.24171376388019553,0.17211913722641314,0.13955159843627923,0.3715644815291797,58,1653
2012-07-03,0.26653115181653797,0.24156917158108102,0.17225399724285798,0.1404040385081656,0.3697007611122828,58,1653
2012-07-04,0.2659918819159663,0.23951001100535713,0.17266473755849096,0.1385408885645849,0.3722322246987387,58,1653
2012-07-05,0.2659083664289676,0.23980940530970207,0.1728958754126727,0.1364500354850243,0.3726557144331886,58,1653
2012-07-06,0.2656397210588751,0.23989196764123108,0.17269390429744183,0.1358084572838839,0.37305789222196417,58,1653
2012-07-10,0.2658038652883611,0.2405613441851432,0.17323364245856288,0.13700957056544041,0.374667956317507,58,1653
2012-07-11,0.2676857561070999,0.24477368417051598,0.17320914639083762,0.13916588800794372,0.37535376216687294,58,1653
2012-07-12,0.2676851159653377,0.24479742474644325,0.17324331800848225,0.13963575439152717,0.3770624610147874,58,1653
2012-07-13,0.266891595735679,0.24403188462292388,0.17298733991013196,0.1392505820994364,0.37502364857760634,58,1653
2012-07-16,0.2656339766535998,0.242371522808883,0.17256248238141744,0.13889137961797673,0.3725560974168831,58,1653
2012-07-17,0.2653338596951143,0.24282448504815277,0.17243633763651445,0.13900846666334896,0.37127270197968454,58,1653
2012-07-18,0.26453243491095163,0.2397700506459485,0.17217184430416232,0.137872489768181,0.3709714445160474,58,1653
2012-07-19,0.26371536229337816,0.23947089895658255,0.1720971394049467,0.13654094467809305,0.3706696010242897,58,1653
2012-07-20,0.2640237534768323,0.2385105614105226,0.17223292380157199,0.13645731108133188,0.371272768566595,58,1653
2012-07-23,0.2644609353440438,0.23805202529971695,0.1724915612855031,0.13679050043341315,0.3725936226590301,58,1653
2012-07-24,0.2652920664498931,0.23689234065483694,0.17271831075727834,0.13756053010215127,0.3742630506646915,58,1653
2012-07-25,0.2646871775146849,0.2367988628685801,0.17232858082789018,0.1356505745650137,0.37267595573832896,58,1653
2012-07-26,0.26398884266367767,0.23527748394856587,0.1719097903618573,0.13239935553402374,0.3730471229700801,58,1653
2012-07-27,0.26449465875063194,0.23696905078236,0.17221304437417695,0.13256631914959832,0.3724480522200952,58,1653
2012-07-30,0.2693909898521105,0.24406145667134552,0.1735376438817179,0.13409342154662765,0.3792985394527941,58,1653
2012-07-31,0.2690569594277987,0.24406145667134552,0.17366769016196784,0.1347101359097929,0.37827471339599694,58,1653
2012-08-01,0.2673067843494782,0.24236013456174746,0.17370603406938287,0.1323326281225118,0.3771923957371047,58,1653
2012-08-02,0.2654954115070608,0.24021729234430045,0.17376151509271495,0.13321584974028247,0.3730264225115798,58,1653
2012-08-03,0.26540479564587105,0.2401484852200976,0.17412477430345497,0.13158558209256616,0.3734296958456907,58,1653
2012-08-06,0.2669386088668328,0.23915747619657324,0.1743173896688692,0.13265847303330897,0.3771028701588596,58,1653
2012-08-07,0.26540415653235067,0.23556498236856083,0.17498321373282016,0.1316239822684537,0.37491721186833016,58,1653
2012-08-08,0.2620578796963372,0.23133659858456615,0.17466987254393848,0.12775573122819636,0.37166551360437006,58,1653
2012-08-09,0.25533540018665357,0.22553834430060007,0.17375098248796436,0.12240214392593016,0.3671908403870474,58,1653
2012-08-10,0.2561479754159719,0.22671940494962659,0.17382259501736466,0.12262326695042042,0.36736371688637065,58,1653
2012-08-13,0.2286673890354556,0.19461289939048668,0.1711373405498406,0.10260189616833978,0.33761062006896037,58,1653
2012-08-14,0.2245234738350382,0.19001705313494846,0.1689585934236532,0.10040309690487996,0.33028088042577464,58,1653
2012-08-15,0.22527638400163988,0.1902001741006508,0.1690402535602875,0.10169815474924584,0.3302144467036108,58,1653
2012-08-16,0.22100995556184969,0.1870009826840883,0.1676070180130458,0.09883705064198543,0.3228406401691379,58,1653
2012-08-17,0.22355532439339243,0.18987298646898543,0.16829434274143246,0.10088926187853182,0.32517921176675524,58,1653
2012-08-20,0.22222671956134749,0.18739725553228817,0.16836695348177635,0.09813172711965701,0.32372922344349,58,1653
2012-08-21,0.22257746951786386,0.18737319752724305,0.167851243581936,0.10131150147957055,0.3233487979150534,58,1653
2012-08-22,0.2231442011587587,0.18740258205446672,0.16771370344222042,0.10148296195951798,0.3255755512044061,58,1653
2012-08-23,0.21988427970776991,0.18434032385561772,0.16706073003279343,0.0982530829523334,0.32026838881984815,58,1653
2012-08-24,0.22117441361470233,0.18380160508613572,0.16626212333760737,0.09964783678189294,0.3229782563172596,58,1653
2012-08-27,0.22131615315116318,0.18549470971575624,0.1661359779868225,0.10030624246047838,0.32268938154684246,58,1653
2012-08-28,0.22026445880973514,0.18369585580080758,0.16568073998986496,0.10011160627084004,0.31992148829484246,58,1653
2012-08-29,0.22024228942440244,0.18367156969121318,0.16561395170756663,0.10070243339863878,0.3192641519522134,58,1653
2012-08-30,0.22051348259325443,0.18355013680376717,0.166522688734537,0.09983890455293387,0.31853523004148426,58,1653
2012-08-31,0.2205451603271452,0.1831104953251476,0.16682712081738832,0.0984271110376797,0.31862601844597804,58,1653
2012-09-03,0.21613261378507026,0.1798041166262224,0.16660721275194826,0.09476165322294429,0.31348730327479496,58,1653
2012-09-04,0.21620738200666073,0.17993310336794094,0.16641221173316212,0.09478077929403307,0.3144284287727113,58,1653
2012-09-05,0.2143650857839994,0.17708493087048013,0.16564961719058047,0.09382608368559524,0.31196337505080995,58,1653
2012-09-06,0.21481290900043973,0.1779334474912855,0.16603647638909383,0.09493132508818247,0.31290914574803713,58,1653
2012-09-10,0.21309646157251794,0.1782197228268263,0.16541068457962804,0.09410866135357683,0.3101626322181575,58,1653
2012-09-11,0.2103893566663942,0.17396498392392448,0.1647220980810398,0.0915303395424045,0.3078163420356113,58,1653
2012-09-12,0.20518110552862545,0.1673585213459392,0.1640180742162582,0.08942228225651776,0.2994874447741222,58,1653
2012-09-13,0.20130510364168885,0.1606870483203222,0.16542375024181008,0.0852203132044493,0.293538158011656,58,1653
2012-09-14,0.2020441000629384,0.1617241617250495,0.16590813382278538,0.08380427516525372,0.29688979062382576,58,1653
2012-09-17,0.20169398836502478,0.16183568108295868,0.16599670213462686,0.08301879347108775,0.2953981566045068,58,1653
2012-09-18,0.201738750702653,0.16130598858883707,0.1662158273239425,0.08290678515919452,0.2958406757796136,58,1653
2012-09-19,0.20121594875843343,0.16025270595887733,0.16625307022062807,0.082448120939373,0.29665440594407577,58,1653
2012-09-20,0.20110935405404382,0.1610186377192843,0.16629913494071552,0.08363688705983555,0.29525684269212155,58,1653
2012-09-21,0.2001022527230467,0.15771894721607227,0.16618579869717065,0.08209639626326481,0.2935864647294036,58,1653
2012-09-24,0.20010563139229995,0.16000690762889844,0.16624394196912784,0.08223956945443443,0.2947330213198897,58,1653
2012-09-25,0.199617846891492,0.1572631966623693,0.16624702684200546,0.08217317537519374,0.29256941620901983,58,1653
2012-09-26,0.20136810104144465,0.15984443108048058,0.1665532687063848,0.08367578143945152,0.294250944102925,58,1653
2012-09-27,0.19440016416310543,0.15380129510222768,0.1647282997001465,0.08050649482538434,0.28661204805008367,58,1653
2012-09-28,0.19506743997539763,0.15491985440524328,0.16475327280913607,0.08131096583536637,0.2868307204015225,58,1653
2012-10-01,0.19483511054688407,0.15371790233610622,0.1650317181033267,0.07882161076789806,0.2869388498481849,58,1653
2012-10-02,0.19511372226600834,0.15428387529455728,0.16527690035827727,0.07911615134077461,0.2871899878511158,58,1653
2012-10-03,0.194875662793438,0.1533661949043505,0.16470038718779104,0.07959264662894674,0.2857643174231175,58,1653
2012-10-04,0.19578363679577726,0.1549754971809648,0.16463166730800866,0.08201642833454938,0.28816224490451714,58,1653
2012-10-05,0.19567591346252036,0.1551923613208999,0.16448406709166594,0.08168409330127434,0.28743338435687676,58,1653
2012-10-08,0.19374021572620187,0.15181570556841598,0.16401474483197068,0.07940217078839476,0.2858385320293697,58,1653
2012-10-09,0.19312656484441196,0.15195888804232732,0.164791364868808,0.07870817685708696,0.28318252476931827,58,1653
2012-10-10,0.19311705754321962,0.15097501971038832,0.16477703038550712,0.07832259206355827,0.28346646510467355,58,1653
2012-10-11,0.18951116542023538,0.14730513070178333,0.1658353197712309,0.07243083528750233,0.2819363610481158,58,1653
2012-10-15,0.18853080560785315,0.14650657419102953,0.1656461209644528,0.07266474614364872,0.27825232345180284,58,1653
2012-10-16,0.18529470695814873,0.1457384279302125,0.16430544283548867,0.06932171346198908,0.27599103000165576,58,1653
2012-10-17,0.18539436134302312,0.14571231538938703,0.16431482365345873,0.06931188892850944,0.2751203375098346,58,1653
2012-10-18,0.18558544728978243,0.1458862262136017,0.16379282787416405,0.07246803382292921,0.27393941856885257,58,1653
2012-10-19,0.1850122919600162,0.14606668859202163,0.16405343080690574,0.07033461802638678,0.27468445393603724,58,1653
2012-10-22,0.1834166353755032,0.1418341069335399,0.16418223068626603,0.06964788487992374,0.27342509679754445,58,1653
2012-10-23,0.18283694018083188,0.14144241599687363,0.1638986180602102,0.06932285223406788,0.2721297814923878,58,1653
2012-10-24,0.18384570315762866,0.1429552808576305,0.16413704033885337,0.06947561855408202,0.2721348970192154,58,1653
2012-10-25,0.18278343029834293,0.14045406324107262,0.16327612858475074,0.06804032210671586,0.2712184796725192,58,1653
2012-10-26,0.17945423127690255,0.13909260821635674,0.1631119068801343,0.06618360806095923,0.26805141753658845,58,1653
2012-10-29,0.1789198889957742,0.13775685302458313,0.16190239474838136,0.06770014394792952,0.265415296559921,58,1653
2012-10-30,0.17777150994019125,0.1362726026842557,0.16169982720639137,0.06613669209397917,0.26382323943821373,58,1653
2012-10-31,0.17812586300071945,0.1376815123348384,0.16125889487376888,0.0672103364278413,0.26420082663993427,58,1653
2012-11-01,0.17395425577327683,0.13465665572239258,0.15907277321707583,0.06626047117194636,0.2551143546039564,58,1653
2012-11-05,0.176261606935786,0.13754413126700799,0.15984635021452306,0.0667978823456153,0.25960945029845933,58,1653
2012-11-06,0.17584579695665953,0.1377801105221845,0.15933667232663487,0.06616188231593116,0.2578328985709102,58,1653
2012-11-07,0.17544185224837344,0.13682323656056936,0.15953044247991932,0.06448739345771201,0.25746927066446507,58,1653
2012-11-08,0.17630609680745338,0.13723107585245206,0.1598350224810178,0.0646066536178491,0.258208134473662,58,1653
2012-11-09,0.17683518387621616,0.13856727577723632,0.16041063890677768,0.06528756770586089,0.2606039230727018,58,1653
2012-11-12,0.1770749619634357,0.13857780175089585,0.15994468096332348,0.06589216573963196,0.26159624181300833,58,1653
2012-11-13,0.17731038536928984,0.13920342740877859,0.16007989626254512,0.06771077271607998,0.2619351686448387,58,1653
2012-11-14,0.17552312852483817,0.13610530068228974,0.15969922657192398,0.06674584396465878,0.25808578292401013,58,1653
2012-11-16,0.17654859752102697,0.13881137957253298,0.16001571755759672,0.06680903701419898,0.25949408105815336,58,1653
2012-11-19,0.1749381800411462,0.13774677984740566,0.15867460355999224,0.06681112103153106,0.2560583360828356,58,1653
2012-11-21,0.17244864395810308,0.13616813216450027,0.15834032211940147,0.06343028346319773,0.24935615982268872,58,1653
2012-11-22,0.17066775671507609,0.1357147660148894,0.1577777843339983,0.06347210065043442,0.2396153437402962,58,1653
2012-11-23,0.1682962996688164,0.13243524668141465,0.15695293172639663,0.06274438416859485,0.23708226248460815,58,1653
2012-11-26,0.16962324804208861,0.13343672871760143,0.15758467369475257,0.062298870776279984,0.23902578285495119,58,1653
2012-11-27,0.17004117940815072,0.133123517509702,0.15773178171618463,0.06241524263443494,0.24046445197405128,58,1653
2012-11-28,0.16972335967285068,0.1334309285002003,0.15749368761158158,0.06243279021133947,0.24039788799085235,58,1653
2012-11-29,0.16869556325093216,0.13161048283272356,0.15711533702073485,0.06181522379407778,0.23950858211434944,58,1653
2012-11-30,0.16852361235983057,0.13214654403151418,0.15725336167173304,0.06097551496397614,0.23907925243137074,58,1653
2012-12-03,0.16719373130123763,0.1322545174249962,0.15652172096360434,0.061681405228648734,0.2343143969449701,58,1653
2012-12-04,0.1664207510334188,0.13187101907505072,0.1561820219873718,0.06157474136004756,0.23314467922081908,58,1653
2012-12-05,0.166083445372367,0.13063878378161287,0.15600086849409306,0.060458975995274514,0.23365683669858145,58,1653
2012-12-06,0.16173936600947028,0.12615086819456828,0.15585372551075605,0.057638673766986594,0.22771569467462716,58,1653
2012-12-07,0.16159760311557184,0.12652433668385676,0.15543125340794103,0.05781024552589377,0.22806355831026778,58,1653
2012-12-10,0.1616013071739678,0.1260037465025535,0.1559054096959389,0.057816081843038616,0.2283445479392821,58,1653
2012-12-11,0.1608279472000622,0.12455181560389182,0.15595996728950448,0.057558197608603416,0.2287006166938198,58,1653
2012-12-12,0.16013908462490176,0.12472744920459693,0.1558144662835042,0.05846396874138177,0.2278506122036629,58,1653
2012-12-13,0.15955030250704685,0.12412557367967783,0.1554979839000689,0.05807155621885815,0.22731602635251252,58,1653
2012-12-14,0.1596457327308983,0.12494894240699456,0.15469591854687634,0.05684750257535048,0.22796580028695376,58,1653
2012-12-17,0.15945263752080913,0.1249916557570027,0.15386393908257154,0.05875370667327406,0.22831077236250896,58,1653
2012-12-18,0.15935784782480578,0.12544018673402166,0.1533585229609628,0.0572072349292999,0.227273784856332,58,1653
2012-12-19,0.1594651412009907,0.12538707470690627,0.1537067806625634,0.05828250754441576,0.22673908658139738,58,1653
2012-12-20,0.15922088383356023,0.12645570779215548,0.15286306896954271,0.057841373923707216,0.22655106815184442,58,1653
2012-12-21,0.15924887757631578,0.12580494190499963,0.1527053091934384,0.058675192852048044,0.2251086618357076,58,1653
2012-12-26,0.15881243209751253,0.12460658986952576,0.15271065612022391,0.058481038609947876,0.2260823524789662,58,1653
2012-12-27,0.15824793725794456,0.12507719342391674,0.15269663984597998,0.05683997802315515,0.22647152836341206,58,1653
2012-12-28,0.15651257520571155,0.12238732433172103,0.15174665177595054,0.055393102498734074,0.2222648897823408,58,1653
2013-01-02,0.15712145706012362,0.12262117120482935,0.15174007870402606,0.055343122136598116,0.22476045124570296,58,1653
2013-01-03,0.15810014982970963,0.12165688999128038,0.15271974367757096,0.056746301512815275,0.2256227453115159,58,1653
2013-01-04,0.15723954715002456,0.12204976814290418,0.1524950735401015,0.05577699622201127,0.22385659665003765,58,1653
2013-01-07,0.1575416799257997,0.12275115099486777,0.1526282470651734,0.0566513507927575,0.22364113680782505,58,1653
2013-01-08,0.15715991283312433,0.12321913095695258,0.15283772585475422,0.05522531712878761,0.22409195773628288,58,1653
2013-01-09,0.15667663442857935,0.12321913095695258,0.15183482835136677,0.05616857892955282,0.22797675604558262,58,1653
2013-01-10,0.15600921499595613,0.12204700799140684,0.1522854770401985,0.05529892887900459,0.22599190286767035,58,1653
2013-01-11,0.15658708603201735,0.12143207853011682,0.15247934138133523,0.054758565230591055,0.22802505630991166,58,1653
2013-01-14,0.156279628580443,0.12282775166779424,0.15202407835261367,0.054540271734829185,0.22783178021120648,58,1653
2013-01-15,0.15650609721839043,0.12306867413934645,0.1520794165978107,0.05467470976740747,0.2271268926222033,58,1653
2013-01-16,0.1566313414368407,0.1237461420260343,0.1522695954573573,0.053199959526307426,0.22720519571726502,58,1653
2013-01-17,0.15674972583134056,0.12409222953097927,0.15235271279280366,0.05507116587525077,0.22721222560788326,58,1653
2013-01-18,0.15679524313300944,0.1242988152371121,0.1521729963322611,0.05462633438930588,0.22779976908056176,58,1653
2013-01-21,0.1567263721383432,0.12318307197796957,0.1520635211453939,0.05527359161439457,0.22877932331641393,58,1653
2013-01-22,0.15665568110670428,0.12355136744351077,0.1521137567049619,0.05521745241939549,0.2276008223332149,58,1653
2013-01-23,0.15627486386227327,0.12343376675227317,0.15203341475022394,0.05522742383275581,0.22802682829571513,58,1653
2013-01-24,0.15570366718280088,0.12358619002121471,0.15182417136885257,0.055618775504113434,0.22704616258199195,58,1653
2013-01-28,0.15539826411328683,0.12287372083756946,0.15156953838607892,0.054672096045789396,0.22576155227583924,58,1653
2013-01-29,0.1565110089179016,0.12428053273950493,0.15228546582275254,0.05460973325895242,0.22691968976827304,58,1653
2013-01-30,0.15656414981600342,0.12297197704447087,0.15172333813797795,0.05496195054747124,0.22701587542139456,58,1653
2013-01-31,0.1570424263947007,0.12473904706760924,0.1520588804275452,0.055991839831544585,0.22963537920388594,58,1653
2013-02-01,0.1570523303206158,0.1252607486654131,0.1517503197982261,0.055480530315908015,0.22758058698543226,58,1653
2013-02-04,0.15748371594049065,0.12595970203433757,0.15180105924245985,0.05576362715095747,0.22815664111615616,58,1653
2013-02-05,0.15738659693080642,0.1257433207981234,0.15232237687252223,0.05443318882174338,0.2285268850289404,58,1653
2013-02-06,0.15708814676583538,0.12491703202687354,0.1518059572428598,0.05460952205828479,0.22823238929947676,58,1653
2013-02-07,0.1570834400601164,0.12573492030960623,0.15179483375577302,0.05429045354389999,0.22843921427518055,58,1653
2013-02-08,0.15767126066585288,0.12654817701966298,0.1520354023755961,0.05386473058207865,0.2305452041587091,58,1653
2013-02-13,0.1575974897965636,0.12550157067578235,0.15255653780280706,0.053712667543425546,0.23194068770514237,58,1653
2013-02-14,0.15703669071369267,0.1255464441578794,0.15256583255168582,0.053361498866603116,0.23081055578666196,58,1653
2013-02-15,0.15735429206904394,0.12659202691630317,0.1526113753321694,0.05391217921063257,0.23168211491852037,58,1653
2013-02-18,0.15657588687364324,0.1259449519944088,0.15181544950819573,0.05380252433789522,0.230586944050822,58,1653
2013-02-19,0.1564033372976706,0.12636476277101472,0.1516067316797851,0.053978192427206126,0.22974270166113578,58,1653
2013-02-20,0.15637641635221414,0.1253606196937996,0.15110151886654646,0.05452850372346485,0.22951665466004037,58,1653
2013-02-21,0.15752924892668244,0.1270546672024061,0.1520997910474794,0.05459124434898989,0.22929404291479208,58,1653
2013-02-22,0.15747086313956088,0.1268853169997801,0.15192727288303154,0.054600875704281134,0.23035728206246553,58,1653
2013-02-25,0.15800691530408084,0.1284576215074589,0.15144497570836554,0.05438135480598148,0.23173108017431962,58,1653
2013-02-26,0.15731286872092531,0.12698573862741036,0.1513051355971585,0.053554557137770624,0.231484658893658,58,1653
2013-02-27,0.1577785029713983,0.1272714192008014,0.15110071600806366,0.05468801878824792,0.23148656243260318,58,1653
2013-02-28,0.15774954747163078,0.12686588770864665,0.15130935240477403,0.05480654642564438,0.23323579987608725,58,1653
2013-03-01,0.15752736335605705,0.12666515336945314,0.1510784280201306,0.05485647249278801,0.23207058892123708,58,1653
2013-03-04,0.15709231027546386,0.12713049058554401,0.15096737327780002,0.05564776375045895,0.2300776760041945,58,1653
2013-03-05,0.1572008464334755,0.12740718891678757,0.15057868188683618,0.05632173057944825,0.2305771036145157,58,1653
2013-03-06,0.15719444427079504,0.12687559573313875,0.15038817055298695,0.056531488227045824,0.22814419930623517,58,1653
2013-03-07,0.1586634907023554,0.12771386449533967,0.1506828012451049,0.05688799978739719,0.2310063680781412,58,1653
2013-03-08,0.1589145477970541,0.1278147632782963,0.1504520667521536,0.056900867257356706,0.23303597667334283,58,1653
2013-03-11,0.1578414801622503,0.1269768681128772,0.15019797174286775,0.05598084983026636,0.22969547420217573,58,1653
2013-03-12,0.15776743724538442,0.12729472266551298,0.1502587152775631,0.05543132498708778,0.22862802917411773,58,1653
2013-03-13,0.15753737713190272,0.12788961434704024,0.14987678654130507,0.05458279914820844,0.22885508240371102,58,1653
2013-03-14,0.15731900948023578,0.1271861753967054,0.1495514871723874,0.05550792309049077,0.22870590621471065,58,1653
2013-03-15,0.15731601474055087,0.12590022893490668,0.1495559067887224,0.054938077011716505,0.2286259367390685,58,1653
2013-03-18,0.15491536330946779,0.12385568050581416,0.1481747625076381,0.053949884003877575,0.22620199877677238,58,1653
2013-03-19,0.1543895700258498,0.12391196947775178,0.14846500633492493,0.052555244354530996,0.22652915104276913,58,1653
2013-03-20,0.15451859128899859,0.12484000450429653,0.14789647707609843,0.053344332605540584,0.2260005124625943,58,1653
2013-03-21,0.1543480619263286,0.1239485828433765,0.14824445866337121,0.05325506078205887,0.22677834224255844,58,1653
2013-03-22,0.1546267368949009,0.12473322970821119,0.14819089168004226,0.05383808175359878,0.22672634130390784,58,1653
2013-03-25,0.15277764222000367,0.12367189136964063,0.14646667872737804,0.053258107146124105,0.22562677449720342,58,1653
2013-03-26,0.15294475965065174,0.12373484032019562,0.14659203878104624,0.05426746104489419,0.22559184132401763,58,1653
2013-03-27,0.15413381937318046,0.1250164404164331,0.14679108211858147,0.05463322461071424,0.22569182966798612,58,1653
2013-03-28,0.155118646112411,0.1262211169961862,0.14647279395612506,0.05606030394611488,0.22797980706258156,58,1653
2013-04-01,0.1564442518406821,0.12860506833448745,0.1459729008527759,0.057408887975190885,0.22923341683725035,58,1653
2013-04-02,0.1563507959872927,0.12917930456310375,0.14570457595346145,0.058180501602403754,0.22822047665755807,58,1653
2013-04-03,0.1576726392182843,0.130823845148421,0.14575376021410724,0.059139798840214024,0.22852243752765522,58,1653
2013-04-04,0.1569015136527286,0.12941221620961366,0.14538516513095542,0.05842363925768229,0.22646123736386378,58,1653
2013-04-05,0.15770218903392239,0.13030212440581831,0.1456823447269562,0.05907162209537791,0.2266672371760083,58,1653
2013-04-08,0.15630870362499566,0.12833253868405292,0.14571514860689389,0.05736831720227982,0.22471007812946084,58,1653
2013-04-09,0.15616028028087392,0.12804798402061965,0.1454461616534538,0.05847840724242097,0.22342958806578472,58,1653
2013-04-10,0.15589442430956968,0.12835599921745583,0.14528878214892044,0.058081570477710544,0.22437164590538794,58,1653
2013-04-11,0.15573656101875746,0.12839501027656544,0.1451791324978799,0.057499771336538,0.22352441540587226,58,1653
2013-04-12,0.15635462688619653,0.12870889167126565,0.14536200618149037,0.05680193694388978,0.22353569433311235,58,1653
2013-04-15,0.15407567012202183,0.12565572739977557,0.1457078069408548,0.0545172977037686,0.22202031927714733,58,1653
2013-04-16,0.15780300489528495,0.13029655987028,0.14621079332837683,0.05816363924093237,0.22801356983426432,58,1653
2013-04-17,0.15886890975198745,0.13062389112142542,0.14643175825706745,0.05861904309577865,0.2282204649487082,58,1653
2013-04-18,0.158867359960594,0.13054611244295128,0.14592899308963245,0.059343305133744285,0.22850955048229973,58,1653
2013-04-19,0.1580738104852134,0.12909756656256213,0.14529296344711556,0.05896357784780188,0.22704977611524169,58,1653
2013-04-22,0.1580097545446857,0.12986671628665455,0.14518294228061895,0.05846494778979696,0.22886629354923807,58,1653
2013-04-23,0.15808086360723608,0.1293489309054823,0.14515555680422554,0.059007507575950295,0.22858074056756755,58,1653
2013-04-24,0.15866656667555645,0.1301335534880869,0.14496865115879617,0.059013968093215075,0.22643790133833752,58,1653
2013-04-25,0.15799279498075905,0.12976901464379956,0.14485932975715898,0.05800071880939582,0.22515263953996914,58,1653
2013-04-26,0.15799778507401022,0.1309051954808504,0.14467902797225146,0.05739461927156545,0.22459802435619122,58,1653
2013-04-29,0.15979933811002361,0.13314457774930077,0.14446945134534517,0.059549261861874245,0.22738061496133555,58,1653
2013-04-30,0.1600678330236571,0.13343026481653142,0.14421063960755584,0.06100659522065172,0.2265320834699861,58,1653
2013-05-02,0.16153258618549995,0.13344175185624962,0.14441141864803822,0.06264109184835946,0.22860893590277892,58,1653
2013-05-03,0.16187591923226685,0.13402190700981303,0.1443557939807363,0.06247837533810844,0.22811828904065515,58,1653
2013-05-06,0.16098040358917814,0.13332895781601534,0.14425020113735407,0.06255097705003097,0.22812606519830325,58,1653
2013-05-07,0.16054757328315836,0.1333832628112325,0.14419057059532328,0.06193942276883129,0.2275599522830947,58,1653
2013-05-08,0.16094301635856234,0.13353823199202677,0.14441033098279543,0.06208532817372851,0.22992863419408027,58,1653
2013-05-09,0.16091905133917458,0.13350592886969187,0.14426693972762136,0.06288918662168226,0.23025259718098834,58,1653
2013-05-10,0.16122111585366494,0.13405850651366127,0.14456482659909656,0.06378962230565524,0.23056766487182542,58,1653
2013-05-13,0.1611519341618875,0.13487254315473093,0.14485605728659587,0.06381426139584902,0.22966605620798883,58,1653
2013-05-14,0.1619892496907107,0.13469413851834364,0.1453975230581292,0.06389188694930739,0.231613611225512,58,1653
2013-05-15,0.1619780523914822,0.1341880206869031,0.1453202989326953,0.0646442816299164,0.23179002813924046,58,1653
2013-05-16,0.1610592638438082,0.13528489176485994,0.14463243964393468,0.06371463201232852,0.23080050686761555,58,1653
2013-05-17,0.16063194008238466,0.13425013404153463,0.14464863741897516,0.06414922360032588,0.23117148078716637,58,1653
2013-05-20,0.1607609135872152,0.13354920095898326,0.144157061266471,0.06419654576692427,0.230562482815735,58,1653
2013-05-21,0.161017058181432,0.1329234110405313,0.14436005978981808,0.06512158514309367,0.2284853655237103,58,1653
2013-05-22,0.1612921508863872,0.13265796561833326,0.14488517342635432,0.06455568532973238,0.23006305814735561,58,1653
2013-05-23,0.16158004825421146,0.13195775906824417,0.14482551669203025,0.06531939581095708,0.2302556475197003,58,1653
2013-05-24,0.15879348443533808,0.13032090431281196,0.14494902355181957,0.06207435931256684,0.22676888753693308,58,1653
2013-05-27,0.157848535612691,0.12846279667918187,0.14475806546860215,0.06195700765463218,0.22613032273564704,58,1653
2013-05-28,0.15817861249305568,0.12730818533770458,0.1451200615107948,0.061096222402410555,0.22541318349987063,58,1653
2013-05-29,0.1538039679942162,0.1255896798579835,0.1441209623051922,0.057217302642223536,0.2209474198623934,58,1653
2013-05-31,0.15507058946172736,0.12737062237529478,0.145087453144488,0.05755750910156752,0.22331035944372718,58,1653
2013-06-03,0.15459494560033102,0.12665210680707176,0.14285675452011762,0.05936378192325418,0.22322797315147888,58,1653
2013-06-04,0.15384714301419897,0.12526807932323544,0.1428150587054993,0.059230284371164246,0.22195571500612393,58,1653
2013-06-05,0.15321225826060145,0.12433007366648545,0.14281001988162306,0.05847978482558554,0.22038081409360805,58,1653
2013-06-06,0.15345759482132412,0.12454287763628215,0.14367197457421765,0.058373340189041494,0.22044567154330505,58,1653
2013-06-07,0.15389796457069152,0.12563116103163458,0.1436204353826469,0.058228192053337145,0.22137098747090203,58,1653
2013-06-10,0.1544777486991922,0.12732209728055402,0.1436927706524893,0.059846305447561914,0.22243281910953194,58,1653
2013-06-11,0.15456861926734702,0.1281675347111392,0.14378035063221464,0.05906103066395652,0.22354482287526928,58,1653
2013-06-12,0.1587663542080858,0.13173674833968074,0.14417281658806058,0.06326684955985917,0.2273565619143605,58,1653
2013-06-13,0.15877837030513323,0.13158446257051976,0.14504524158630827,0.06319552660541866,0.22607887956824424,58,1653
2013-06-14,0.15905984398198586,0.13087640685235852,0.14528257267736588,0.06338938008675395,0.22646452803222084,58,1653
2013-06-17,0.16100432467275386,0.13440680360534896,0.14565722064182815,0.06599519526224629,0.22779415212515727,58,1653
2013-06-18,0.1594150059472511,0.13416742633357323,0.14571463994114445,0.06494668565791566,0.22745867698536737,58,1653
2013-06-19,0.15728241215970634,0.13139311227112027,0.14583934240968394,0.06277795563349237,0.22501005193129833,58,1653
2013-06-20,0.15940360471347667,0.1325658757844821,0.14638133312890544,0.06436962878600662,0.22769685406900442,58,1653
2013-06-21,0.16007769312240774,0.13481459258454906,0.1459558320704593,0.06546401393347001,0.22787106364427578,58,1653
2013-06-24,0.1619929905214988,0.13620847403151093,0.1446145658295994,0.06745960342714355,0.2300055893370832,58,1653
2013-06-25,0.16450934761295644,0.13726861475542892,0.14541085453166663,0.06899519172618025,0.23113846935200053,58,1653
2013-06-26,0.1644555155537363,0.1377266707641772,0.1459346071774284,0.06818798148881727,0.23253561949352153,58,1653
2013-06-27,0.16451571433199047,0.13896318211068032,0.14525592465646578,0.0670939575768776,0.2330154339771568,58,1653
2013-06-28,0.16454120448102444,0.13759290654303158,0.1452748178667895,0.06703299896248306,0.23363026262698167,58,1653
2013-07-01,0.16372032121140104,0.13836995663439794,0.14469063422723086,0.06531135915848048,0.23132621372208859,58,1653
2013-07-02,0.16335029800991635,0.1376730366029837,0.1447456580920073,0.06540252506263462,0.2308067964803576,58,1653
2013-07-03,0.1669889478352726,0.14200451139272005,0.14383593733202968,0.06969793681328806,0.2328955452559294,58,1653
2013-07-04,0.16648992089337653,0.14152235434141086,0.14334685231511501,0.0703766671444676,0.23120701144759834,58,1653
2013-07-05,0.16424191998896645,0.13916379851105617,0.14413254469349465,0.06892265764506426,0.23268202967816687,58,1653
2013-07-08,0.16465728566144974,0.1409237595858872,0.14572049713148025,0.06828427251901287,0.23266739796033542,58,1653
2013-07-10,0.16505510848586097,0.1403379859547965,0.14590047576228224,0.06746196260235755,0.233460045645091,58,1653
2013-07-11,0.16462841186622343,0.13981058954587197,0.14594004930514565,0.06724887443652619,0.232071080707352,58,1653
2013-07-12,0.16325397929678273,0.13794563876585653,0.14725906605244768,0.06537610421538252,0.23223874358209498,58,1653
2013-07-15,0.1644108109503073,0.13973423859865233,0.14730087141965106,0.06654651792324998,0.2336550506374338,58,1653
2013-07-16,0.16456531609930097,0.1408194108803918,0.14772799937199982,0.06536548405044511,0.23403221777094577,58,1653
2013-07-17,0.16461922331730627,0.14127106024863686,0.14752573390395743,0.06525243269779417,0.2330810008331178,58,1653
2013-07-18,0.16468512828271584,0.14033806517510275,0.14799202186860938,0.06558428300329026,0.2315114184619049,58,1653
2013-07-19,0.16441532435733802,0.13954781770538593,0.14660165916326356,0.06616182157057064,0.23096153408650819,58,1653
2013-07-22,0.16265053539342975,0.13917042049558115,0.14551644902690916,0.06587303269593318,0.22859631293307142,58,1653
2013-07-23,0.16396498634623663,0.14149825639570576,0.1458149432796535,0.06656979980245928,0.2307133931814774,58,1653
2013-07-24,0.16383988444955933,0.1410353527254625,0.14586874682611364,0.06533680426770329,0.23050815119975188,58,1653
2013-07-25,0.16367025345544414,0.14036679909910835,0.14603666044140837,0.06461705294319812,0.2319506498617349,58,1653
2013-07-26,0.16396579471740877,0.14038007586192017,0.14611522584449713,0.0664808386167262,0.23212560733294205,58,1653
2013-07-29,0.16311742617324948,0.13990236256353344,0.1456111016525388,0.06545704502009225,0.23201356453764949,58,1653
2013-07-30,0.16269972276446618,0.14030575210110735,0.14537913719212867,0.06524335167229371,0.23123774326304838,58,1653
2013-07-31,0.16292545792717633,0.14024797802459718,0.14573728525854054,0.06501846753645744,0.23103763587485215,58,1653
2013-08-01,0.1616172788652564,0.1398552032481221,0.14518714063392005,0.06443692666547624,0.2293654283851947,58,1653
2013-08-02,0.1605823924755136,0.13922789506164604,0.14504122892200963,0.06399201405870783,0.2264254167562374,58,1653
2013-08-05,0.16124455395402182,0.13875956332315367,0.14561727616467926,0.06296243742083817,0.22807919546517066,58,1653
2013-08-06,0.1612508354212776,0.1385139102351688,0.14555234787239762,0.06376104147159121,0.22876846914664062,58,1653
2013-08-07,0.1597036371131996,0.1370680381308042,0.14551800984497942,0.06099333128151059,0.22485032057674756,58,1653
2013-08-08,0.15291517476490488,0.1316588476603426,0.14336974573491426,0.059861434783910455,0.2173426923343958,58,1653
2013-08-09,0.1537397801792636,0.1323607410566421,0.1441622252532246,0.05954228091540941,0.22015052709566835,58,1653
2013-08-12,0.15480200900676327,0.13197725848235675,0.14462589970201373,0.06001954714316185,0.22251713969213335,58,1653
2013-08-13,0.15571211844600133,0.13241489481612453,0.14457269776659232,0.060275476959039,0.222179940272663,58,1653
2013-08-14,0.15620843747950136,0.13248948986537318,0.14435783691390272,0.06195768433671263,0.22204727670807714,58,1653
2013-08-15,0.15299533091943548,0.1308611818733553,0.14352875976399754,0.060275476959039,0.21716722066924563,58,1653
2013-08-16,0.15223558480600713,0.13137987637195028,0.141932491748194,0.06113348603223141,0.2148306503741168,58,1653
2013-08-19,0.1522183846542783,0.13170800195788943,0.14189435412293383,0.060902792171039534,0.21824268115172807,58,1653
2013-08-20,0.14961400750464127,0.1276840080878919,0.14099879125497322,0.058414133937197285,0.2131555830807488,58,1653
2013-08-21,0.1515446307159634,0.12891051618038493,0.14154270222168006,0.06090796385841197,0.21580318341577312,58,1653
2013-08-22,0.15126761949268247,0.1298870833271089,0.14144879362583673,0.06027948132650779,0.21629015900267148,58,1653
2013-08-23,0.15117772658437859,0.12977213153260792,0.14201251401990747,0.0588327003192098,0.21604113847079962,58,1653
2013-08-26,0.15144173762273938,0.1308590070153601,0.14179793858219458,0.05844158446535613,0.2178491948019916,58,1653
2013-08-27,0.15199742205241956,0.1311331562989721,0.1422151202994519,0.0589907715293719,0.21762396211070364,58,1653
2013-08-28,0.1516646525605513,0.13023263556288842,0.14267893672791682,0.05949551284077047,0.21894001899790802,58,1653
2013-08-29,0.15184690247546376,0.1304894286197098,0.1426012528122237,0.05958276700105372,0.22056781870838485,58,1653
2013-08-30,0.15213563173543834,0.13078605917643768,0.14249176560529286,0.059212371980964254,0.21995932598296583,58,1653
2013-09-02,0.1521063095891986,0.1309164218260308,0.14234673729149064,0.05876082099761654,0.22095584482311967,58,1653
2013-09-03,0.15235832131196228,0.1305591293416091,0.1435121051555732,0.06028258434780627,0.22182463271779634,58,1653
2013-09-04,0.15134338323186086,0.12972025415772034,0.14405647496064827,0.05987324317567619,0.22199784927337415,58,1653
2013-09-05,0.15139396086592496,0.13000753168029192,0.14416077022005055,0.05949581507520325,0.22025441537902293,58,1653
2013-09-06,0.1512250367816357,0.13017099089116577,0.1441072113761215,0.05841060204352125,0.21893371510146004,58,1653
2013-09-09,0.15136150878472587,0.13100472295478155,0.14429027272470674,0.05822750868650846,0.21971235646749382,58,1653
2013-09-10,0.1527577043173266,0.13101823947369,0.14362648514189005,0.05961190645630894,0.2200542064417365,58,1653
2013-09-11,0.15280591331848656,0.13152926773318918,0.1435340197382722,0.05913087845468576,0.21980967720867833,58,1653
2013-09-12,0.1538434539028878,0.132236158580626,0.1436148928820393,0.06005906606841704,0.22230892048639367,58,1653
2013-09-13,0.1540176298026784,0.13245184141920166,0.14387058455801774,0.06110126762248045,0.22299816610219209,58,1653
2013-09-16,0.15412417533605405,0.13262202005992496,0.144050900149541,0.06094473857658014,0.22153297991924265,58,1653
2013-09-17,0.15330846561371975,0.13172364929227603,0.14397428602435935,0.05916164754261777,0.22161856605032476,58,1653
2013-09-18,0.15201267079797387,0.12996301664557838,0.14329852139808844,0.05855153437977441,0.21939177049081054,58,1653
2013-09-19,0.1530461410782926,0.13011981242051898,0.14361249527436806,0.060377421185552414,0.2229753699334931,58,1653
2013-09-20,0.15404945313851431,0.13270411943262475,0.14306403055627723,0.06207615307374277,0.22235746850119215,58,1653
2013-09-23,0.15724481908050275,0.14350158729934467,0.1428000275089035,0.06415511410955875,0.22878034313378354,58,1653
2013-09-24,0.15480112378769453,0.14041836686155548,0.14141400195021162,0.06234494487809743,0.22330688776207283,58,1653
2013-09-25,0.15511186965873278,0.1425167077819023,0.1413329376955446,0.06297879848324098,0.22365926760048213,58,1653
2013-09-26,0.15538082619395077,0.14204398629983164,0.14130647259817916,0.06218301176078443,0.2235717712122296,58,1653
2013-09-27,0.1554983043541375,0.14243464834526032,0.1413541204975402,0.06284846361597352,0.22498001548620553,58,1653
2013-09-30,0.15548589866092316,0.1415210427703956,0.14111774930138668,0.06411565693372794,0.22581998888764349,58,1653
2013-10-01,0.15596784524155025,0.14207192495233964,0.14156562188413516,0.06476255539726808,0.2261810817904161,58,1653
2013-10-02,0.1563109044986412,0.14087243620220652,0.1418847487520496,0.06374747624909685,0.22700217417701032,58,1653
2013-10-03,0.15613918651817776,0.14139324243398765,0.14207812290111718,0.0625365863513041,0.22748625561095756,58,1653
2013-10-04,0.1543446165592221,0.14108738024419173,0.14183843801134283,0.060091191520889944,0.22542625178777384,58,1653
2013-10-07,0.15519359499405797,0.14163115723803876,0.1418533974060053,0.06099401644675866,0.2258871057313114,58,1653
2013-10-08,0.15523736588967438,0.1425968544087025,0.14207210839961454,0.06101761402501896,0.22495125550242825,58,1653
2013-10-09,0.15573819997167557,0.14287592985545586,0.14202655906480338,0.06145149961827943,0.2263119279104708,58,1653
2013-10-10,0.15551351907331604,0.1419182268299747,0.14190161059003362,0.06173363981178816,0.2278057342885387,58,1653
2013-10-11,0.155942621636397,0.14232820916783162,0.14200759368789495,0.06157143184203925,0.2279487857182229,58,1653
2013-10-14,0.15531070276444645,0.14160709307444658,0.14250874084880247,0.060431515750348636,0.22752397788789278,58,1653
2013-10-15,0.15597199243866913,0.14318299344161495,0.14236602394390846,0.061843999798678946,0.2284980152716972,58,1653
2013-10-16,0.15604910020926557,0.1422192119095374,0.14270252486454205,0.06175368340977121,0.2302042926414466,58,1653
2013-10-17,0.15629006025469688,0.142678086370457,0.14277017203616765,0.06150253844851659,0.23146718236967387,58,1653
2013-10-18,0.15559065917608436,0.1415441219637864,0.14350190385851408,0.06256765508932087,0.23178924385568006,58,1653
2013-10-21,0.1565898673349185,0.14394354859447556,0.14256538780047082,0.06311375052987978,0.23080130556297643,58,1653
2013-10-22,0.15604588574326425,0.14418724216265558,0.14241913000314363,0.06310210752124894,0.2307147148466643,58,1653
2013-10-23,0.15613593156487746,0.14401454715822212,0.1430891403985525,0.06264103704895797,0.23130234343842992,58,1653
2013-10-24,0.15640561002897166,0.14501871026195676,0.1433296241475296,0.06254742719706449,0.23224772982025835,58,1653
2013-10-25,0.156893746032925,0.1459520925722772,0.14366399854796932,0.062361802411026485,0.2332484135272034,58,1653
2013-10-28,0.15703879557775915,0.1456275188649731,0.14370367270636197,0.06346944047071812,0.23425847365692942,58,1653
2013-10-29,0.15762554353171132,0.14631465052158474,0.14284786350372022,0.0645165889246851,0.23399571204650954,58,1653
2013-10-30,0.15743644624044023,0.14644445159160435,0.14280301749160457,0.06489114968562518,0.23507355047235345,58,1653
2013-10-31,0.1569881909251565,0.14595686809811312,0.14257118353683365,0.06485041306603691,0.23252399266380366,58,1653
2013-11-01,0.15769447059479652,0.14730622343353908,0.14274039931688698,0.06531531893207922,0.23317801489816362,58,1653
2013-11-04,0.1571353953457111,0.14564736928025251,0.14250827074010713,0.06531531893207922,0.23279493884769253,58,1653
2013-11-05,0.15720623135528006,0.14696698218175025,0.14229535109291927,0.06591327258120677,0.23182245272908614,58,1653
2013-11-06,0.15781933957891467,0.14786740373985727,0.14296114258567008,0.06424939406104789,0.23368406269528094,58,1653
2013-11-07,0.15757443589762551,0.14768077921891853,0.14325249963698553,0.06393742585022148,0.23349332486251542,58,1653
2013-11-08,0.15779337761208484,0.14790503941576544,0.14335882555130317,0.0640496430620761,0.23218866121732806,58,1653
2013-11-11,0.15567153575275228,0.14508270195076603,0.14285179545627436,0.062130857659560904,0.2312593527731014,58,1653
2013-11-12,0.15593985912658834,0.14531800998556685,0.1430752508647381,0.06279940191467147,0.23171134084641487,58,1653
2013-11-13,0.15612242175949406,0.14526339692831267,0.1426628008260033,0.06280542751518368,0.23376277756885988,58,1653
2013-11-14,0.15537918898650813,0.14423135404918797,0.14262301824381152,0.06120615612772454,0.232929356396389,58,1653
2013-11-18,0.15603278552344224,0.14332065231175975,0.14223905174063725,0.06039575045294473,0.23229655255113263,58,1653
2013-11-19,0.1567282051736893,0.14418100409450474,0.14287422298839483,0.060777808744664714,0.23448622118060328,58,1653
2013-11-21,0.1575372112380216,0.14552524335667907,0.14364883226338238,0.06034884542024185,0.2368117192589938,58,1653
2013-11-22,0.15763128066131382,0.1449629765119567,0.14372628547000377,0.06021469839401123,0.23669718426884015,58,1653
2013-11-25,0.15643753451139708,0.14428682306604124,0.14377227197040393,0.0606552101558551,0.23607921813156116,58,1653
2013-11-26,0.15706682292854723,0.1437428695957055,0.1435807974045741,0.060626741581558126,0.23541195423388456,58,1653
2013-11-27,0.1575393909345931,0.1434126599827171,0.14373807555851584,0.06204014003911416,0.23502745776461673,58,1653
2013-11-28,0.15861134502993704,0.14462993806562072,0.14436805985404777,0.0624672150341683,0.23677670282613833,58,1653
2013-11-29,0.15904830829669778,0.14483151190436122,0.1443380642636346,0.06335787118197947,0.2368022931137018,58,1653
2013-12-02,0.1578919989604945,0.14373404059364472,0.14346071078491365,0.06296589204806273,0.2346131151219049,58,1653
2013-12-03,0.15817387543536868,0.14521355484226245,0.14315797175032025,0.0642422240969206,0.2344075031104923,58,1653
2013-12-04,0.15937806358116027,0.1454770704118762,0.14359116541390554,0.06468309959021154,0.23595320091679747,58,1653
2013-12-05,0.15946287209553403,0.14599698682590462,0.14360506522625602,0.06421683177973075,0.23596136065767181,58,1653
2013-12-06,0.15914024975957944,0.14609759026412975,0.14440884440332574,0.06456596586616017,0.23700797411231356,58,1653
2013-12-09,0.16125475687538068,0.14813518822898242,0.14497013824866203,0.06600906821414493,0.24126890073183072,58,1653
2013-12-10,0.16083704768344562,0.14687163278902302,0.14525880601169644,0.06509495140302847,0.2415905517173743,58,1653
2013-12-11,0.16113849732887742,0.14753769400373665,0.1454354054345877,0.06456298395471695,0.2427078750400798,58,1653
2013-12-12,0.16268658936520192,0.14849130720253417,0.14603074108507968,0.06489048957769636,0.24575224460686518,58,1653
2013-12-13,0.1631453849629763,0.14936936203709336,0.14638616585909522,0.06501398305490187,0.24513636109021195,58,1653
2013-12-16,0.1628412991829645,0.1487402357965232,0.14571747879872626,0.06357667740206244,0.2440488337974744,58,1653
2013-12-17,0.16293307466252518,0.14912868819197495,0.14566354278141627,0.06460100415263012,0.24424269474498608,58,1653
2013-12-18,0.16343009649673645,0.1494996356408068,0.14570924372914984,0.06463629243084831,0.24367032407255088,58,1653
2013-12-19,0.16355923488275076,0.1500057543305212,0.14589883948619897,0.06680634169806615,0.24588525130528668,58,1653
2013-12-20,0.1647525765185732,0.15005601581842265,0.14630645284870156,0.06679144803515047,0.24808249196790016,58,1653
2013-12-23,0.16452707017185558,0.15004518872485367,0.14640024514706276,0.06539029221127089,0.24795621754196673,58,1653
2013-12-26,0.16503128694386643,0.14989746389345396,0.14620091358762127,0.06573905913917101,0.2491347930260694,58,1653
2013-12-27,0.16475340744131897,0.14924291133910328,0.14577100549202093,0.06358527829779032,0.24825604116290367,58,1653
2013-12-30,0.1651582367777292,0.1494173888890706,0.14558841941313908,0.06507481481914798,0.24875443006165035,58,1653
2014-01-02,0.1657814827422429,0.14898865776869002,0.14568318694075688,0.06718551183717923,0.24921159302997659,58,1653
2014-01-03,0.16902929288567564,0.1516106094835874,0.14629204367883536,0.07107368531651952,0.25302794672744383,58,1653
2014-01-06,0.16900246333780203,0.1528604253536243,0.1461045203661738,0.06989286924730968,0.25181731706750665,58,1653
2014-01-07,0.1690911954280363,0.1540300035980976,0.14594546375328848,0.07174031470560822,0.251624144124658,58,1653
2014-01-08,0.16959670973322843,0.1536707825374289,0.14580160486140145,0.07293663100595617,0.25223475222597336,58,1653
2014-01-09,0.16867763485911194,0.1536842331891759,0.14399139651462525,0.07342106555283656,0.2500365053260605,58,1653
2014-01-10,0.17245289399283156,0.1589370591740475,0.14447208029693012,0.07603519800107951,0.25480339014394204,58,1653
2014-01-13,0.17256179902696697,0.15885555275142685,0.14488954130308865,0.07554716316931571,0.25614520491400433,58,1653
2014-01-14,0.17270784019464408,0.15885555275142685,0.1445180465719547,0.07631314470269449,0.25550367721742867,58,1653
2014-01-15,0.172438600834684,0.15810392251499786,0.14436884242428233,0.07697811025824088,0.2554804069971098,58,1653
2014-01-16,0.17215877527214482,0.1574022820748102,0.1445547736667939,0.07590405177764648,0.2562551416887876,58,1653
2014-01-17,0.1720547078194138,0.15731740086154117,0.14478983490210776,0.07633081368681534,0.2570101782692735,58,1653
2014-01-20,0.17218069438812963,0.15733896270864797,0.1450279379184291,0.07559753504159616,0.2566946900114565,58,1653
2014-01-21,0.17234619653463001,0.15814080235575761,0.1448232824667837,0.07667327229533526,0.25722298727401893,58,1653
2014-01-22,0.17201312273385158,0.15804656243067325,0.14461359849909683,0.0770941713447861,0.2559910158135647,58,1653
2014-01-23,0.1729054502818842,0.15811408463158763,0.14497682752858243,0.07777653733961853,0.2579461482838945,58,1653
2014-01-24,0.17391802279989282,0.15970501043484603,0.1458815413523616,0.07702294164241624,0.2600198717664905,58,1653
2014-01-27,0.17458159219587685,0.16005537488007004,0.1459486145134397,0.07687406769832018,0.26026956839112353,58,1653
2014-01-28,0.17482835953571071,0.15962910123856128,0.14565788862881215,0.07777462049263474,0.26008615824036757,58,1653
2014-01-29,0.17548714557312042,0.15955050905558196,0.1460236328561494,0.07798529936295603,0.260301856413931,58,1653
2014-01-30,0.1755548995030971,0.1587025262363129,0.14579390263005418,0.07783142906085425,0.25949320676371135,58,1653
2014-01-31,0.17598957656044822,0.1596440855619789,0.14548637496927067,0.08084096561639512,0.26087395415682774,58,1653
2014-02-03,0.17482893674211938,0.15740560417062835,0.1446611833602686,0.07902414721050068,0.2586822680774956,58,1653
2014-02-04,0.17826993503907423,0.16286118215690157,0.14615589772845575,0.08098547513580204,0.26302011742888703,58,1653
2014-02-05,0.17781062358054134,0.16262412708783786,0.1461427568220063,0.0806255120802354,0.26213427415225776,58,1653
2014-02-06,0.17835499089790777,0.16343823460554457,0.14597353361782658,0.0826303340862967,0.2633472310281525,58,1653
2014-02-07,0.17938542190761306,0.1650047282166771,0.14691326873413027,0.0827888484554434,0.2653906601516221,58,1653
2014-02-10,0.17966272942946862,0.1650175692074896,0.14666652642127043,0.0826052561233205,0.2640986216018677,58,1653
2014-02-11,0.17979834231940323,0.16672053773197162,0.14711981460376902,0.0823154728149872,0.2655459390636338,58,1653
2014-02-12,0.18059904791586184,0.1680987827955452,0.14753309974636594,0.0816848717698224,0.26625064122256303,58,1653
2014-02-13,0.18005419252314814,0.16751145443802418,0.14724010552463554,0.08097693907397518,0.2655708178344866,58,1653
2014-02-14,0.1800928104281249,0.1664408919820586,0.14701159770673441,0.08113454287299056,0.26543240946749547,58,1653
2014-02-17,0.1796898087872458,0.16631511455194406,0.14674077002833802,0.08128038181365904,0.2653435704894102,58,1653
2014-02-18,0.1818715455142709,0.16878753742369948,0.14654826948358915,0.0809987781548273,0.267111523011504,58,1653
2014-02-19,0.1848896322925357,0.1731273002744975,0.14760247933208637,0.08347332415441043,0.27108793876501,58,1653
2014-02-20,0.18534050424175222,0.17375697941661056,0.1476366646150797,0.08351774323782951,0.27314149941552096,58,1653
2014-02-21,0.1855593532225219,0.17346223878786754,0.14781273480238308,0.08287412298250935,0.2744478229232337,58,1653
2014-02-24,0.18404984540994185,0.17192711856289591,0.14675805868490663,0.08282336844211657,0.2702221850863551,58,1653
2014-02-25,0.18375487807254864,0.1716318507909555,0.14649191068795248,0.08351774323782951,0.27089464155448645,58,1653
2014-02-26,0.18461457336873732,0.17258996861745582,0.14736668404807937,0.08345220462980031,0.2728762177439122,58,1653
2014-02-27,0.1843301631802588,0.1716430642452903,0.1468147454072095,0.08248054983619783,0.27096863700720475,58,1653
2014-02-28,0.1856746363086157,0.17147144841818063,0.14770234700344448,0.08468336649697576,0.27395442686111376,58,1653
2014-03-05,0.18567100513647483,0.17117726488682142,0.14797688419748456,0.08518398949475836,0.2757333325437393,58,1653
2014-03-06,0.18544050143430274,0.17105541988091555,0.14826490590506286,0.08336420071756397,0.2755698550351061,58,1653
2014-03-07,0.18563518690406172,0.171661847133548,0.1483269342065753,0.08314504862928254,0.274552026069455,58,1653
2014-03-10,0.18846489128448535,0.1725631852793151,0.14969677405912724,0.08677012226693288,0.27813437158605464,58,1653
2014-03-11,0.19073234397841068,0.176545013533488,0.15021778763038984,0.08676803044002626,0.2811152588646318,58,1653
2014-03-12,0.18905120941317963,0.17425832668219543,0.14956395161080463,0.08642587262343747,0.2791079787876672,58,1653
2014-03-13,0.18886825341322058,0.17414336423788984,0.14983459985862843,0.08642349413687658,0.27778902546644896,58,1653
2014-03-14,0.18917117104858763,0.17425446663090116,0.14975114501070053,0.08636893795438834,0.2778455407278658,58,1653
2014-03-17,0.1883068270113255,0.17411016126116946,0.14935552460118354,0.08592200014591349,0.2736817161385119,58,1653
2014-03-18,0.1883979986378118,0.17432028465747762,0.14946532321037997,0.08351261104025408,0.27494023861719213,58,1653
2014-03-19,0.19129782699906084,0.17656240624882058,0.14998153967573635,0.08749216892529728,0.2782052508306429,58,1653
2014-03-20,0.1912249380910569,0.17579743493151845,0.15015496193791197,0.08787565246349034,0.2769655856270967,58,1653
2014-03-21,0.19157275037566376,0.17694180075693217,0.1501354891908337,0.08829582156857708,0.27779949521998254,58,1653
2014-03-24,0.19144951626938445,0.17700774829333688,0.1503963018705314,0.08805357202987181,0.2772363636415319,58,1653
2014-03-25,0.1911764730945434,0.17724999982757783,0.1504905681443084,0.08709895106283186,0.27779949521998254,58,1653
2014-03-26,0.1921434242169535,0.17769938786308845,0.15126960705348352,0.08644360353401705,0.28044334448974373,58,1653
2014-03-27,0.19187389615402187,0.17735547967124152,0.15126344447519416,0.08611124959938715,0.27986721332931586,58,1653
2014-03-28,0.19544589685412586,0.18110736020188561,0.15324712601347001,0.08668374805354062,0.2860450668244637,58,1653
2014-03-31,0.19582069258183366,0.1831898140975459,0.15320702145006648,0.08810622210132464,0.28744587690688395,58,1653
2014-04-01,0.1950758415628149,0.18160752136200622,0.15325791168508024,0.08791146373081576,0.2865274425896372,58,1653
2014-04-02,0.1944176287203588,0.17920677102035412,0.1532674584364709,0.08744065434227642,0.28507259825676634,58,1653
2014-04-03,0.19592636813694003,0.1796460517349874,0.15475632801823005,0.08772972994005496,0.28913371915221797,58,1653
2014-04-04,0.19586080502784536,0.18045380583448822,0.15471306610534571,0.0876843297571186,0.2882561567795233,58,1653
2014-04-07,0.19462924030766884,0.17947119584099935,0.15454805350652098,0.08685866611782243,0.2863322880847276,58,1653
2014-04-08,0.19420412835632958,0.17970391741407932,0.1549025416283658,0.08589399172315818,0.2841839574927961,58,1653
2014-04-09,0.19354425173971868,0.18008364304155328,0.1546674598713207,0.08661419681790793,0.2836558529331643,58,1653
2014-04-10,0.19429434487729247,0.1806241547038115,0.15472169272973152,0.08653652728060712,0.285710617113258,58,1653
2014-04-11,0.1942479139542905,0.18154536414295439,0.15505174681003933,0.08731661381426292,0.28468474211574657,58,1653
2014-04-14,0.19393653062214114,0.1802944688126005,0.15508915125454037,0.08766036029710748,0.2858999111613504,58,1653
2014-04-15,0.19392939982783633,0.18047588569449585,0.1553294252421651,0.08656122141445326,0.285234524000886,58,1653
2014-04-16,0.1947923023102373,0.1813889181395754,0.15549823881545585,0.08739239087114184,0.2849704828971734,58,1653
2014-04-17,0.19507506363620597,0.18174248393978606,0.15552269149717438,0.08854106669428767,0.28535792829205314,58,1653
2014-04-22,0.19204334281585964,0.17708349291867384,0.1553220816726575,0.08308021764173372,0.2832832054263197,58,1653
2014-04-23,0.190453217434339,0.17492087777874532,0.15494869666381372,0.08229964660344752,0.28085389246603815,58,1653
2014-04-24,0.1910618376701194,0.17754166055401416,0.1549438378527961,0.08160187406213175,0.28201525568442587,58,1653
2014-04-25,0.19125387698704455,0.1775830020720398,0.1552024731870123,0.08142654165684778,0.2838840253600189,58,1653
2014-04-28,0.190859562890543,0.17715283003484084,0.1553612600728315,0.08179054751602657,0.2824935703788665,58,1653
2014-04-29,0.19065887226999792,0.175397764583431,0.15525771780348532,0.08149022098959213,0.28423060823479124,58,1653
2014-04-30,0.18887534664286182,0.17438876369627246,0.1551363233251928,0.07829065190221414,0.2784959283798726,58,1653
2014-05-02,0.18897536008751234,0.1742044922904846,0.15480731366901657,0.07933177090460339,0.2787374134836485,58,1653
2014-05-05,0.19114821499472454,0.17558269245448063,0.1560814903782452,0.07902698104040305,0.28355433993040013,58,1653
2014-05-06,0.18948820730297375,0.1748497028315518,0.15633679633793518,0.07756032003601966,0.2818458008695407,58,1653
2014-05-07,0.18900169361521835,0.17377926333875518,0.15691899103056423,0.0745560749140445,0.28113384119753376,58,1653
2014-05-08,0.18677292299857612,0.17116706531750736,0.15635532517213707,0.07467422698923964,0.278987057498615,58,1653
2014-05-09,0.1863982391959173,0.1709278105251327,0.1567326712642448,0.07385914739981939,0.27891544816165215,58,1653
2014-05-12,0.18686409815749286,0.17105359550912164,0.15675678365746118,0.073531965814388,0.27975067092752853,58,1653
2014-05-13,0.18751998612338788,0.17207048317127285,0.157557962548468,0.07557005018199342,0.28142148523822336,58,1653
2014-05-14,0.18749242596510965,0.1716706792095744,0.15752413898731907,0.07418200960640141,0.28141470483750264,58,1653
2014-05-15,0.18774812322228546,0.17281741899849917,0.15749379575565875,0.07616568675913166,0.28118903691104585,58,1653
2014-05-16,0.18794703963748974,0.17293843571691003,0.1573387325708909,0.076134239479155,0.27952876293577367,58,1653
2014-05-19,0.18809761881967296,0.17368423797491217,0.15735985337992062,0.07637158001374136,0.2801059759391333,58,1653
2014-05-20,0.18792715900212723,0.17322139071383638,0.15735298002482603,0.07651596484139314,0.2806119509763751,58,1653
2014-05-21,0.18916007822848668,0.1745568945407285,0.15801626605000174,0.0766430329193022,0.2819684164819782,58,1653
2014-05-22,0.18937558781515268,0.1751633724088074,0.1576963907556242,0.07670782880962868,0.2820618631923924,58,1653
2014-05-23,0.19033107492369908,0.17585677109479814,0.15842949720735983,0.07696091373661731,0.28384144616150114,58,1653
2014-05-26,0.18984277233584423,0.17459136586928622,0.1584898503396702,0.07690491820691728,0.2817780421987765,58,1653
2014-05-27,0.1899036541152393,0.17492208400390113,0.15808429730731383,0.07697922713115327,0.28093728052816164,58,1653
2014-05-28,0.1898806587686526,0.17282226378217086,0.1586011726742964,0.07747520512770838,0.28087526337311675,58,1653
2014-05-29,0.19004128559317876,0.17438283671309363,0.15932200162620336,0.0770097554266233,0.28215385960651745,58,1653
2014-05-30,0.1895495331093423,0.17411503433914405,0.15952278841838013,0.07647592854165547,0.2801679507358041,58,1653
2014-06-02,0.19098380380924096,0.17638503847777054,0.16040014604566516,0.07730272997565263,0.2839401467930665,58,1653
2014-06-03,0.19091877713478567,0.1765405417335431,0.16050161304880778,0.07695595989940597,0.28520069607776527,58,1653
2014-06-04,0.19083217011509968,0.1761311092480636,0.16104822918831585,0.07620876593461781,0.2849616805832109,58,1653
2014-06-05,0.1898263612532498,0.17595475515618442,0.1599372484920806,0.07588270112001998,0.2824683602809999,58,1653
2014-06-06,0.18984362271339725,0.17475679510090483,0.16013076760447528,0.07702620748489121,0.28051792152945154,58,1653
2014-06-09,0.19207676875704235,0.1777010953049906,0.16176583037560677,0.07717986321336451,0.28489207835640556,58,1653
2014-06-10,0.1942977056935879,0.17940724516164308,0.16169151607466623,0.08009637297716077,0.28736700857678654,58,1653
2014-06-11,0.19322069791009666,0.17829562872147858,0.16116753668556033,0.07786743960983564,0.28622243596914193,58,1653
2014-06-13,0.1930042792349672,0.17764088820337265,0.1612980658286905,0.07779859147778796,0.2858265231485858,58,1653
2014-06-16,0.19238073499221034,0.17769205092431412,0.16124377363606915,0.07618908858102381,0.28492634824500784,58,1653
2014-06-17,0.19243857731963643,0.17741145852849285,0.16104773989883045,0.0762146332077037,0.28457326620888806,58,1653
2014-06-18,0.1882410678803473,0.17358494150003653,0.161047597250132,0.07247024669668876,0.2807765489509034,58,1653
2014-06-20,0.18937643063489076,0.1741412529413006,0.16196686418633424,0.07269576378411895,0.2821227458740047,58,1653
2014-06-23,0.18874742354723387,0.17532269191254685,0.16121761678268576,0.07315881701101416,0.28405183557396146,58,1653
2014-06-24,0.18746759492089313,0.17364554900244614,0.16058896149933483,0.07312106281736612,0.2826611395577224,58,1653
2014-06-25,0.18719267863880176,0.17282851155404286,0.1603726809746853,0.07305080853171707,0.28199495079384496,58,1653
2014-06-26,0.18804062637230307,0.1745740145314178,0.16069500176972973,0.07305946519230276,0.2834233652346819,58,1653
2014-06-27,0.18636275767460037,0.1739089961713189,0.15943783247949783,0.07306466970269222,0.2797038742225122,58,1653
2014-06-30,0.1870482483171957,0.17433861276681528,0.16014460844958464,0.07235546464146218,0.2817331245346454,58,1653
2014-07-01,0.18425888107501406,0.17175129767305072,0.16089726038823204,0.06764923222313281,0.27813523935846285,58,1653
2014-07-02,0.18182814246991957,0.16965034657857658,0.15946127462235982,0.0669167048156837,0.2737204815054722,58,1653
2014-07-03,0.18172526855735846,0.16920919585511887,0.15924247914975764,0.06684401830595077,0.2717539084297116,58,1653
2014-07-04,0.18193701145751046,0.16900179682684519,0.16092467894240506,0.065765991218024,0.27295586662004956,58,1653
2014-07-07,0.18250584138357612,0.16991044343204037,0.16129283287288243,0.06577642824021582,0.27337106814970613,58,1653
2014-07-08,0.18281416371597559,0.17086727598393395,0.16167079621649977,0.0650701648427759,0.2739141768578904,58,1653
2014-07-10,0.1837791391546496,0.1708832684823175,0.1616294420662392,0.0665418290897561,0.274325824944424,58,1653
2014-07-11,0.17777162619226952,0.16438041108633866,0.16166596749589526,0.059685553731680024,0.26739629479767574,58,1653
2014-07-14,0.17835320234541027,0.16712059118694056,0.16201044164140077,0.05964310813275794,0.26867908186137607,58,1653
2014-07-15,0.17930866812976154,0.16591266766874985,0.1620343447391163,0.059544296049709906,0.26941225505838395,58,1653
2014-07-16,0.17912418708815211,0.1671600850518914,0.16094796537874845,0.06014685241668833,0.2697261878378872,58,1653
2014-07-17,0.17929507584754356,0.16697417257554553,0.16069459302358627,0.06091812795202389,0.2713972639083084,58,1653
2014-07-18,0.17962157724518468,0.16594772369487962,0.1609821988598168,0.06115118062572468,0.2724993636828141,58,1653
2014-07-21,0.1768247922834073,0.1624497419299331,0.1599824222767909,0.06123708832770176,0.2663103127315721,58,1653
2014-07-22,0.1754472011842593,0.16185822358137586,0.16001662986638118,0.0575146399700814,0.2629579262572976,58,1653
2014-07-23,0.1752262433601169,0.16201657416818174,0.16014228356126764,0.058098289347395096,0.2651223545506156,58,1653
2014-07-24,0.17530599741674127,0.1601116468439767,0.16098801889512676,0.056265479749363696,0.26630206463883505,58,1653
2014-07-25,0.17550164652355926,0.1609965144313813,0.1605911871158766,0.05701605873894576,0.26713626741792257,58,1653
2014-07-28,0.17555454269048265,0.16104678650367396,0.161033986057246,0.057018955607929744,0.2660734477657829,58,1653
2014-07-29,0.17477843642232244,0.15930233007268824,0.1609977748357466,0.05525472775148903,0.2663439778942508,58,1653
2014-07-30,0.17340667558616682,0.15718814095682856,0.16083217926550888,0.054753818567069505,0.2637114837266244,58,1653
2014-07-31,0.17372883330367977,0.1582986245345408,0.16096007054068157,0.055323676846701496,0.26423119541017087,58,1653
2014-08-01,0.17449276757722598,0.15826522084745595,0.16031154893609567,0.05485190747293189,0.264984533381872,58,1653
2014-08-04,0.1735028694277477,0.15641375680095165,0.1600588510409689,0.054311358065186735,0.264183680682923,58,1653
2014-08-05,0.17473364698326774,0.15708565793908627,0.1613685851629587,0.056053109622364414,0.2649899818224856,58,1653
2014-08-06,0.17497763578204392,0.1581653505642382,0.16146510382892187,0.054099823109876995,0.2648666147618893,58,1653
2014-08-07,0.17401649647450204,0.1582516097823418,0.16154201951260624,0.05384188519727561,0.26404667834085305,58,1653
2014-08-08,0.17526361672124666,0.15920589531580376,0.16099019025157743,0.05432457077588168,0.2665977998545755,58,1653
2014-08-11,0.1747857569643153,0.1593146806007184,0.16095531218153736,0.05439330751248184,0.2651526507424317,58,1653
2014-08-12,0.1750527073850923,0.16123301028701773,0.16068252917903403,0.05495855767239038,0.26385981549895243,58,1653
2014-08-13,0.1749799722537369,0.1612246398472355,0.16058536606579618,0.05495030333033605,0.26314481217130375,58,1653
2014-08-14,0.17478885086737503,0.16068500305778496,0.1598834356006056,0.05442455490480584,0.26226650079629565,58,1653
2014-08-15,0.17467020551081086,0.16096706528387658,0.15974008774547208,0.05476666068144273,0.2618748073241289,58,1653
2014-08-18,0.17434381418341613,0.16192964418068007,0.15860992153531586,0.057102233692793276,0.25953471621663393,58,1653
2014-08-19,0.17338569241750867,0.15916453857216445,0.15843775529026075,0.05793353082478784,0.2603167967058162,58,1653
2014-08-20,0.17362375922331652,0.16013945147167072,0.15939442812973167,0.05570220542259723,0.26109889845674933,58,1653
2014-08-21,0.17367808512466282,0.1593529725146503,0.1598176826300246,0.05477994579546856,0.2611544382766471,58,1653
2014-08-22,0.17413217887839855,0.1595772304947091,0.1601116747674322,0.05372696795555958,0.26112098732981953,58,1653
2014-08-25,0.17460226478433297,0.1604274859383696,0.16058826234937282,0.053682528855798994,0.2620912319492247,58,1653
2014-08-26,0.17569130379964504,0.16192831608249808,0.16079693594442748,0.05433025927478167,0.264945724389268,58,1653
2014-08-27,0.17685229915774958,0.16037896378976765,0.1606597273325673,0.057438786853174134,0.2673909098218957,58,1653
2014-08-28,0.17582157300741744,0.1586443577888382,0.16095762237732975,0.057045536860456846,0.26614341580159684,58,1653
2014-08-29,0.176269382527419,0.16046593703077472,0.16197573218552047,0.05823657294920921,0.26445186810165083,58,1653
2014-09-01,0.17708946957182833,0.1605302919181635,0.16243386892106149,0.05690979533907461,0.2689507204836247,58,1653
2014-09-02,0.17639210356686744,0.1614071812206672,0.16232821284468593,0.056720733564885724,0.2700029032529163,58,1653
2014-09-03,0.17637220914567026,0.16047813667456062,0.16181679974738428,0.05627868715519403,0.2696027062264929,58,1653
2014-09-04,0.1741384749161732,0.1578715626205957,0.16135258119408824,0.05557702560371206,0.2650939088434667,58,1653
2014-09-05,0.17340220595457367,0.15782048896422857,0.162137206145095,0.054797737019653535,0.2658202536727809,58,1653
2014-09-08,0.17370239600396856,0.15893616849688474,0.16269519549919617,0.05374750549476053,0.26433311855216807,58,1653
2014-09-09,0.1765133567283503,0.1584071123608487,0.16352685337813302,0.05515303733236152,0.26942255998556025,58,1653
2014-09-10,0.17779837667208462,0.16038167892807423,0.16264667233057856,0.05594856301537055,0.2719258657326648,58,1653
2014-09-11,0.17766179522087636,0.1594637116935863,0.1626730367216501,0.057114370830035954,0.270796480677015,58,1653
2014-09-12,0.1774462684634994,0.15832048700962215,0.16238762938704673,0.05741599843879601,0.2711823965413455,58,1653
2014-09-15,0.1781515056822121,0.15819652906110385,0.1625578873710634,0.058031013667584536,0.27218436607126345,58,1653
2014-09-16,0.17903290766247926,0.1595384937623614,0.16215964137895864,0.05846219201979288,0.2712414645252265,58,1653
2014-09-17,0.17673765672663452,0.15596915204120737,0.16240453376811848,0.05645229724216013,0.2696679042734861,58,1653
2014-09-18,0.17622891354984346,0.1564424003662518,0.1621872821656453,0.05622902494333989,0.26932746092602744,58,1653
2014-09-19,0.17579801711443602,0.15682811675722963,0.162160780121877,0.05604759197247748,0.26817050447447804,58,1653
2014-09-22,0.17506247925806984,0.15501944811366894,0.1619800085076244,0.05618302427797436,0.2684362323680967,58,1653
2014-09-23,0.17786312817178027,0.1586154788756598,0.1626397563000764,0.05928162697972582,0.2722600328146129,58,1653
2014-09-24,0.17790041683026145,0.15754876093031878,0.16275616133491205,0.05850653879076461,0.2728196848049868,58,1653
2014-09-25,0.17776631390124864,0.1587897706207555,0.16263169290676316,0.0582616068092845,0.2732960367754587,58,1653
2014-09-26,0.1773459594978493,0.1578804843344431,0.16227351096964757,0.06042521635474083,0.27112136773264334,58,1653
2014-09-29,0.17658515207767891,0.1572307459539985,0.16227198880977084,0.05967138034806221,0.26735071544532407,58,1653
2014-09-30,0.1794302727301847,0.15831152376110144,0.162902038579029,0.06288429485965072,0.2713666724135279,58,1653
2014-10-01,0.178030668031749,0.15745479781047544,0.16243085927655065,0.06234692317078112,0.26649492289690346,58,1653
2014-10-02,0.17848397619578124,0.15778076743908073,0.16233197916123748,0.06365536822708831,0.2661848188273753,58,1653
2014-10-03,0.17806638072540998,0.1578501290649314,0.16270818416551983,0.06378305231932341,0.26684104149986587,58,1653
2014-10-06,0.1786301245907103,0.15977194031611255,0.16213695455520538,0.06358036349376879,0.26763322816133833,58,1653
2014-10-07,0.18184791600411296,0.1608427295214283,0.16581779078939243,0.06081906668153432,0.2711874612739617,58,1653
2014-10-08,0.18092825068161728,0.1613343016030874,0.16572482545373093,0.06142821685171749,0.26900697991177014,58,1653
2014-10-09,0.18043300062750903,0.15875386308222522,0.16548440421899413,0.06046881532837427,0.27036851106940907,58,1653
2014-10-10,0.17978784157684558,0.15901775415833574,0.16522087781327982,0.06005551529404122,0.2692642673511777,58,1653
2014-10-13,0.1834023913152464,0.16216327508354758,0.16665809854511107,0.0617418233040397,0.2757427357001031,58,1653
2014-10-14,0.18726079493891684,0.16245128038278178,0.16890074899163202,0.06296879560147528,0.28203182238523866,58,1653
2014-10-15,0.1866680864971182,0.1608176759464065,0.16872485628986714,0.06412767501266635,0.2806187535874113,58,1653
2014-10-16,0.18872173948244353,0.1637716957377244,0.16960967954082423,0.06513897767726666,0.28346820390075606,58,1653
2014-10-17,0.19107253444170924,0.16450344045722262,0.17085224935406604,0.06522556030627216,0.2875209371726933,58,1653
2014-10-20,0.19207123501617746,0.16706802693487674,0.1715060364268916,0.06735920652318239,0.2887216373198776,58,1653
2014-10-21,0.19206387245998446,0.16697202258778465,0.17193649725462068,0.06736130757271905,0.28918302638969035,58,1653
2014-10-22,0.1949978826422917,0.17126652392543476,0.17337357653827484,0.06810986262594196,0.29199715139583304,58,1653
2014-10-23,0.19477333148368636,0.17106585883099212,0.17301813355873807,0.06749497192156989,0.2913903077580512,58,1653
2014-10-24,0.19366443717844115,0.17134030655841817,0.17473094818385437,0.06750022445391156,0.2808075859599361,58,1653
2014-10-27,0.19712225408878536,0.17484187528820216,0.17536770017763886,0.06944497070731043,0.2891400558607924,58,1653
2014-10-28,0.19869223380386325,0.17694870724087916,0.17682826666195886,0.06704838036277277,0.29171618550261796,58,1653
2014-10-29,0.19966605153624975,0.17642649967737936,0.1779349872935196,0.06943780231011952,0.2924028339805016,58,1653
2014-10-30,0.20133473072996233,0.17900614577163354,0.17676324423866488,0.0708184529125366,0.2895576661539689,58,1653
2014-10-31,0.1992113499166234,0.17620359655673293,0.17624937086167183,0.07192119926149942,0.28518971345165933,58,1653
2014-11-03,0.20274200658945588,0.17911196783886885,0.1776657338021187,0.07162434672759548,0.29027628747030504,58,1653
2014-11-04,0.20286048722194835,0.18102393521680193,0.1775129578568791,0.07040604609503112,0.29143281991114195,58,1653
2014-11-05,0.20196195350284785,0.1783056610865966,0.17767877556283823,0.07109478158611711,0.2908512043749316,58,1653
2014-11-06,0.20209213081137542,0.17865687847519524,0.17806027046455952,0.0706887031812995,0.2896587573238514,58,1653
2014-11-07,0.2043749297000102,0.1791450423501474,0.17733536511553183,0.07319307631046301,0.2928202118104775,58,1653
2014-11-10,0.20449677220782422,0.1803546793690182,0.17743896816822863,0.07340940544293849,0.29277688223497317,58,1653
2014-11-11,0.20539755695891632,0.18191235326776142,0.17742757712910215,0.07234150947525425,0.29407033317800857,58,1653
2014-11-12,0.20500887866863043,0.18112516049213714,0.1776043503669769,0.07326138884588301,0.2928121924500341,58,1653
2014-11-13,0.205290339465662,0.1820247552481365,0.17737159616443962,0.07605664887635409,0.29269689908596985,58,1653
2014-11-14,0.20614489675415776,0.18156348780380827,0.17776800640939924,0.07605664887635409,0.2958437866638836,58,1653
2014-11-17,0.20556237438666378,0.1814235139862488,0.1769740963716593,0.07556040911333897,0.2955182246992642,58,1653
2014-11-18,0.20566833463048356,0.1810729194345464,0.1770728642896532,0.07436375695020675,0.295702764939955,58,1653
2014-11-19,0.20476827117918836,0.17898651638006327,0.17682141107196764,0.07528777210900349,0.29394126474315607,58,1653
2014-11-21,0.20438721391760972,0.17915519522967818,0.17770443099241373,0.07340464414581777,0.2938408289298034,58,1653
2014-11-24,0.21037278721669442,0.1826141472738819,0.18124525862219765,0.07434426820209238,0.309424456141995,58,1653
2014-11-25,0.20928747619705007,0.18135983776983813,0.18190187147274173,0.0748428846239947,0.3069071712827178,58,1653
2014-11-26,0.20829938029782769,0.1815997063080682,0.181312682177784,0.07358770254480482,0.30449129674398473,58,1653
2014-11-27,0.20703728156557155,0.18292740339909336,0.18073611780673524,0.07564813249825958,0.3017688850444855,58,1653
2014-11-28,0.20703934200474472,0.18339185132261712,0.18060371663326188,0.0758350127859335,0.2999514135082346,58,1653
2014-12-01,0.20644729141609736,0.18359875172720652,0.1803908612062418,0.07584234319936085,0.29924261352528964,58,1653
2014-12-02,0.21448693869404123,0.1905223153429822,0.18094714274205637,0.083631127286423,0.3107639403285545,58,1653
2014-12-03,0.21465567127310478,0.1900459625594945,0.1807553919795816,0.08223277259428519,0.31024418723642927,58,1653
2014-12-04,0.2149455414199538,0.18975129512091718,0.1808534416509295,0.08253115541470137,0.3102782061626879,58,1653
2014-12-05,0.21489603524487697,0.18972435293690162,0.18121512703431306,0.08283773886726166,0.311856653735714,58,1653
2014-12-08,0.21410444183419414,0.18943304904232855,0.18066025613718098,0.0819437295280264,0.3093842269444423,58,1653
2014-12-09,0.21555994693488303,0.189995413530014,0.18088025122165213,0.08124916612284906,0.313248690323769,58,1653
2014-12-10,0.21403839316343165,0.18834363976959734,0.18081637193792408,0.07999438344623917,0.3125904386602213,58,1653
2014-12-11,0.21481671812383596,0.18913191940254304,0.18039231524707094,0.08096999290083584,0.3112787044708721,58,1653
2014-12-12,0.2146579568265617,0.19013870039179392,0.18011679074357378,0.08224192659545518,0.3126214580226738,58,1653
2014-12-15,0.217690067616872,0.19306760463589634,0.1797040132527648,0.08700813314456263,0.3148607935980017,58,1653
2014-12-16,0.21787938843450486,0.1923848334225246,0.1785395934226377,0.08701925262076339,0.3146268743899445,58,1653
2014-12-17,0.21650825131997842,0.19110579069741027,0.17882823115449742,0.0887131753490029,0.31018327358271286,58,1653
2014-12-18,0.21986432191515018,0.1920030711741121,0.1783795321158306,0.09494339610331437,0.3156778291365554,58,1653
2014-12-19,0.21935844710400998,0.1916380262556868,0.17804514376964825,0.09505983575353207,0.3134098787931795,58,1653
2014-12-22,0.22013070719817357,0.19244002594959803,0.17903247131963404,0.09354810729073923,0.3164539345254567,58,1653
2014-12-23,0.21981853153265082,0.19230385541717798,0.17876754212050988,0.09415616060053521,0.31560675995275816,58,1653
2014-12-26,0.22057957126037947,0.19277724741664515,0.1787344151649822,0.09528957184791803,0.3153612699364956,58,1653
2014-12-29,0.22052455714143301,0.19238988530314508,0.17809695552702293,0.09591531555765061,0.31469587908743807,58,1653
2014-12-30,0.2196694501120002,0.1916095368571666,0.1780284130269714,0.09750095230720053,0.3132319068576003,58,1653
2015-01-02,0.2196308984563571,0.19153903100949685,0.17851196432255176,0.09517800225167485,0.31374261991305896,58,1653
2015-01-05,0.22222951390407575,0.1948396053135869,0.17870649976597933,0.09977704674788189,0.3185576079008743,58,1653
2015-01-06,0.2244119029464807,0.19967010389970125,0.1777958975225125,0.10179462426866696,0.3195620939420908,58,1653
2015-01-07,0.22394775945561804,0.19794602424327626,0.17828823763056115,0.09782086037537155,0.3193445524784748,58,1653
2015-01-08,0.2251043855496106,0.20070462493592583,0.18087731569585241,0.09407592122009581,0.3256999727554304,58,1653
2015-01-09,0.22305796189584412,0.20015103281903376,0.18010000258305772,0.094058997053159,0.3211784777087832,58,1653
2015-01-12,0.22330373422522465,0.19996683927093628,0.18160739394559666,0.0935349732393112,0.3215194371808129,58,1653
2015-01-13,0.22357849457843335,0.1998943711982659,0.181292369713954,0.09321506536835748,0.3229807745546348,58,1653
2015-01-14,0.22259494659837895,0.2005960346292977,0.1812335185280139,0.09238092160875543,0.32074142275618356,58,1653
2015-01-15,0.2217695047777046,0.1995870342265721,0.18146187803806338,0.09287534967239332,0.31761600322828576,58,1653
2015-01-16,0.2188051892893424,0.19553348939793874,0.18126592396526306,0.08878404336266413,0.31434729479716217,58,1653
2015-01-19,0.2201175290326206,0.1956308478743551,0.18123110927873412,0.09005942679285545,0.3158454248536458,58,1653
2015-01-20,0.2221448709146667,0.19580395903421088,0.18250640514230151,0.09024781338504202,0.32266553519528923,58,1653
2015-01-21,0.2215919432274632,0.19458930008365086,0.18215731282847186,0.08953797411401825,0.321091403018985,58,1653
2015-01-22,0.2217792573381255,0.19458799821433,0.18198322129803074,0.09073051246270349,0.3213001298973832,58,1653
2015-01-23,0.221520620196958,0.1947248803014163,0.1814462389690514,0.09004328654948306,0.3217225784448955,58,1653
2015-01-26,0.22207913383132244,0.1970365246913364,0.1817576966690004,0.09147586304849303,0.32304063101647185,58,1653
2015-01-27,0.22142049144211137,0.19662421132305397,0.18161812707177877,0.09111525202333291,0.3206198642879916,58,1653
2015-01-28,0.22091447250010135,0.1951262299991073,0.18177386124261471,0.09028941175475323,0.3212159486183174,58,1653
2015-01-29,0.21967767468127308,0.19619716248602706,0.181700950090869,0.08994929022535318,0.32027648843957934,58,1653
2015-01-30,0.2182674009588053,0.19490349752369698,0.18092390841629344,0.08990660274475601,0.31702401338595815,58,1653
2015-02-02,0.21776989722612727,0.19404846791998215,0.18151386368946318,0.08912684027227415,0.31640885513534045,58,1653
2015-02-03,0.21891665016623318,0.1939880630396333,0.1813712788591166,0.09054649826911366,0.3177113804753822,58,1653
2015-02-04,0.21891658345489315,0.19244817227670427,0.1803614023189644,0.09251924348729036,0.3181052801138568,58,1653
2015-02-05,0.21807066478792703,0.19219132673357744,0.18014625221954947,0.09257868977950469,0.31817845107370046,58,1653
2015-02-06,0.21765694276689412,0.1911141154803868,0.18000494821614257,0.09178156808166277,0.3177345368916605,58,1653
2015-02-09,0.21744723279118117,0.19121346131164899,0.17967304903505504,0.09150645800192858,0.316058008300577,58,1653
2015-02-10,0.214628511596174,0.18886541130324533,0.1785940405458672,0.08840642296319282,0.3102741775455773,58,1653
2015-02-11,0.21498336860272677,0.1889873279280631,0.1790894367576073,0.08935241981638296,0.3112274311577346,58,1653
2015-02-12,0.21399213324487906,0.18810326639815225,0.17902824870861817,0.08835454193951947,0.30991050251895763,58,1653
2015-02-13,0.21459500367663142,0.18879396684393385,0.17804840461454782,0.09092577794834544,0.3075582615526367,58,1653
2015-02-18,0.21561699223621925,0.19112122426426936,0.1783885825953321,0.09206822528485034,0.3109401429467563,58,1653
2015-02-19,0.2159688063052965,0.19040229665478925,0.17822482046417734,0.09193534463265966,0.3107609202690742,58,1653
2015-02-20,0.21506088788490396,0.1868993192756465,0.17804571583384743,0.09212340094473982,0.3087355422527652,58,1653
2015-02-23,0.21495434498385435,0.18765992067374584,0.17805333532788384,0.0915378291158884,0.30731553782032256,58,1653
2015-02-24,0.21502194798121518,0.1878076463560048,0.17828287780561564,0.09048380486136214,0.3066949971906197,58,1653
2015-02-25,0.2153175359661437,0.18936824815821518,0.17841763386673187,0.09085616052910538,0.3075010155908536,58,1653
2015-02-26,0.21336887828261047,0.18826160484141338,0.17884808239770553,0.08771390269315829,0.30321910087989673,58,1653
2015-02-27,0.21161915809967513,0.18769316493149835,0.17849556991506704,0.08806064566175593,0.3002644972765722,58,1653
2015-03-02,0.21091921856783705,0.18578419137279384,0.17830975420640605,0.08704674780271009,0.3003328373846431,58,1653
2015-03-03,0.2110495258809429,0.18747089057146682,0.17833502714797222,0.0858863123746374,0.2998598219853055,58,1653
2015-03-04,0.21087119403496227,0.1839782609352265,0.17871574999481055,0.08605436223912218,0.3000334282949318,58,1653
2015-03-05,0.21060172920345166,0.18342761988439416,0.1793967756545606,0.08307914092549122,0.30014197165915113,58,1653
2015-03-06,0.20959793194618503,0.18257618607221296,0.17885923048976393,0.08334787175514696,0.2985002832532837,58,1653
2015-03-09,0.20947580171775831,0.18224865405711407,0.1791124490009843,0.08249042572641146,0.29788409896802576,58,1653
2015-03-10,0.2077231773900693,0.17964704790637454,0.17909040675653312,0.0814187965782334,0.2944317194604558,58,1653
2015-03-11,0.20771425914063252,0.17806266594207565,0.17881516369269349,0.08272851039951619,0.29366599001787946,58,1653
2015-03-12,0.20562522975950154,0.17688375820430857,0.17928886174719727,0.08163567238003964,0.29286247115898445,58,1653
2015-03-13,0.20510466203420677,0.17935141263493284,0.17969172213094806,0.07984268361051243,0.2936113564829739,58,1653
2015-03-16,0.20174567763298124,0.17336223914421642,0.17948293674162555,0.07823244379014718,0.2888980821883824,58,1653
2015-03-17,0.19925595374375163,0.17024020037358256,0.17966786795188722,0.07459028910008822,0.2861678300841957,58,1653
2015-03-18,0.20035661997079485,0.17201504890824448,0.18013303236525413,0.07402900575512145,0.288571163708905,58,1653
2015-03-19,0.20224025413511793,0.17386593568545616,0.1797396653034131,0.07561664284882802,0.28854413691732317,58,1653
2015-03-20,0.20195958306926567,0.17272460087137687,0.18006806786324814,0.07493458866943095,0.2901888196120308,58,1653
2015-03-23,0.2054045840290178,0.17796154172025652,0.17948359000043623,0.0787017503720228,0.29646355942241875,58,1653
2015-03-24,0.20505942300545424,0.1768369984221038,0.17944995246700976,0.07831252058913421,0.295277500132779,58,1653
2015-03-25,0.20264337397684817,0.1739312541797686,0.179339256028142,0.0758479839597393,0.2934486238275315,58,1653
2015-03-26,0.20270945595452264,0.17442048669186874,0.17946866770134853,0.07536891433350358,0.2937039436344052,58,1653
2015-03-27,0.20386162488196924,0.17368673875188437,0.1803164191981303,0.07472086171712797,0.2962632377178445,58,1653
2015-03-30,0.20459719876226562,0.17538692014238963,0.17990753588027086,0.07744000309672527,0.2957737933414842,58,1653
2015-03-31,0.2055209540013004,0.17603762763068784,0.17991036815903422,0.07796987564870711,0.29748024295121317,58,1653
2015-04-01,0.20529470111374046,0.1758461028075675,0.17984182121010264,0.07894727250015153,0.29627819866772065,58,1653
2015-04-02,0.20601677296195514,0.17431800159128738,0.18011373714075013,0.07894913723295864,0.2963816915795517,58,1653
2015-04-06,0.20374467102151755,0.17415896341133502,0.17984060540762611,0.07518238454226292,0.2963542365094243,58,1653
2015-04-07,0.20419531732926452,0.17351148598297111,0.17970433683517092,0.076390392808556,0.29734824860268255,58,1653
2015-04-08,0.2034966716160603,0.1727275534079386,0.1793354257515698,0.07592125245775108,0.2961629575031481,58,1653
2015-04-09,0.20375113341343928,0.17199933138204299,0.17953001082889714,0.07606352902308715,0.2969125912403615,58,1653
2015-04-10,0.2014278497125134,0.16830787439869427,0.17837937799358727,0.07428073124514523,0.2899907183693247,58,1653
2015-04-13,0.20133316458681585,0.1683755002740076,0.1785326037059781,0.07376829228738155,0.29074308904512725,58,1653
2015-04-14,0.20120633026835527,0.1686518033115119,0.17841127567296497,0.0740103321049888,0.28986396356926286,58,1653
2015-04-15,0.20100729457431638,0.16796189432744021,0.1784961474186732,0.07487705097774304,0.28839081218624457,58,1653
2015-04-16,0.20193351949261415,0.17014373669237895,0.17881506600808159,0.07508850903092094,0.28956878373803546,58,1653
2015-04-17,0.20106150940782408,0.16975758832699667,0.1789757493086529,0.07500361961629966,0.28901263919673276,58,1653
2015-04-20,0.2012867104703095,0.170087448536547,0.17912346923231778,0.07564141149473391,0.28987763509082776,58,1653
2015-04-22,0.20144410720794428,0.168853259876223,0.1793733666356999,0.0753976425801812,0.29155848416749847,58,1653
2015-04-23,0.20262657685597218,0.1689915425873108,0.17875353522703494,0.07877224354941093,0.29221602218748777,58,1653
2015-04-24,0.2033227930047834,0.17164311024263207,0.17864571692190068,0.07855364263540446,0.29078637979298155,58,1653
2015-04-27,0.2027223485769732,0.171096999818619,0.17841606879133803,0.07622706636104339,0.2913112416386569,58,1653
2015-04-28,0.20118191847321848,0.16949045539699747,0.17803226386552082,0.07531867341366495,0.287649538926994,58,1653
2015-04-29,0.2008791164121667,0.17012101439240973,0.17784794105740243,0.07468444181962146,0.2872004095627347,58,1653
2015-04-30,0.20053284304364516,0.16965470221962323,0.17806209131670483,0.07269190607475674,0.2888465429184053,58,1653
2015-05-04,0.20023326656712512,0.16989776886723695,0.1774606841582048,0.07401383202924884,0.2874001767621047,58,1653
2015-05-05,0.2013418517017766,0.17232510539856996,0.1772038603183018,0.07409691389643672,0.2915983896283616,58,1653
2015-05-06,0.20088128183729675,0.1719987785625416,0.17663866140881493,0.07350018122507583,0.29083510848112637,58,1653
2015-05-07,0.2010717413219785,0.17204473398429684,0.17605602844878315,0.0759828307011495,0.28937471229010825,58,1653
2015-05-08,0.2006137845403569,0.17030513961385993,0.1760524199910153,0.07453170123618115,0.29021988149134414,58,1653
2015-05-11,0.19886344218825808,0.16782265481487618,0.17549542508412427,0.07557355128165524,0.28579962153807137,58,1653
2015-05-12,0.1985953780800208,0.1678987512956844,0.17573624508894128,0.07617815765225797,0.2853618101408681,58,1653
2015-05-13,0.1984478708373554,0.16787110821313198,0.1759274090581344,0.07520184132899503,0.285843179169764,58,1653
2015-05-14,0.19984527664376048,0.16836366418406756,0.1754307284426027,0.07690334105703044,0.285446292849595,58,1653
2015-05-15,0.19932741471856114,0.16804540330372017,0.1749253693898503,0.07746548263104677,0.2873578064417911,58,1653
2015-05-18,0.19917926221585694,0.16839664507545787,0.17489199745655276,0.07742298080560635,0.2880458472270792,58,1653
2015-05-19,0.20017062652727113,0.16842748671505994,0.17456467236671203,0.0783321383753513,0.2893265499907237,58,1653
2015-05-20,0.19988794517968111,0.16754374280716555,0.17462955104648614,0.07829900649065875,0.2895264269185349,58,1653
2015-05-21,0.19951804105582346,0.16634253567417195,0.17475744833387688,0.07780374374036114,0.2873885464422421,58,1653
2015-05-22,0.198747698248738,0.1649319070253408,0.17464553889920506,0.0762241249008771,0.2853173808764241,58,1653
2015-05-25,0.19840156536575143,0.16419813101331193,0.17463106299679412,0.07611101788467474,0.2855410205983949,58,1653
2015-05-26,0.1980391059740539,0.16282062902839886,0.17450291233485254,0.07537203648144124,0.284561866537187,58,1653
2015-05-27,0.19875046080535605,0.16416503856643413,0.1740691825603767,0.07629764768635573,0.2840135713753713,58,1653
2015-05-28,0.19946051493888542,0.16521186280181666,0.17420677467388881,0.07721315700192004,0.28455667594047107,58,1653
2015-05-29,0.1993864286682469,0.16576299703545172,0.17429121325513616,0.07745052965563777,0.28463931491396977,58,1653
2015-06-01,0.1998971465080678,0.16420827080340006,0.17424125949509967,0.07763003041231824,0.2845083518688028,58,1653
2015-06-02,0.1993213692563098,0.16344771715639922,0.174212903302216,0.07738976072456888,0.2838407299781265,58,1653
2015-06-03,0.19978923843294993,0.16496753818046278,0.1740618851452525,0.07806857744144298,0.28545652283313877,58,1653
2015-06-05,0.19956950699527745,0.16495063847930067,0.17395771874365742,0.07795314702960164,0.2849719012835788,58,1653
2015-06-08,0.20037386675596347,0.1651063311248678,0.17394855049106522,0.079064024362688,0.28676975111232833,58,1653
2015-06-09,0.1999597624243558,0.16497285501551667,0.1735030972503713,0.07908217423035183,0.28592034630551755,58,1653
2015-06-10,0.1996294584320176,0.1642359737597172,0.17333473609637198,0.07779943712359717,0.2857055112714764,58,1653
2015-06-11,0.19954710343305432,0.16418091008263674,0.17316755165191117,0.07862070456860061,0.2855382569563394,58,1653
2015-06-12,0.19930833478075227,0.164701965775438,0.17298567553511116,0.07831545919776249,0.2835481412265565,58,1653
2015-06-15,0.19941421658483552,0.1644436386032058,0.1730600945049688,0.07880595693549179,0.28274595157897575,58,1653
2015-06-16,0.19874972294940263,0.1631071285765614,0.17222316112334674,0.0787279175908797,0.28114988042237665,58,1653
2015-06-17,0.1972780166170066,0.16144091825104656,0.1722089809951798,0.07621422697916345,0.2807949590416654,58,1653
2015-06-18,0.19752716452073044,0.1620641601421505,0.1720705583576392,0.07746024252808083,0.28120811526437184,58,1653
2015-06-19,0.19834967922621785,0.16414925751392995,0.1719447818780705,0.07715185278405777,0.28212483812988887,58,1653
2015-06-22,0.1986974809490218,0.16465307224604706,0.17154987687474185,0.0791412506964614,0.2819203475448725,58,1653
2015-06-23,0.19860711004406695,0.16437987584352032,0.17143943798613634,0.07886536326902631,0.2818515642042691,58,1653
2015-06-24,0.19830671819912607,0.16459287701433734,0.17155306555372316,0.07831434013089988,0.2822822761598525,58,1653
2015-06-25,0.1976151621923488,0.1641497779657204,0.17061450930552918,0.0793784296096814,0.28356689989146056,58,1653
2015-06-26,0.19722033601197045,0.16391935441852895,0.17119162586796333,0.07741517316916904,0.2843380109716474,58,1653
2015-06-29,0.19739008771402045,0.16435105279084578,0.17140380154790189,0.0771436829623188,0.28417177565361124,58,1653
2015-06-30,0.19772163790203137,0.1637079565516315,0.17151209740471643,0.07772513885517097,0.2850055562778772,58,1653
2015-07-01,0.1970493963525252,0.163105533888065,0.17141307228250094,0.07659280518498271,0.28252635864384057,58,1653
2015-07-02,0.1969159616276643,0.1634442884259365,0.1714147393423411,0.07573491539579665,0.2816308403612879,58,1653
2015-07-03,0.19653740563560373,0.16325896897935563,0.17127225669544563,0.07560075165787912,0.2815481342277044,58,1653
2015-07-06,0.19614070793509816,0.16284765505968812,0.1711832506534721,0.07595126826449387,0.28246558684019873,58,1653
2015-07-07,0.19590377911732562,0.16285631691017846,0.1712311839398234,0.07380455422197453,0.2820618787105772,58,1653
2015-07-08,0.19601047329741642,0.1636120340953805,0.17080262959457576,0.07434379395536245,0.28364060345656655,58,1653
2015-07-10,0.1958646019048591,0.16343375042391656,0.17047479984102246,0.07583417053631883,0.28245072737205756,58,1653
2015-07-13,0.19550268919320452,0.16199910770346268,0.17038133742835984,0.07617262289497417,0.2803905147528778,58,1653
2015-07-14,0.19537896399989532,0.1609471450793377,0.1706548026891886,0.0760410949943439,0.2793134618721123,58,1653
2015-07-15,0.19435614333824516,0.15995138728505992,0.170695147843042,0.07546666596826146,0.27799414841262815,58,1653
2015-07-16,0.19416275085137105,0.1609471450793377,0.1705221364271746,0.07562593222089184,0.2782022971059234,58,1653
2015-07-17,0.1938599223586819,0.1609471450793377,0.17031529909990528,0.07500019023566155,0.2778315314266853,58,1653
2015-07-20,0.19377376584058698,0.16224709694426032,0.17037525728562852,0.07493954218280931,0.2770797459850359,58,1653
2015-07-21,0.1950775423572815,0.16237781515291008,0.1697628987869364,0.0767983971629795,0.2787352413556229,58,1653
2015-07-22,0.19485414094145526,0.16282383247387147,0.16973899523214053,0.07696014287961025,0.2799704430555317,58,1653
2015-07-23,0.19468249458952766,0.1633318512170968,0.16969937808294924,0.07679706715324977,0.27986225795999925,58,1653
2015-07-24,0.19396699930137512,0.1620906445718793,0.16942938134891714,0.07683978383507929,0.277358012105277,58,1653
2015-07-27,0.19454036292137633,0.16290342677245329,0.16912545543474944,0.07694134252124352,0.27764515972282705,58,1653
2015-07-28,0.1944764812283173,0.1629111733617892,0.16871326439479994,0.07846783839437037,0.27562933875553264,58,1653
2015-07-29,0.19504007419317826,0.1640899186961234,0.16874314384043368,0.07839765312340916,0.275765625636973,58,1653
2015-07-30,0.19469532638654313,0.16420740061231143,0.16858242425786454,0.07904538217817442,0.27466385438756247,58,1653
2015-07-31,0.19434896849877292,0.16323899415693383,0.16838312423408086,0.07967454266096231,0.2746281490224791,58,1653
2015-08-03,0.1956450328254082,0.16567754149928748,0.16822816904747,0.08094820888635662,0.2751953834488344,58,1653
2015-08-04,0.19550056599135265,0.16568623280916125,0.16789559466935078,0.08175264026324373,0.2741644784548666,58,1653
2015-08-05,0.19498949657186057,0.16484667437147152,0.16747959992546574,0.08244709400053382,0.2725612460012299,58,1653
2015-08-06,0.19375106633728595,0.16232058987342862,0.16781170283701152,0.07936495457029862,0.2706793647718578,58,1653
2015-08-07,0.19371178358379737,0.16209522918314598,0.16787504555124966,0.07948217709060083,0.27242709484907207,58,1653
2015-08-10,0.1946385840545917,0.16249471453882103,0.16790758446442816,0.08132413217076177,0.2725906134312328,58,1653
2015-08-11,0.19426161014736615,0.1620755760004076,0.16794776876828904,0.08134642103336757,0.2710586704502649,58,1653
2015-08-12,0.19432596955840192,0.16196557091318706,0.16798027963418977,0.08123434770117158,0.2717349725179411,58,1653
2015-08-13,0.19390519386010172,0.16126518108958948,0.16791422425692423,0.08067964804310432,0.272777558012257,58,1653
2015-08-14,0.1938141629581888,0.16142585265200074,0.16808115251719205,0.08013259123521525,0.27190647643008764,58,1653
2015-08-17,0.19322251850577807,0.1597870480246849,0.16804163253057186,0.08022825423907551,0.2703218493798483,58,1653
2015-08-18,0.19318264038609864,0.1603963253242701,0.1679701939636294,0.08006786197555152,0.2699933514775625,58,1653
2015-08-19,0.1929652573426885,0.158370479354182,0.16773327574933647,0.08111877173806462,0.2713997996898222,58,1653
2015-08-20,0.1946816187730021,0.16052107127844342,0.1672519014490772,0.08254650779139092,0.27150710354016416,58,1653
2015-08-21,0.19362969455796353,0.16242993209648313,0.16703486341006568,0.08033337467818838,0.26977558066118235,58,1653
2015-08-24,0.19536948408289015,0.1629926673301812,0.1667414943030325,0.08359527804508973,0.2735907380616977,58,1653
2015-08-25,0.20079495918327972,0.16911628071534326,0.16522355999838953,0.09024634728301748,0.2768595385655466,58,1653
2015-08-26,0.20008821961030293,0.16862445323861938,0.1650014105283799,0.08997604019773617,0.2772200229295524,58,1653
2015-08-27,0.2029207043752363,0.17139176845679674,0.16501513465112086,0.09152367340693557,0.28031610963654596,58,1653
2015-08-28,0.20911002600953543,0.17845524355546685,0.1655226284475625,0.09737798420002418,0.28934674938996185,58,1653
2015-08-31,0.2091932630271916,0.1786807630228862,0.16539985934821172,0.09706934135062507,0.2887013217499255,58,1653
2015-09-01,0.20863142999418272,0.17768898097726962,0.16557242117257825,0.09536823256504762,0.28679766072267976,58,1653
2015-09-02,0.20772777036955517,0.17650149163405252,0.16499195157297183,0.09478848675448423,0.2850581372963699,58,1653
2015-09-03,0.2082223033894406,0.17801734232873717,0.16489266583543596,0.09493407796290378,0.28467778862555837,58,1653
2015-09-04,0.20864482280132418,0.1778787574166748,0.16514753833873252,0.09582307384498914,0.286442398872583,58,1653
2015-09-08,0.20821840857243196,0.17820924538844432,0.1652236396403657,0.09218432063625508,0.2868883693336693,58,1653
2015-09-09,0.20727096700297098,0.17545727571401187,0.16513234369139732,0.09456227001942241,0.2855687384764482,58,1653
2015-09-10,0.20729171815235792,0.17627322321298453,0.16500316696874334,0.09526945217947855,0.28530628143608805,58,1653
2015-09-11,0.2071071729472975,0.17629375907058067,0.16466984533039275,0.09426788125007961,0.28560033860821565,58,1653
2015-09-14,0.20640922162528264,0.1765933318907646,0.16422950814234896,0.09449010258852884,0.2853405967276757,58,1653
2015-09-15,0.20432711095180664,0.17372752311830345,0.16394573525994585,0.09364445773361459,0.2798796697314331,58,1653
2015-09-16,0.20368182918939393,0.17263663245150804,0.16367502102362583,0.09513126454885827,0.2782426723041361,58,1653
2015-09-17,0.20577020313526642,0.174818604942076,0.16370321636554716,0.09695878413404818,0.28168465438823415,58,1653
2015-09-18,0.20529679874458315,0.17400116688898115,0.16360239866685836,0.0974399643268037,0.28075300102329276,58,1653
2015-09-21,0.2058698667952877,0.1737302244709585,0.1636449742175853,0.09821606988210795,0.2802446891339439,58,1653
2015-09-22,0.20513459079564267,0.17320969332716776,0.16375486868689365,0.09712220945469045,0.28011743955976703,58,1653
2015-09-23,0.20557558009678484,0.172892723264907,0.1628804785093101,0.09773808560155474,0.2804865159155801,58,1653
2015-09-24,0.2054037585288021,0.1729674702657501,0.16340450570468856,0.09755591157626674,0.27973035351732867,58,1653
2015-09-25,0.20531261026366063,0.17310703409128392,0.16301701559358142,0.09892215477911008,0.27962743748922014,58,1653
2015-09-28,0.20495544878298938,0.17283108080132045,0.16324210475656573,0.09770925620893724,0.27898888744582556,58,1653
2015-09-29,0.2041076416906201,0.17103193944531034,0.16355449222812818,0.09598361106223832,0.2805037832438506,58,1653
2015-09-30,0.20359091997878323,0.17049990214300265,0.163470587366032,0.09670204392574726,0.2799080779762237,58,1653
2015-10-01,0.20347188646946113,0.17099835104856295,0.16357495173920172,0.09568913759843362,0.27785540138297504,58,1653
2015-10-02,0.20312517653976778,0.1702485591769692,0.1633869212104949,0.09587747186748091,0.2788683926761847,58,1653
2015-10-05,0.20556996134464148,0.17156582241824056,0.16381255771833467,0.09762830413201551,0.280338074632914,58,1653
2015-10-06,0.20572969677319777,0.17156895724405818,0.1626169979237682,0.09919225378003327,0.27955351065338746,58,1653
2015-10-07,0.20655271185864948,0.1722877288589814,0.16271416569513916,0.10005758935947696,0.28028035330539675,58,1653
2015-10-08,0.20934289037310008,0.17740680695537736,0.16226793300753506,0.10196396062821926,0.28562051936116345,58,1653
2015-10-09,0.2094483316500275,0.17744791145551367,0.16206703653543342,0.10295804226795414,0.2864124252257849,58,1653
2015-10-13,0.2081789361536117,0.1759076740619898,0.16192754115719213,0.10085218159126674,0.2832561163189545,58,1653
2015-10-14,0.20753553149732862,0.17684154105619612,0.16037374385313263,0.10221768145322528,0.28085865788619535,58,1653
2015-10-15,0.20831888583944536,0.17661134284224178,0.1602904053998389,0.10250058701039846,0.28163869834705507,58,1653
2015-10-16,0.2082184868090521,0.17641707495503967,0.16045303050676002,0.10307560811359877,0.2804170706688871,58,1653
2015-10-19,0.20809300309967607,0.1774441037431675,0.16051750147796656,0.10204389623002336,0.2808639885062745,58,1653
2015-10-20,0.2062558113224015,0.17519942554456144,0.16023635019739263,0.10216268255543529,0.2779357937409999,58,1653
2015-10-21,0.20307361715120084,0.171653068822739,0.15924559293897753,0.10039899220204888,0.2750108733534556,58,1653
2015-10-22,0.20305911752260955,0.17210685108628967,0.1594327577592317,0.10137420986344957,0.2739449556419236,58,1653
2015-10-23,0.20248282436142148,0.17094765784551338,0.15916049588639622,0.10024071990357722,0.27225649553824777,58,1653
2015-10-26,0.2008039636229,0.17083026644797492,0.15855414049569694,0.09840712117433392,0.27150692785650193,58,1653
2015-10-27,0.19992364439676918,0.16856238928061495,0.15836034295460666,0.09829308467750206,0.2708524053162679,58,1653
2015-10-28,0.19963642540364598,0.16854571939372381,0.15811170026702578,0.09797830946283326,0.27027281781625784,58,1653
2015-10-29,0.19728802918750074,0.16807751161116816,0.156793185806704,0.0966980342468126,0.2678870507971264,58,1653
2015-10-30,0.1981589723883942,0.1685953742408948,0.15692650880715822,0.09692906293171688,0.26947003323959595,58,1653
2015-11-03,0.19875617178386779,0.1700482868627173,0.15536680030564276,0.09778570074535708,0.2693278137527936,58,1653
2015-11-04,0.19968599957193756,0.1704746697407624,0.1563820399796655,0.09715299827126561,0.26870756146444613,58,1653
2015-11-05,0.19822856865914473,0.1692618754242337,0.1554179120868538,0.09790768423350059,0.2657553658276227,58,1653
2015-11-06,0.1966969832449101,0.16774908285693135,0.15468746180701587,0.09729634544286146,0.2629781308234956,58,1653
2015-11-09,0.1961009139183102,0.1680249572496035,0.15552493494386846,0.09497382579415166,0.2641412216320527,58,1653
2015-11-10,0.1972032461560177,0.1679337930867827,0.15633234103440918,0.09642805925652365,0.26688525593495516,58,1653
2015-11-11,0.1944341153955068,0.16457759999922758,0.15577847943059242,0.09503230893028371,0.26223022653290506,58,1653
2015-11-12,0.19476393209362663,0.16573263393547755,0.15592578506919574,0.0949460923499042,0.2647230265336115,58,1653
2015-11-13,0.19454279655298157,0.16644105107259582,0.15571922992699455,0.09573164551255314,0.2641905239632897,58,1653
2015-11-16,0.19444037201506917,0.1653531676871511,0.15548925584526674,0.09594601262294934,0.2640937387862418,58,1653
2015-11-17,0.19288623387479695,0.1636881938218414,0.1554788525403257,0.09408347588806994,0.2639234733071954,58,1653
2015-11-18,0.19189322934945893,0.16268705464255748,0.15483348050570517,0.09240165931747546,0.2637032921712169,58,1653
2015-11-19,0.19144051259926617,0.16202034901683263,0.15463644608890922,0.09193312384087891,0.2625334311042722,58,1653
2015-11-23,0.1909199204839196,0.16187185397640536,0.1547147527237922,0.09061131676121027,0.2654497055904447,58,1653
2015-11-24,0.19034766147983917,0.16175006583819845,0.15466816513491974,0.08981477277976128,0.2658281227390418,58,1653
2015-11-25,0.1893740667500356,0.16018766650743857,0.15423676430854905,0.08968429973881999,0.2620282118601854,58,1653
2015-11-26,0.18943037789280884,0.16013448052683135,0.15504304237689678,0.08855461664410645,0.2612101088744482,58,1653
2015-11-27,0.18921874368973862,0.16040380918894823,0.154964602444126,0.08946430808097977,0.26319789772215946,58,1653
2015-11-30,0.1899199006293369,0.15951039431496997,0.15574046342388786,0.0879572585752234,0.26412177708294415,58,1653
2015-12-01,0.18978318179254683,0.16059106087038022,0.1559673715396507,0.08596858964061324,0.26497741037266836,58,1653
2015-12-02,0.18549663114344322,0.15736161831936163,0.15303306466031305,0.086566546443187,0.2594209294637425,58,1653
2015-12-03,0.18533840926599793,0.15795852143976202,0.15269608855428732,0.08706879776488777,0.25848092864602845,58,1653
2015-12-04,0.18617710683400113,0.16005872142939265,0.15315655393433145,0.08728055597717381,0.259178500209744,58,1653
2015-12-07,0.18813733738868021,0.16051134269721498,0.15390713733405537,0.0879342190890417,0.26178212374199483,58,1653
2015-12-08,0.18779123298905695,0.15979370440479732,0.15368530230831348,0.08683459455956076,0.2618123377654998,58,1653
2015-12-09,0.1893107195984703,0.16116333340489009,0.15367880232971395,0.08759928803104648,0.2620385350248067,58,1653
2015-12-10,0.1850671243227466,0.154538066853802,0.15420269235501732,0.0832873310315248,0.25675177751450895,58,1653
2015-12-11,0.18514244285434464,0.15545694979201305,0.1539265428308979,0.08530437859938583,0.25634245357174124,58,1653
2015-12-14,0.18515981011915683,0.15519121863321444,0.15366166041494714,0.08582125007021968,0.2566956335539211,58,1653
2015-12-15,0.18544514341138213,0.1562372146404962,0.15365726787320458,0.08575856155885983,0.2568350948775257,58,1653
2015-12-16,0.18530904171555596,0.15580186954128897,0.15378906126493805,0.08440619783602488,0.2576575034907208,58,1653
2015-12-17,0.18383702265029767,0.15489110742483653,0.15333678937301146,0.08273588306424912,0.2554117943368199,58,1653
2015-12-18,0.18401856440982148,0.1553231070589777,0.1533043257837816,0.08277351425276604,0.25499096142658856,58,1653
2015-12-21,0.18392771610076483,0.15428118134661853,0.15391681456674366,0.08235903814153847,0.25599321954191545,58,1653
2015-12-22,0.18430693832809855,0.15628707346641965,0.1542310978658911,0.08235903814153847,0.25622294456078715,58,1653
2015-12-23,0.18229786644824805,0.15394549972551072,0.15429425420806606,0.0784460025426286,0.25331913990332294,58,1653
2015-12-28,0.18276202766195013,0.1536035290520652,0.1547038128730784,0.07865552071026646,0.2546878696790232,58,1653
2015-12-29,0.18338017051582367,0.15423789166735363,0.15422503896212822,0.07944972527169157,0.2572441328460601,58,1653
2015-12-30,0.18076565187857135,0.15221255763353536,0.15300654286976964,0.07864040919847456,0.25031007793071736,58,1653
2016-01-04,0.1803199016043683,0.15265868243142885,0.15295721797711623,0.07819039562200085,0.2501356155253879,58,1653
2016-01-05,0.1837504134602948,0.15718302237312254,0.15158333413131328,0.08443509651860771,0.254592419383261,58,1653
2016-01-06,0.18298764282837063,0.15669435845074461,0.15165560521215646,0.08226042901055236,0.2527116993300206,58,1653
2016-01-07,0.1829200344769512,0.15579024995940238,0.1516893509033037,0.08396706648643396,0.2519370644645542,58,1653
2016-01-08,0.18506977798810503,0.15752783850314372,0.1528245029741697,0.08300961124772778,0.25515262938313266,58,1653
2016-01-11,0.18438700111359177,0.15645131403038567,0.1526757878698928,0.08367235793690678,0.2551086231385888,58,1653
2016-01-12,0.18194205080035203,0.1555763958301327,0.1556674283058658,0.0801833812208241,0.25532277529013525,58,1653
2016-01-13,0.1788890858046267,0.1548053846556088,0.15545411624777294,0.07687611764654036,0.2496877571946843,58,1653
2016-01-14,0.17850744102894983,0.1546392674603598,0.15572826010024102,0.0756691911873908,0.2472348206902359,58,1653
2016-01-15,0.17761968616439133,0.15380082060623942,0.1555494702520808,0.07598959398994545,0.2458867668391085,58,1653
2016-01-18,0.17701838256706154,0.15290808804199416,0.15411096943974964,0.07615022888826423,0.24560822118030404,58,1653
2016-01-19,0.17673324189649184,0.1515493554999141,0.15373925285105217,0.07799684980477635,0.2446699459483414,58,1653
2016-01-20,0.176143698896167,0.1504724251937661,0.15279224781220205,0.07880295406480826,0.24405143682630337,58,1653
2016-01-21,0.1761791182786352,0.15043771184592789,0.1528403601800805,0.079278204513562,0.24476885429589967,58,1653
2016-01-22,0.17626573838663812,0.15094732098142177,0.1527944844480774,0.07848852504258651,0.2452041466926743,58,1653
2016-01-26,0.17646041766886178,0.150421309634157,0.153158241336244,0.07838462164946744,0.2435694636511529,58,1653
2016-01-27,0.1769490934816429,0.14993228700459316,0.15294570902255325,0.07989442455569153,0.24464178358503116,58,1653
2016-01-28,0.17830347131947388,0.15344301548943717,0.15308842645078038,0.07927277269794143,0.2464147127611942,58,1653
2016-01-29,0.17627936709186834,0.15433365998972823,0.15245516525641917,0.07793172798869559,0.24198278953462918,58,1653
2016-02-01,0.18092207312092076,0.15896423074488325,0.15393849639572454,0.08078070435944681,0.24830201373660668,58,1653
2016-02-02,0.17980047153565745,0.15579300675121252,0.15351103253947698,0.0804421552358289,0.24682520781798506,58,1653
2016-02-03,0.17984370865929983,0.15657639460439582,0.1537230533266461,0.08018915638732452,0.24849817683411787,58,1653
2016-02-04,0.18045188571927068,0.15763983592822237,0.15354207039381548,0.08110163976431096,0.2475773516260344,58,1653
2016-02-05,0.18113257522336204,0.16054481457123698,0.15536719915291944,0.08035268025181042,0.24765673185747158,58,1653
2016-02-10,0.1807487519769006,0.1597995730876478,0.1549012381304816,0.0797203600776057,0.246242870727214,58,1653
2016-02-11,0.1807971093021955,0.15984971556968686,0.1547430973345848,0.08036504871136588,0.24592864130687841,58,1653
2016-02-12,0.18431604868981946,0.161708326017997,0.15587926443079975,0.08185528763703802,0.2531210890390007,58,1653
2016-02-15,0.18380237428460283,0.1628381538589546,0.1556398230163369,0.08162653797827658,0.25118933777502905,58,1653
2016-02-16,0.18281632491422778,0.16140587153415722,0.1559755938140435,0.08087222201098143,0.25184821803474805,58,1653
2016-02-17,0.1843917371370876,0.16454975652425974,0.15628246869631407,0.0822899953924627,0.2542564278620362,58,1653
2016-02-18,0.18602267228955355,0.16548280818689837,0.156687391310462,0.08271959523304542,0.2558578267988662,58,1653
2016-02-19,0.18590093537488053,0.16514379799001488,0.15681002265606764,0.08224410303301882,0.25497437467860634,58,1653
2016-02-22,0.18564886946531794,0.16426923848102362,0.15695795425258224,0.0810011372527069,0.25295384743238525,58,1653
2016-02-23,0.18898624702203248,0.16805891632321399,0.1578741985253419,0.08504508699034548,0.25850724740240544,58,1653
2016-02-24,0.18932557623527368,0.1675084484906088,0.1580016511671705,0.08523299059138605,0.25993190615604217,58,1653
2016-02-25,0.1900820481118518,0.16836656738319955,0.15815417427523432,0.0848674714685198,0.26016159264320693,58,1653
2016-02-26,0.18822197459085127,0.16660667110297436,0.1583297879902934,0.08426862510303408,0.2592764280429889,58,1653
2016-02-29,0.18694730091146283,0.16371971251513395,0.15765126788717104,0.08486781321609266,0.2578348304097376,58,1653
2016-03-01,0.18726553187225473,0.1653490589779962,0.158505947909099,0.08390817260960207,0.2573735232456774,58,1653
2016-03-02,0.1883166182884003,0.16539065374628492,0.15910966042773847,0.08334823858504109,0.2605131028724402,58,1653
2016-03-03,0.1886812393080941,0.165945412972818,0.159153716730504,0.08339478914738943,0.2587518905415621,58,1653
2016-03-04,0.19432832184330112,0.1677945792221268,0.16359114305358313,0.08570211831270048,0.27109997509779504,58,1653
2016-03-07,0.19707949792738766,0.1691934919255382,0.16590911214021717,0.08606995410672351,0.27785327977126417,58,1653
2016-03-08,0.19679632461211602,0.16948623841515612,0.16580278939032025,0.084496210295661,0.27740612901738293,58,1653
2016-03-09,0.19544832909040782,0.16919963784290645,0.16502579313673568,0.0841386992264769,0.2774627128997895,58,1653
2016-03-10,0.1949624759699225,0.16921481476629574,0.16409522414052824,0.08433716473467512,0.27437322851181284,58,1653
2016-03-11,0.19382479999570162,0.16833821351974926,0.16469867839144287,0.08118937298267309,0.2751771168690298,58,1653
2016-03-14,0.19344756617733697,0.16843705902342782,0.16415983839392687,0.08081810822722695,0.27433154224097,58,1653
2016-03-15,0.19370987942257464,0.1684549997233041,0.16404257991446336,0.08192189680969508,0.275830238825244,58,1653
2016-03-16,0.1976201489018408,0.17219026036613633,0.16683026744942725,0.08244396217951298,0.28328991972939804,58,1653
2016-03-17,0.19768876906188423,0.17263880122604564,0.16686016031843903,0.08157873794335874,0.2839909406249428,58,1653
2016-03-18,0.20710436093581405,0.17873494113800306,0.16996620168496454,0.09083723687855393,0.300126001447321,58,1653
2016-03-21,0.20670984640114973,0.1780833163889929,0.17000022713181076,0.09206236350874519,0.3012928318051004,58,1653
2016-03-22,0.2082831873990572,0.18052690626463735,0.16892937966975863,0.0936806779548058,0.30125132347697164,58,1653
2016-03-23,0.208288862646757,0.1801823052858193,0.16865824453567418,0.09423545288489565,0.2998423382207444,58,1653
2016-03-24,0.21003645736297813,0.18170148086748153,0.1698062589896964,0.0944382767429714,0.3037886426861142,58,1653
2016-03-28,0.2105417287878016,0.18143544517362742,0.16903481859267872,0.0957401953344486,0.302265553912292,58,1653
2016-03-29,0.21117949061249444,0.18073790487789204,0.1690836119327897,0.09601110483063431,0.3029360632927997,58,1653
2016-03-30,0.20965852950303157,0.18083869655656257,0.16936651679174128,0.09385618488463866,0.3017634131624735,58,1653
2016-03-31,0.20926817499070582,0.1811599696844622,0.16915043171989297,0.09313788886350458,0.3004148292150093,58,1653
2016-04-01,0.20894892476066892,0.1806970627690306,0.16880241395865933,0.09071583277257056,0.29969437109710484,58,1653
2016-04-04,0.20903510010495857,0.18137794012732586,0.16867288363707983,0.09186357751515732,0.30281692163157026,58,1653
2016-04-05,0.21135922273413935,0.18309792350442472,0.16985121769056366,0.09311464009926913,0.30674510126245214,58,1653
2016-04-06,0.2109435035172955,0.18275398703927717,0.16979258530950067,0.09328837196229152,0.30630485055531587,58,1653
2016-04-07,0.2113487385573523,0.18265084255685307,0.169440728482406,0.09594721472169396,0.3066537284878782,58,1653
2016-04-08,0.2110378031417695,0.182313673874154,0.16928312442093713,0.09536304678058094,0.30365251367416085,58,1653
2016-04-11,0.21447844549819534,0.18676521442031788,0.17089653797296997,0.09850773489113863,0.31037171634168315,58,1653
2016-04-12,0.21415894521841297,0.1865275160228664,0.1711144068746165,0.09885258031553722,0.3112926443920791,58,1653
2016-04-13,0.21549490338852795,0.18602896763635876,0.1723739849380253,0.09885600238706294,0.3147675605158973,58,1653
2016-04-14,0.21739932112201457,0.18796504870494138,0.17279637855290783,0.10046390971723115,0.31820839914048177,58,1653
2016-04-15,0.21749424854414515,0.18705027097467472,0.17376319151595285,0.09937869529194024,0.32032616118772916,58,1653
2016-04-18,0.21839020631482478,0.1868563285068206,0.17371863601734144,0.10108980447173448,0.3213550280313739,58,1653
2016-04-19,0.21838255268199994,0.18765471589237429,0.1735217362498022,0.10209122285021645,0.31993745744613833,58,1653
2016-04-20,0.2187805154971241,0.1881995655612997,0.17403806537337163,0.1015118925084441,0.31998679875484387,58,1653
2016-04-22,0.21875782571682958,0.18890977954170646,0.17400368094825477,0.1015227534753684,0.32006476469490797,58,1653
2016-04-25,0.2176703618450328,0.18759050552729137,0.1732253908215545,0.10036162020500551,0.3176975959372225,58,1653
2016-04-26,0.2179458925221227,0.18825796939443856,0.17336117398316228,0.1000151890073423,0.31837735195390254,58,1653
2016-04-27,0.2178866943411309,0.19003457149112463,0.1733426209270059,0.10096020900995203,0.318326738136861,58,1653
2016-04-28,0.219512721632533,0.1927127654386434,0.17380749486633068,0.10183645894812533,0.3205747998311454,58,1653
2016-04-29,0.2193799171633515,0.1917667054633125,0.17356271105963542,0.10229610199549456,0.32069087866749424,58,1653
2016-05-02,0.21879634170961829,0.19106664110011262,0.17358491777007878,0.10221173875750805,0.3188471399361226,58,1653
2016-05-03,0.21773892458825833,0.18954233563771025,0.17369629655870208,0.10041774173355679,0.31916100887633364,58,1653
2016-05-04,0.21758806725672444,0.1889500077736984,0.173294477309106,0.10282741675123806,0.31618541894631275,58,1653
2016-05-05,0.21738123553302843,0.1875379808279176,0.17327607203834472,0.10061603685743677,0.31834015933915394,58,1653
2016-05-06,0.217799709576237,0.1896740334953467,0.1733983022955684,0.10080818862850437,0.3182597884378029,58,1653
2016-05-09,0.21812525256356605,0.189108536948664,0.17360058186479954,0.10207434631257704,0.3198025595651366,58,1653
2016-05-10,0.2185305193781352,0.189441146222915,0.17361800512646006,0.10186594545972728,0.32111409693711146,58,1653
2016-05-11,0.22073740783628945,0.19138524008621452,0.1746014476077635,0.1029791883355974,0.3239986348299034,58,1653
2016-05-12,0.2197670413128731,0.1893679802645561,0.1745036196968322,0.10091635690244713,0.3231231200413307,58,1653
2016-05-13,0.21980361969255452,0.18899348893576892,0.17436770999008033,0.10083885779490864,0.3227786145458378,58,1653
2016-05-16,0.22125052535591955,0.18913535436757836,0.17488867272596822,0.10322300354614705,0.3241247379967016,58,1653
2016-05-17,0.22134910369381605,0.18958843788634344,0.1753364198095557,0.10183044532079417,0.3252385401885757,58,1653
2016-05-18,0.22161559298613942,0.1887583844808066,0.1755030005270355,0.10181361476465191,0.32429905649720825,58,1653
2016-05-19,0.22181568853674938,0.1876792515048657,0.17586294120501317,0.10097441065886315,0.3257757208329229,58,1653
2016-05-20,0.22168946292377797,0.18765734031350806,0.17595736913482393,0.10150434563742881,0.32566816148459626,58,1653
2016-05-23,0.22086563010849544,0.18672634621705353,0.17600774069959566,0.1001714146647006,0.32589557808143077,58,1653
2016-05-24,0.221472274664645,0.18789892975195294,0.1762569184491605,0.1022672222816449,0.3267052785895341,58,1653
2016-05-25,0.22116715822355462,0.18699439152211716,0.1761452861695591,0.10319913485610795,0.3261555794203009,58,1653
2016-05-27,0.22021930079567206,0.18635924540325707,0.17627808262513928,0.10074012204670203,0.32510893589421325,58,1653
2016-05-30,0.22018540838029316,0.18654571844090662,0.17626733306386957,0.10087725307844637,0.32582940990074283,58,1653
2016-05-31,0.22044170697695153,0.18678843343893425,0.1761287588922172,0.10120563784941972,0.3257470276551769,58,1653
2016-06-01,0.22060635296948022,0.18828698987194223,0.1758658146916432,0.1019180736080562,0.32576786298024957,58,1653
2016-06-02,0.22061399992361944,0.18839523450805334,0.17568845284290083,0.10216589471676062,0.32523492369003526,58,1653
2016-06-03,0.22117646587631706,0.18872526366415224,0.1757945920880917,0.10188716318280337,0.32701001972645494,58,1653
2016-06-06,0.2203792224889798,0.1882165857330103,0.17651740369134014,0.09983408964714964,0.32755998193993013,58,1653
2016-06-07,0.21975387291342535,0.1868773431512249,0.1765024847048278,0.09969696287271662,0.32646928211482756,58,1653
2016-06-08,0.21958550217483228,0.1865437028188362,0.176412349078935,0.09995611250408158,0.32583293073542496,58,1653
2016-06-09,0.22002422369281782,0.18867512286655114,0.17720005988794907,0.10001324550879395,0.3270883591369889,58,1653
2016-06-10,0.2203784859004484,0.18834551491145382,0.1773873940643263,0.09968938161461405,0.32840496095611293,58,1653
2016-06-13,0.22148170880096177,0.18866302949467226,0.17761942489367966,0.0998160009978784,0.32752312269970507,58,1653
2016-06-14,0.2215074084807281,0.1886887218979918,0.1775208182969677,0.09964176346417189,0.3287619626478583,58,1653
2016-06-15,0.22200269854358737,0.18852682377702967,0.17752893749645535,0.09937241751145401,0.3288655918333848,58,1653
2016-06-16,0.22155115131015704,0.18922993317436465,0.17756771045071268,0.10137790880376739,0.3291882791669472,58,1653
2016-06-17,0.22183564940371803,0.18832495753678638,0.1776091606803638,0.10008252730373483,0.3295772966674928,58,1653
2016-06-20,0.22190184432177754,0.1889571639278375,0.1773212489693572,0.10033668600500083,0.32865473708266774,58,1653
2016-06-21,0.22204182202159237,0.188009364750372,0.17772958326063323,0.10003865944056106,0.32975905301077285,58,1653
2016-06-22,0.22207843918485937,0.1888519872075133,0.17743894601874893,0.09996453927074384,0.32860521294624667,58,1653
2016-06-23,0.22132299449271345,0.18790510002732883,0.177156838291215,0.10002651100667026,0.3284972229689422,58,1653
2016-06-24,0.2229675071704948,0.19145157701012533,0.1779447816703533,0.09996584861661899,0.3305090738064719,58,1653
2016-06-27,0.22357812744507535,0.19047163147048604,0.17847777788800237,0.09943099190233422,0.3323845084568581,58,1653
2016-06-28,0.22320325947724418,0.18999147312075035,0.17850692729896475,0.10067474153453976,0.330203673571735,58,1653
2016-06-29,0.22317605663649998,0.18928678918255246,0.17900916898071367,0.10097553083510867,0.3322611416779099,58,1653
2016-06-30,0.2235371779813714,0.18937232174697377,0.17888618529430622,0.10170624380739443,0.33307120830891146,58,1653
2016-07-01,0.2237717156905197,0.1891689349140553,0.1785437211676937,0.10246258003116805,0.33491456579996814,58,1653
2016-07-04,0.2235210390057718,0.18911688953972236,0.1789452453158031,0.10159624285160704,0.3346717181503894,58,1653
2016-07-05,0.22346074091648724,0.18968787227724604,0.17857361163013472,0.1004704308742585,0.3344800734299874,58,1653
2016-07-06,0.22296331286468776,0.1897620606166133,0.17856233532476024,0.10055166056855701,0.3341036238604887,58,1653
2016-07-07,0.22220370860209965,0.18990268429599397,0.17842625041775056,0.09940192634665641,0.3303802410770101,58,1653
2016-07-08,0.22233439849023423,0.19081552966047843,0.17844718488124942,0.099307298066125,0.33059918342798345,58,1653
2016-07-11,0.2226736016761036,0.1911984843388521,0.17858425245137485,0.09997326685293828,0.33195086391934625,58,1653
2016-07-12,0.2238191006243398,0.19239585020288952,0.17878979500288275,0.1006959250201009,0.3331896940387498,58,1653
2016-07-13,0.22388008971637463,0.19342555155176427,0.1785078170579797,0.10126897662510079,0.3324983541293776,58,1653
2016-07-14,0.22387510995221843,0.19311995983942387,0.17838545410319176,0.10167342516009308,0.33108159404808557,58,1653
2016-07-15,0.22394467219659664,0.1928679421124118,0.1785086801439725,0.1018101852977931,0.3328873894754778,58,1653
2016-07-18,0.22374273589665164,0.19251732905215005,0.17840644447459494,0.10178182647623693,0.3327930682712661,58,1653
2016-07-19,0.22458716328732617,0.19340373271139413,0.1785861325898928,0.1027233503689824,0.33572476040806215,58,1653
2016-07-20,0.22436656729467122,0.19272471951446396,0.17847473789848878,0.10211593684252866,0.33403211142560574,58,1653
2016-07-21,0.22455672072206503,0.19290601486640027,0.178630708480036,0.10166288350453964,0.33473132970305336,58,1653
2016-07-22,0.22446790708113312,0.19370807212736746,0.17863141856749049,0.10196763989292344,0.33573367336651694,58,1653
2016-07-25,0.22518974021565907,0.1947033473041417,0.17828798582466987,0.10287636907338996,0.33562804169676375,58,1653
2016-07-26,0.22447679191118503,0.19394503584021053,0.17816555909453152,0.10157661059457407,0.3344809989662015,58,1653
2016-07-27,0.2234668133359995,0.19318622123018533,0.1785316700518463,0.10058429193686372,0.3330315022575629,58,1653
2016-07-28,0.22336362101004387,0.19110471274338384,0.17852587270062137,0.09937164571014422,0.333705790942992,58,1653
2016-07-29,0.22305251879765303,0.19158839579516249,0.17836690647947603,0.09880872611516134,0.33281553740338865,58,1653
2016-08-01,0.22332850715226812,0.19302971745498018,0.1786237067524606,0.09840197153287004,0.33576507488476515,58,1653
2016-08-02,0.22207625649014626,0.19251187397588418,0.17880634805773024,0.09653101209537342,0.3339436499374027,58,1653
2016-08-03,0.22126912889269348,0.19210427658511162,0.18014095595681195,0.09401715655594864,0.3362801357388567,58,1653
2016-08-04,0.22181966808329381,0.19278441334246627,0.18004695221718683,0.09592508462514952,0.33635720547892156,58,1653
2016-08-05,0.22261781430439254,0.19213438232982227,0.1800164680662048,0.09835820641980096,0.3365072422700639,58,1653
2016-08-08,0.222432348015081,0.19246684006894704,0.18042000423525914,0.09497214557979432,0.3364642640099592,58,1653
2016-08-09,0.22225980774338208,0.1916241036571086,0.18013209082418835,0.09672158470552324,0.33583390076252456,58,1653
2016-08-10,0.22219415787521438,0.19132022413419963,0.18022478023226857,0.09598115037580546,0.336027319042402,58,1653
2016-08-11,0.22249524719883387,0.1910957494553754,0.18037096929395535,0.09731269604673792,0.33527033093403014,58,1653
2016-08-12,0.22504373182695755,0.19315063430192295,0.17924869185269995,0.1017694523649537,0.3374375808083964,58,1653
2016-08-15,0.2249025049302767,0.1915106371369534,0.1793220972782738,0.09931866935562994,0.3373688025593874,58,1653
2016-08-16,0.22382864424774823,0.18999301517826145,0.17937156187296058,0.09885431802225066,0.3363571935876423,58,1653
2016-08-17,0.22432888668343728,0.19058153782821377,0.17939163514557427,0.09970116306905906,0.33827897706202564,58,1653
2016-08-18,0.22403450565222288,0.19040695853129067,0.179292993937324,0.09972246103327916,0.3385506113111102,58,1653
2016-08-19,0.22398598177911555,0.18985160898934653,0.1794018440382846,0.099295635647142,0.33751422037012024,58,1653
2016-08-22,0.2239991696866842,0.1890513450306622,0.17928731089723082,0.09931730856807543,0.33731216465442776,58,1653
2016-08-23,0.2242097169952607,0.18877930238225837,0.1801184299616901,0.09686245489085384,0.3391316988830367,58,1653
2016-08-24,0.22408985121263011,0.1879483824250152,0.18019245396525774,0.09689267074745984,0.33926236011473365,58,1653
2016-08-25,0.22419852291280648,0.18919717231377514,0.18058762187153637,0.09516655598197063,0.34034292592039017,58,1653
2016-08-26,0.22286927485643254,0.18774311326101614,0.1808025529710466,0.09268743460775337,0.3396810081370253,58,1653
2016-08-29,0.22255024594625408,0.1883880332589593,0.1808075798587887,0.09221053340395564,0.3407851829306903,58,1653
2016-08-30,0.221274035985721,0.18712441720069448,0.18128499739002418,0.09092009729978653,0.33950585308666076,58,1653
2016-08-31,0.2168716038890526,0.1826117158406077,0.18194506477500008,0.08669929385400518,0.3327025777794322,58,1653
2016-09-01,0.21727250510916774,0.1822532419888676,0.1823008249793423,0.08703292994387667,0.33314369309242553,58,1653
2016-09-02,0.21564201913640113,0.1811938259830056,0.18239644807155114,0.0869725900122841,0.33158282694157015,58,1653
2016-09-05,0.21201517127298541,0.17766177007824896,0.1833157703815655,0.0813687610991032,0.3274143607677747,58,1653
2016-09-06,0.21138306208486513,0.1769587160840314,0.18344349107841648,0.08088027760690521,0.32719223979936546,58,1653
2016-09-08,0.2118532640061865,0.17702337689182393,0.18362026022759467,0.08103159806370026,0.3299394883062425,58,1653
2016-09-09,0.21148783955826087,0.1774664487176856,0.18392707226380337,0.08174522167852837,0.3288145679285669,58,1653
2016-09-12,0.21463018011046583,0.17944399091963303,0.18482937373865707,0.08285256915715081,0.33585028317381266,58,1653
2016-09-13,0.21422538787334325,0.17865293051019585,0.18479720411239178,0.08176481802515766,0.33571222683373225,58,1653
2016-09-14,0.2169044167031396,0.1805462759510735,0.1858808184282645,0.08286966805427665,0.34129872711162085,58,1653
2016-09-15,0.21749629992856184,0.1809883896927365,0.18627317752583675,0.08300701840322189,0.34285573302768874,58,1653
2016-09-16,0.21777979563968686,0.18093239825910898,0.1864378221012495,0.08327095550424324,0.3446921328811172,58,1653
2016-09-19,0.2192663870653866,0.18339020707970283,0.18690502777460238,0.08300701840322189,0.3481144403196782,58,1653
2016-09-20,0.21960734251641809,0.18368602705877063,0.187119937044151,0.08367856123076889,0.3445715121380836,58,1653
2016-09-21,0.22046991308993116,0.18459023613059017,0.18761270542954775,0.0866106908353684,0.35311702671331857,58,1653
2016-09-22,0.22065536172459643,0.18508224662951522,0.18784513649652043,0.0868760582674589,0.3527008102007283,58,1653
2016-09-23,0.2194791456750942,0.18367745403986047,0.18787505225323228,0.08585623990396961,0.3523892403957658,58,1653
2016-09-26,0.2195622861205315,0.1833776635175175,0.18817926796793105,0.08527704729037135,0.3538780878698893,58,1653
2016-09-27,0.2192774683113442,0.18254664694626127,0.18794690983310952,0.08532551500708138,0.3488192723721513,58,1653
2016-09-28,0.21968587308804688,0.18348020519968017,0.18774550938606213,0.08534483891648857,0.34963883965451603,58,1653
2016-09-29,0.22032852681918272,0.1841903549050489,0.18829005184240394,0.08640062659140856,0.35093333410905814,58,1653
2016-09-30,0.2214091386195781,0.1881061549480892,0.18792201119868696,0.08855604160583026,0.3489357354454169,58,1653
2016-10-03,0.2216120452938137,0.1888395159886653,0.18797673932921474,0.08827062355280736,0.35031446358759943,58,1653
2016-10-04,0.22233372318958233,0.18929613181666494,0.188146747139793,0.09062528482082229,0.3515805332384308,58,1653
2016-10-05,0.22162431569323301,0.18747253525595559,0.1880744931848915,0.0881090269397075,0.3501190880076428,58,1653
2016-10-06,0.2222561839057084,0.1884140863923128,0.18825886536088207,0.0891986421098926,0.3503103751469959,58,1653
2016-10-07,0.22263524787376882,0.1886209346837083,0.18850251604396753,0.08975759604847128,0.3523387640622529,58,1653
2016-10-10,0.2231073025728831,0.18954464533970766,0.1888577022995991,0.08806080369240085,0.35250896562390566,58,1653
2016-10-11,0.22189946190923307,0.18826536031937363,0.18820639786815188,0.08906705178768576,0.34912904409781764,58,1653
2016-10-13,0.2216643294439248,0.18817395087238328,0.18856781441579226,0.08860396259602346,0.3503377993985497,58,1653
2016-10-14,0.22179471274911222,0.1869334873969423,0.18875020978799126,0.08876771196101801,0.35157326644909104,58,1653
2016-10-17,0.22029534894305727,0.18679603223418625,0.18975061035674615,0.08708540554727655,0.35217517063456466,58,1653
2016-10-18,0.22064719618780004,0.18816428828760184,0.18957572560645386,0.08712225769070304,0.3523413652555618,58,1653
2016-10-19,0.2217655260491187,0.1886127626958692,0.18993790570548258,0.0881617226185782,0.35270424823972946,58,1653
2016-10-20,0.22085017129878567,0.18845650648778994,0.18969343063889102,0.08816565667551893,0.3517786049831814,58,1653
2016-10-21,0.22056452197607523,0.18700334437223037,0.18974893948320015,0.08696093682973721,0.35054996976585073,58,1653
2016-10-24,0.22073484726177162,0.1878381982881095,0.1895033051341243,0.08745691091043377,0.3519245404822653,58,1653
2016-10-25,0.22110248046148553,0.1876643082727679,0.1891979706107789,0.08744889933749998,0.3521279818672122,58,1653
2016-10-26,0.22107147338771485,0.18639406505575065,0.18906942010086214,0.08703919286683308,0.3525134921146176,58,1653
2016-10-27,0.22175328844828923,0.18678762076481525,0.18908689556612765,0.08768033113542227,0.3523268194863692,58,1653
2016-10-28,0.22208120020809916,0.186198931179452,0.18906669072064147,0.08729248915886229,0.3549508133030691,58,1653
2016-10-31,0.22188701178018563,0.18630655211988564,0.18917946282222675,0.08662496574199713,0.35760935720419695,58,1653
2016-11-01,0.22169321980524512,0.1870612139677753,0.18897209562676304,0.08629059487208286,0.35478404543972525,58,1653
2016-11-03,0.22336117108645553,0.19053417672789236,0.18887478180074152,0.08826183284557113,0.35348019825471044,58,1653
2016-11-04,0.2248035631235516,0.19176035559671686,0.1888400718478387,0.08979247699568756,0.35742685013582,58,1653
2016-11-07,0.2244216609924172,0.1910340803052027,0.1893908816155053,0.08992897782838691,0.35630997911726203,58,1653
2016-11-08,0.22517952365971172,0.19079253801744117,0.1901104096852621,0.089033352918625,0.3577533659439067,58,1653
2016-11-09,0.22474213194257006,0.19078415154557907,0.19036509236668944,0.08858258742347395,0.356353706140294,58,1653
2016-11-10,0.223270310431066,0.18909222359061342,0.1890102157423406,0.08934675496791807,0.35514334648612733,58,1653
2016-11-11,0.2233001202851934,0.18830691340104339,0.19005471952570752,0.08957454555625614,0.35220505049477685,58,1653
2016-11-14,0.22724945963338505,0.19406970197468343,0.18978189660351455,0.09257735065930675,0.35640833058214977,58,1653
2016-11-16,0.22647657246595304,0.19366824758740017,0.18911367414466415,0.09178004747409176,0.35567211600669557,58,1653
2016-11-17,0.22560422170962025,0.19438050293783793,0.18848704288439064,0.09107254900188072,0.3528507304794945,58,1653
2016-11-18,0.22606515014853076,0.19418248490629195,0.18879807703074167,0.09185348825400513,0.35576128823235725,58,1653
2016-11-21,0.22559752013544934,0.19473802639180687,0.18855283007904894,0.09000919976772098,0.356255086130352,58,1653
2016-11-22,0.22580862398991458,0.19631562493412247,0.18924957215276964,0.08952511756896374,0.35687726181297824,58,1653
2016-11-23,0.22565714649986915,0.19458302002073666,0.18922790647900897,0.09015244568653394,0.356572941302292,58,1653
2016-11-24,0.2255439227357458,0.1947082756111619,0.18922054624761214,0.08937846577184633,0.3563553826418407,58,1653
2016-11-25,0.22586510717963323,0.19491126802604566,0.18958123836637475,0.0878705909256469,0.3571713636959528,58,1653
2016-11-28,0.22608372945966082,0.19560356197799125,0.1899761743844543,0.0875750767465424,0.35818650410533776,58,1653
2016-11-29,0.22676230826081054,0.19491405677701085,0.19021393617426136,0.08868167411860371,0.35931959949142656,58,1653
2016-11-30,0.22758138270328868,0.1952187851571395,0.19104224592562694,0.08855780345369106,0.362323716148645,58,1653
2016-12-01,0.22738470287792042,0.1955330604422275,0.1908685854238653,0.08855051397807619,0.3595598269757651,58,1653
2016-12-02,0.23128247971828836,0.19962511145785886,0.19071276111891264,0.09090224430112993,0.36624451101667194,58,1653
2016-12-05,0.23113190840032363,0.20033326503586374,0.19071562109720624,0.08996148582086042,0.365760713882983,58,1653
2016-12-06,0.23048945976435048,0.19911897488947053,0.19010319715499238,0.09033554277423675,0.3646489810192392,58,1653
2016-12-07,0.23004874839392644,0.1965718433811512,0.18937124448779372,0.09301575867271894,0.3621699186175048,58,1653
2016-12-08,0.22971707638686875,0.19524955919264153,0.18968600976096353,0.09228387064228814,0.36374608236444494,58,1653
2016-12-09,0.22967181670554546,0.19477706015903687,0.1899069784976668,0.09283602243966829,0.36187518682541975,58,1653
2016-12-12,0.22939468885201633,0.1956226973424643,0.1901249359954211,0.09183774212157625,0.36252455872716943,58,1653
2016-12-13,0.2285939768340098,0.1947092039132146,0.1893732463357723,0.09168379751232164,0.3605914255949378,58,1653
2016-12-14,0.22872406044122434,0.19541920015924893,0.189426173338881,0.09227888118474438,0.3592052741113982,58,1653
2016-12-15,0.22799727277617562,0.19361266504666783,0.18946249552600955,0.09150674235358709,0.35821913903410957,58,1653
2016-12-16,0.22782977126755807,0.1914788819532237,0.1884692084503613,0.09296007085394534,0.3541656751287972,58,1653
2016-12-19,0.22743057656853946,0.19176893918928714,0.18883479988531715,0.09271752538569725,0.35391653766131825,58,1653
2016-12-20,0.22771232158287394,0.19251470741760426,0.18864717129087563,0.09305142124246156,0.35276439780979546,58,1653
2016-12-21,0.227397491910302,0.1930359915921753,0.18840659986981687,0.09166560352058092,0.3531657526828976,58,1653
2016-12-22,0.22760421213246246,0.19298654822515277,0.18834760807173068,0.0916476390903124,0.35371882803542437,58,1653
2016-12-23,0.22801239907678525,0.19516863308483995,0.18840988023158572,0.09190041942880778,0.3517111119907553,58,1653
2016-12-26,0.22826823918221048,0.19606447413957376,0.1885719535052052,0.0916116634312948,0.352579574243386,58,1653
2016-12-27,0.22809810930256727,0.19392486247151605,0.1883179571454664,0.09196693550521291,0.3509259424241904,58,1653
2016-12-28,0.22783368848676527,0.19381299698006704,0.18796891674613253,0.09227424580343843,0.3487548505448908,58,1653
2016-12-29,0.2281432921486704,0.19472605415970654,0.18793865209784325,0.09306997837564644,0.3499635084984912,58,1653
2017-01-02,0.2277704988192209,0.19377037943344858,0.18784161274340477,0.09260680039904977,0.34666523074032707,58,1653
2017-01-03,0.22765295489171417,0.19285217784284533,0.18798938279960617,0.09202697785051585,0.34576722879388405,58,1653
2017-01-04,0.22836479636226462,0.19421167417016258,0.188468416693701,0.09204612907265318,0.3473493024439846,58,1653
2017-01-05,0.22891144311698908,0.19369614441485902,0.18870639818417967,0.09371653720093928,0.35015681295229345,58,1653
2017-01-06,0.2248686097657215,0.1885645761771419,0.18915313802181385,0.08895232197970637,0.3451010193895341,58,1653
2017-01-09,0.22569832082577862,0.18883270398864818,0.1895525572050727,0.08842556588839315,0.345696995210463,58,1653
2017-01-10,0.22532843741043254,0.18878494453224098,0.18922420860539002,0.08851784187966924,0.34408860039575995,58,1653
2017-01-11,0.22348739470764267,0.18768291637716747,0.18856170634596794,0.08742981662308409,0.34146408377355864,58,1653
2017-01-12,0.22360032288565138,0.1879740732428918,0.18851026219611358,0.08846576356755577,0.3411758164637711,58,1653
2017-01-13,0.2259537144392421,0.18859833821473118,0.1868166228961594,0.08967852683671386,0.34633500263447503,58,1653
2017-01-16,0.2270615237401684,0.18995358413592658,0.18663098340867065,0.09086049268731222,0.34750629965614693,58,1653
2017-01-17,0.2258669209746308,0.18958697154710288,0.18745156197691235,0.08821334235737427,0.347214769872745,58,1653
2017-01-18,0.22639429354323456,0.1890011259419149,0.18754518997202005,0.08926158627064022,0.34788264662653834,58,1653
2017-01-19,0.22434084613185062,0.1874303415718201,0.18757008520722013,0.08658321993213108,0.3440585556682976,58,1653
2017-01-20,0.22549099108824688,0.18728329897710574,0.18816718426986634,0.08855047700434782,0.3461810199214746,58,1653
2017-01-23,0.22604562910624154,0.1875256200193217,0.1884928772421724,0.0885735359407185,0.3463134363733577,58,1653
2017-01-24,0.2261539831716787,0.18820620211810377,0.1883737248789068,0.08823599991478145,0.34492940311677117,58,1653
2017-01-26,0.2263953638678512,0.1889691701165139,0.1885863886870619,0.08871903962268723,0.3475661990362095,58,1653
2017-01-27,0.22711631812257693,0.187867088459846,0.1883651084115367,0.08888410529647443,0.3471806336541122,58,1653
2017-01-30,0.22656709908481742,0.18697880533202912,0.18889689473763532,0.08766823871865137,0.3480267128653464,58,1653
2017-01-31,0.22772529631575938,0.18995265280004658,0.18970409685300413,0.08833453896483753,0.34854658665764665,58,1653
2017-02-01,0.22913089332243103,0.19027732663836974,0.18972001624544338,0.08866908246416802,0.34854686666285994,58,1653
2017-02-02,0.22629070166541587,0.18748464430029024,0.18953560654562257,0.08531567672326079,0.3441473578534803,58,1653
2017-02-03,0.2272221677745535,0.18774405223218454,0.18992538317434998,0.08631810614058852,0.3447163465022654,58,1653
2017-02-06,0.2274112319328127,0.18795163833780168,0.19040508289394237,0.08539336003088262,0.343230664358893,58,1653
2017-02-07,0.22779884793681063,0.1899068931151847,0.1909410616869779,0.08498993463807462,0.34351909437268224,58,1653
2017-02-08,0.22863972705015445,0.1905548619237098,0.18944193687234023,0.0847157257762317,0.34350603683099273,58,1653
2017-02-09,0.22955237661178196,0.1917900636715965,0.19042995945346927,0.08588288395812263,0.34546901818940745,58,1653
2017-02-10,0.23003610666706276,0.19074415329298908,0.19100715600653329,0.08640601031285339,0.34589531619970143,58,1653
2017-02-13,0.22756807468191512,0.1911528543600946,0.1905560459448795,0.08658441002241818,0.3454411983514289,58,1653
2017-02-14,0.2282359342066278,0.19184421199737123,0.19037682985427198,0.08675904513310996,0.3452046777348696,58,1653
2017-02-15,0.22827969080737237,0.19196260698443973,0.19041769799199212,0.08653585762604556,0.3455766252394197,58,1653
2017-02-16,0.2275166615692803,0.19032025633794714,0.19044779737894682,0.08483107197965821,0.3449365283532429,58,1653
2017-02-17,0.226745169658443,0.1892907974606133,0.19054394926466675,0.08353668440272384,0.34354517903206877,58,1653
2017-02-20,0.2272929767912186,0.19081920761270196,0.19049470561078014,0.08429707652326617,0.34547425528443737,58,1653
2017-02-21,0.22759101431556,0.19254748421979243,0.18988949816285586,0.08435914835156401,0.34351921909667826,58,1653
2017-02-22,0.22533343304109182,0.1900637718045863,0.18942265097064265,0.08349487928783718,0.33991603090050965,58,1653
2017-02-23,0.2244166118539956,0.1887804641770444,0.1892602781898361,0.08370933493537012,0.3354207107420557,58,1653
2017-02-24,0.22443854922833084,0.18868009998306462,0.18912414747585166,0.08435461091244113,0.3361739552142999,58,1653
2017-03-01,0.22505241477110308,0.19022879073609517,0.18955187553103328,0.08477366544414422,0.33751453218616356,58,1653
2017-03-02,0.2247658479754305,0.19056293147575962,0.18963662213999463,0.08510850564804548,0.33506673415377475,58,1653
2017-03-03,0.2244450695439926,0.1903157841161583,0.18961879852062988,0.08395913833624982,0.33608402037118656,58,1653
2017-03-06,0.22422616606773915,0.19127032252670362,0.18943833120204417,0.0828729809744296,0.3352149396732418,58,1653
2017-03-07,0.22434305713105085,0.19155473161945485,0.18944680827062568,0.08316440250379024,0.3351401521576847,58,1653
2017-03-08,0.22205550609410732,0.1878640321452435,0.18223098047677666,0.08524649784518608,0.32926111216359155,58,1653
2017-03-09,0.2211165903695128,0.1900631483534027,0.1798518718435687,0.08324004024717101,0.3279814907422736,58,1653
2017-03-10,0.22155799158377734,0.19140839231793821,0.17981778883570038,0.08549532611583917,0.32732138806128797,58,1653
2017-03-13,0.22270293957270965,0.19164973102234986,0.18055159362048856,0.08515215735830779,0.329109019706062,58,1653
2017-03-14,0.22450200891159133,0.19400093512093605,0.18208836034654655,0.0858333066578688,0.3313716049079119,58,1653
2017-03-15,0.22688415853059285,0.19474870992399584,0.1810950575661001,0.08947154888436704,0.3311471416848554,58,1653
2017-03-16,0.22874782949054254,0.19548349457253747,0.18203218641760358,0.0891960692630617,0.3339488012579298,58,1653
2017-03-17,0.22772082595462062,0.1947843256904965,0.18240315441429086,0.08989513611087259,0.3335745810008361,58,1653
2017-03-20,0.2243792390355697,0.19461030184076272,0.17887134458772713,0.09097266045013314,0.3276083564349919,58,1653
2017-03-21,0.22445454473964144,0.19593255594505904,0.17906459541338934,0.08945577090206984,0.32804978233154464,58,1653
2017-03-22,0.217035201718324,0.18914050060658785,0.1752757685271354,0.0884519189524173,0.31457107947188256,58,1653
2017-03-23,0.21720026410164123,0.19035729253909142,0.1753263449856633,0.08836399652576322,0.3159425906796181,58,1653
2017-03-24,0.2159823298804657,0.1893610235021365,0.17642022922515893,0.08501374678257781,0.3133747034686014,58,1653
2017-03-27,0.21622814577026336,0.18932858264238184,0.17649088360281356,0.0846883577906434,0.3147362777771531,58,1653
2017-03-28,0.21445163778183368,0.18622779283408414,0.17461217989854255,0.08541562619054825,0.30575909505360904,58,1653
2017-03-29,0.21520601463656952,0.18633621128047675,0.17484044183643882,0.08580933955154875,0.3109315791528458,58,1653
2017-03-30,0.21360539803572365,0.18498951486116358,0.17452390548169067,0.08562114378270859,0.30929162144427036,58,1653
2017-03-31,0.21400103634103737,0.18667384369989312,0.17471657788643377,0.0852737819318936,0.3101813997112879,58,1653
2017-04-03,0.21467685450094454,0.18708797645522413,0.1750804847075305,0.08528960404053175,0.31007565733125947,58,1653
2017-04-04,0.21187546051735434,0.18222377084594718,0.17516031619024497,0.08329572266916364,0.3073095651303578,58,1653
2017-04-05,0.212010096005166,0.18260748939617305,0.17505880311376648,0.08409479409086824,0.30644185566910453,58,1653
2017-04-06,0.20979369660534655,0.1775578256895199,0.17192823460419243,0.08382928028502758,0.2983695470151091,58,1653
2017-04-07,0.21079052731542516,0.17812131818190746,0.17251279101860373,0.08465089704705775,0.29975147267578073,58,1653
2017-04-10,0.20926413549806458,0.17784276546287356,0.17180570739833556,0.08162044428611433,0.2971471240863391,58,1653
2017-04-11,0.2088836906597703,0.17846661315844625,0.17237547853624616,0.08028496570625213,0.296904103147007,58,1653
2017-04-12,0.2035124951695097,0.1719878075203949,0.1698594377362504,0.07887787518778747,0.28778944536565054,58,1653
2017-04-13,0.20450644074772292,0.1717701645638103,0.17019809903433428,0.08038547500816351,0.28905640402276084,58,1653
2017-04-17,0.20230620863687468,0.17109662922122493,0.16860530464003717,0.08112533098984541,0.28184027675008144,58,1653
2017-04-18,0.20010101857459553,0.16617420798335236,0.16853515763346147,0.07992386431663968,0.2799025313223464,58,1653
2017-04-19,0.19925537327224047,0.16527729735609317,0.16687244584768943,0.08248017421680659,0.2775398553457281,58,1653
2017-04-20,0.19837143244315514,0.16493711934663782,0.16690650722167177,0.08249734101111761,0.27608157053989835,58,1653
2017-04-24,0.19814393221209925,0.1644967561663415,0.16688487027626703,0.08316749342308213,0.2779170287186489,58,1653
2017-04-25,0.19801134267022236,0.16297413817586823,0.16699957977161095,0.08255542745847386,0.2765822322557929,58,1653
2017-04-26,0.1982033042387189,0.16176075951425764,0.16705177066560684,0.08345995201845016,0.27819065425838935,58,1653
2017-04-27,0.19920795552947515,0.16694377987717018,0.16762475275860192,0.0827173327897946,0.28032679367086866,58,1653
2017-04-28,0.19835288208984064,0.1637721662338525,0.1669489863803111,0.08129026093601946,0.27858786054431783,58,1653
2017-05-02,0.1978284672986776,0.16470107338794746,0.16682420770563924,0.08286675760523765,0.2782286379562995,58,1653
2017-05-03,0.19588714517822606,0.16261534973702424,0.16650870149341193,0.08092277985769306,0.2766510790093045,58,1653
2017-05-04,0.19555174991218666,0.16111114377336297,0.16674337214996554,0.0814341776902493,0.27596699317196643,58,1653
2017-05-05,0.1978437017504929,0.16382365044448147,0.16745022680020094,0.08291289792626916,0.27953851683207576,58,1653
2017-05-08,0.19824257753531757,0.16391055045627165,0.16761812947851537,0.08219531367852916,0.280619794910499,58,1653
2017-05-09,0.1969879203116206,0.16509490677170102,0.16804713078401926,0.08078512173010075,0.2810434949925624,58,1653
2017-05-10,0.19814865851461663,0.165583809032788,0.16859902134531202,0.08202102729497526,0.282253802610779,58,1653
2017-05-11,0.1972454259444514,0.1647258160026909,0.16856970798942295,0.08099703048558868,0.2838357828328035,58,1653
2017-05-12,0.1974600716746973,0.16664007165016975,0.1684556272231263,0.07967412969708657,0.28389470660934835,58,1653
2017-05-15,0.19559128565074033,0.16291189978284906,0.16849664721698662,0.07767910339116783,0.2800261107743254,58,1653
2017-05-16,0.19259777041490836,0.1596137559533925,0.1673565131751833,0.07548160339911131,0.2752608776717396,58,1653
2017-05-17,0.19276007386371952,0.15964068403054923,0.16715855258396745,0.07547391126108322,0.2743973960701698,58,1653
2017-05-18,0.19450270656747243,0.1602223833509826,0.16729120796196423,0.07866427064065797,0.27641358678406525,58,1653
2017-05-19,0.23120159729488268,0.19780118404130878,0.1742874716559098,0.10851299004350803,0.3159583259220604,58,1653
2017-05-22,0.2333662693262407,0.20020803495215647,0.17396158641770432,0.11266165275872285,0.3165863949021272,58,1653
2017-05-23,0.23431017842318547,0.2013804023597286,0.17473846939727772,0.11213999781007633,0.32123653525934803,58,1653
2017-05-24,0.23557414844546898,0.20311962224283972,0.1743281215643499,0.11451729054597005,0.3243387983313033,58,1653
2017-05-25,0.23621571316679543,0.2046957383612893,0.1743457385565494,0.11522786368929329,0.32138645863543563,58,1653
2017-05-26,0.2360661606582662,0.2033924731333612,0.17465803076662897,0.11652463130545036,0.32181460136643897,58,1653
2017-05-29,0.23514995784014317,0.20308739360489114,0.17514907982190686,0.11456895741612973,0.3206714664141275,58,1653
2017-05-30,0.23554810090903713,0.20457840762058802,0.17543509106480343,0.1139519815062548,0.32190525120160535,58,1653
2017-05-31,0.2354621787264318,0.20303946266567383,0.17557317645710668,0.11355280908775334,0.3229178377260737,58,1653
2017-06-01,0.23659734723483128,0.20518346435240842,0.17561044151143101,0.1140590322183476,0.3248956233620796,58,1653
2017-06-02,0.2365954932110348,0.2050061157163528,0.1758017513351233,0.11437703747105209,0.32493344494312637,58,1653
2017-06-05,0.23690560259353416,0.2054279284810497,0.17633618403148252,0.1129155633131312,0.32672224476908107,58,1653
2017-06-06,0.23754271011650235,0.2059310398438296,0.17652265753811663,0.11441573318906056,0.3265853507160431,58,1653
2017-06-07,0.2371494480776164,0.20503033343202104,0.17664986283555206,0.11399134596385552,0.3267646631925834,58,1653
2017-06-08,0.23692629887069896,0.204889310393393,0.1762984182813469,0.1143969540013834,0.32542807493828857,58,1653
2017-06-09,0.23710807817960736,0.20415976060990576,0.17610297068980713,0.11423706468106633,0.32597834435856465,58,1653
2017-06-12,0.2369974414334734,0.20468872266397495,0.17598550570824886,0.11439549218125632,0.3247037013753732,58,1653
2017-06-13,0.23639326265822994,0.20374903309402292,0.17524305162880843,0.11450010537097478,0.32324105134492737,58,1653
2017-06-14,0.23606880799615487,0.2038683150993275,0.17536995788065926,0.11371059585744718,0.322213359048485,58,1653
2017-06-16,0.2332334032109821,0.2019881021484539,0.17462612653651288,0.110143370585038,0.31888525601033785,58,1653
2017-06-19,0.23323792641040758,0.20220436054705818,0.1743873675934982,0.11041324330931727,0.31856193063842964,58,1653
2017-06-20,0.23172269841867466,0.2001995806225023,0.1741532159236778,0.10914265357504989,0.3191079131631539,58,1653
2017-06-21,0.23478829487249936,0.2030488576209796,0.1743433843017176,0.11173360495468511,0.3221019516082237,58,1653
2017-06-22,0.23467598592443917,0.20374903309402292,0.17434496108581712,0.11177376212138752,0.32281434385643126,58,1653
2017-06-23,0.23518577629812643,0.20447381896443717,0.17468594268680018,0.11162461861224057,0.3221116887379394,58,1653
2017-06-26,0.23506987124860523,0.204979298351402,0.17435642335026671,0.11316813734599117,0.32239729843112946,58,1653
2017-06-27,0.23542837706758404,0.20457849715659793,0.1749879982483298,0.11212756732337631,0.32323290833302654,58,1653
2017-06-28,0.23632786259536573,0.20473940923916517,0.17533859151615114,0.1118460250633934,0.3268977240984681,58,1653
2017-06-29,0.23411691209473567,0.201283352757581,0.17465124274629415,0.10999966275071235,0.32328606325095705,58,1653
2017-06-30,0.23199049939249689,0.20001336950772033,0.1742860236372784,0.10876521014124715,0.32057052091656707,58,1653
2017-07-03,0.23188863130654117,0.2003407961469147,0.1746259055646094,0.10884102114431207,0.322027505230295,58,1653
2017-07-04,0.23183145209944628,0.1999439190951735,0.17431512326323387,0.11005729057150061,0.32131748491437007,58,1653
2017-07-05,0.2313976496599558,0.20096031758974586,0.17456243342119324,0.10864761354746456,0.3211154278021416,58,1653
2017-07-06,0.2314855669973084,0.20050846934408603,0.1748875858538432,0.10835969983779815,0.32018430666526915,58,1653
2017-07-07,0.23088448443492363,0.20020247512613426,0.1743534566870164,0.1080945244046084,0.32027699253996245,58,1653
2017-07-10,0.23188397760248336,0.20059290000793864,0.1747616398614652,0.1082022422784918,0.3229514588291608,58,1653
2017-07-11,0.23220046156234753,0.2024130691976791,0.17505695247496258,0.1082076250360797,0.3253161806134092,58,1653
2017-07-12,0.23338121475285808,0.2041034294520464,0.1751684569319212,0.10865741466294299,0.3276449743034537,58,1653
2017-07-13,0.2340605593446387,0.20494589690247864,0.17586146020554907,0.10761031290234568,0.32850367794175384,58,1653
2017-07-14,0.2337834273908636,0.20443723677066172,0.17590361254789744,0.10852428463052505,0.3315270466297305,58,1653
2017-07-17,0.23231114593426108,0.20214349777638088,0.1758898482208784,0.10852401687814994,0.32828219385504176,58,1653
2017-07-18,0.2324920318058068,0.20288131581420749,0.17584134585973799,0.10852368170394543,0.32977454102580767,58,1653
2017-07-19,0.23257168032099726,0.20259498055446185,0.17616951076734744,0.10883394079952655,0.3289659650752846,58,1653
2017-07-20,0.2325339024040318,0.2024117171721957,0.1761778401587761,0.10804927492807699,0.33057757175007335,58,1653
2017-07-21,0.23258664579636085,0.20198225229838326,0.17635291330917977,0.10747577541596719,0.33011787463387215,58,1653
2017-07-24,0.23173308288310976,0.20107765339914999,0.1759579482589722,0.10821517378956275,0.3313214309248076,58,1653
2017-07-25,0.23229916152010133,0.20216252331687348,0.17616456572601563,0.10788524666033357,0.3312595645226362,58,1653
2017-07-26,0.23228208421730265,0.2022236327843303,0.17630893703030273,0.10651281717885272,0.3303943221235558,58,1653
2017-07-27,0.23287602774807606,0.20173341829651822,0.17686816015433374,0.10512023264282763,0.33127081585485885,58,1653
2017-07-28,0.23222471492919802,0.2014498429941727,0.17752806573778632,0.10536214323140183,0.33259022085974654,58,1653
2017-07-31,0.23234753502384542,0.20117348498599752,0.17776341942227475,0.10441817722619393,0.3313800164992352,58,1653
2017-08-01,0.2326662097852867,0.20249961709379913,0.17763341841248323,0.10552920221354985,0.33209562816919497,58,1653
2017-08-02,0.23295379719133613,0.2022441602827019,0.17772736341155618,0.10546589411050325,0.33247198783574217,58,1653
2017-08-03,0.23393757620882538,0.20305645347989554,0.17809888623673542,0.10583576186745158,0.33300249429721224,58,1653
2017-08-04,0.23462754618417092,0.2025075774840119,0.17739939036330868,0.10762814649261711,0.33144740804610884,58,1653
2017-08-07,0.23534475280787562,0.20449458282942748,0.17781795997035818,0.10756980343192638,0.33334798976875796,58,1653
2017-08-08,0.23595860895112405,0.20414949740187416,0.177537036076473,0.10846771617962561,0.3346315811227667,58,1653
2017-08-09,0.23557980260072886,0.20619762010099735,0.17716869890236744,0.10948156893913273,0.3343889263427661,58,1653
2017-08-10,0.23502146615627514,0.20392676640475746,0.1774068058796082,0.10947466545453972,0.3344640914205569,58,1653
2017-08-11,0.23571518050029225,0.20489722564525695,0.17739864926705903,0.10998512354022644,0.334839335979601,58,1653
2017-08-14,0.23523205320955964,0.20361017161379305,0.17757181753776896,0.10932187551231996,0.33446461595096555,58,1653
2017-08-15,0.23525875133261825,0.20344232114724276,0.17722552540377873,0.10875561562688377,0.3351462619972249,58,1653
2017-08-16,0.2348079676846143,0.20214550046631874,0.17768684485310424,0.10939269900286941,0.33578270283661205,58,1653
2017-08-17,0.23131803088674943,0.1995587057439221,0.1798320095642033,0.10477714265058259,0.33517411846074563,58,1653
2017-08-18,0.23212593292868333,0.1999011685696458,0.17958012947453517,0.10623062515657959,0.33469614098950756,58,1653
2017-08-21,0.23285447205820486,0.20172080820512622,0.17915889215111971,0.10618970761946189,0.33380972029122213,58,1653
2017-08-22,0.23247141534827062,0.20219191225215044,0.17937529585758194,0.10510640767310486,0.3338817188317852,58,1653
2017-08-23,0.23110065835350363,0.19862390022405052,0.17840506690874175,0.10476086760366697,0.32964608046189564,58,1653
2017-08-24,0.2304844974599287,0.19963646553137518,0.17813942426995985,0.10466349453060594,0.3286012127794287,58,1653
2017-08-25,0.23056572128334996,0.20063440320761594,0.17809859758441768,0.1049254416479264,0.328191709613265,58,1653
2017-08-28,0.22993371758890896,0.19823585270027522,0.17545847394170483,0.10343113664688745,0.32471892576905714,58,1653
2017-08-29,0.23017760169884796,0.19711739019264815,0.1756552484421132,0.10460681293223434,0.3254929533210159,58,1653
2017-08-30,0.23030252321965408,0.19732185133861424,0.17536824108624302,0.10559570923283364,0.3271794849760213,58,1653
2017-08-31,0.23040800135927647,0.19740762578802384,0.1753552518080126,0.10588969011650816,0.32846773767176457,58,1653
2017-09-01,0.23093565581517686,0.196969855444989,0.17486709155225455,0.10658952085174643,0.3287035657324797,58,1653
2017-09-04,0.23035038755444193,0.19695294557935186,0.1752077860488953,0.10631794286769733,0.32627972392039684,58,1653
2017-09-05,0.23092675048735042,0.19764121186885175,0.17491432322984762,0.10563579595293215,0.3278602952710485,58,1653
2017-09-06,0.23091613305723335,0.19784832188609486,0.17479439062677196,0.10510240775001,0.32527328628507957,58,1653
2017-09-08,0.23160033851432393,0.20017201707261245,0.17518942098737553,0.10565162475715684,0.32724650901270597,58,1653
2017-09-11,0.23088683684148414,0.19883209782497205,0.17329988200330274,0.10830260314553192,0.3215847877976784,58,1653
2017-09-12,0.23204090872409555,0.2001091522064615,0.1732539381272175,0.10934301092053623,0.32337375134840546,58,1653
2017-09-13,0.23206338956409603,0.2012588647770412,0.17304376330983812,0.1085435145363369,0.3237378104368271,58,1653
2017-09-14,0.23235303701455245,0.20185194714218285,0.1733066106686825,0.10925772962711348,0.3249802093116323,58,1653
2017-09-15,0.22727336726130715,0.19637145522604568,0.17217957405174547,0.10631881655876699,0.3161442547384547,58,1653
2017-09-18,0.22783391436561606,0.196676655925296,0.17229238949473216,0.10608501536170946,0.3170206969101792,58,1653
2017-09-19,0.22447183803340467,0.19584848677546096,0.17044047392518238,0.10492495602855878,0.31192783407852986,58,1653
2017-09-20,0.224677066365249,0.1971616380622104,0.1705183739086887,0.10416563237684526,0.31194141734803665,58,1653
2017-09-21,0.22416454731573765,0.1946579078442828,0.17012449771131333,0.10374305084541305,0.31120717505824813,58,1653
2017-09-22,0.2232109321940506,0.1951139834908346,0.1698947585345835,0.10244734781287812,0.30931725193921966,58,1653
2017-09-25,0.2234722765301262,0.1936963664850815,0.17014118021076927,0.10257417508546451,0.3105430600263549,58,1653
2017-09-26,0.22618614628937392,0.19715135834771944,0.1697919144524935,0.10727601346057304,0.31222929581859205,58,1653
2017-09-27,0.22603600008224994,0.1971189356531415,0.16977022752335205,0.10770547026464314,0.3125870651240591,58,1653
2017-09-28,0.22683850515757906,0.19870787221296163,0.1700429241608494,0.10678757951273624,0.3145956920455182,58,1653
2017-09-29,0.22731083343856276,0.19865353174439868,0.1699364165865402,0.10764684144999426,0.3166298206985313,58,1653
2017-10-02,0.22717068991676173,0.19791613172592135,0.17004633687442414,0.10694804058206431,0.31568370171432847,58,1653
2017-10-03,0.22725182729314783,0.19812302248098868,0.17019720260161297,0.10647350448637329,0.31682466781637836,58,1653
2017-10-04,0.22816103058137163,0.19816488393003914,0.17043087733195258,0.1065378643305938,0.3171556781661816,58,1653
2017-10-05,0.2275339258673358,0.19804722441328185,0.17000547481639894,0.10580744682296758,0.3153004319582911,58,1653
2017-10-06,0.22747662997937637,0.19828154965401,0.16995383179473053,0.10581937726124789,0.31518012764468967,58,1653
2017-10-09,0.2272822184867261,0.19758374680504312,0.16971466784460557,0.10630898730614534,0.3161062011837714,58,1653
2017-10-10,0.22739373627551526,0.196587018239213,0.1697586879639995,0.10718847760785664,0.31740739309532123,58,1653
2017-10-11,0.2275683977794723,0.1960027043346653,0.16958248286565336,0.1069667487987384,0.318968109784158,58,1653
2017-10-13,0.22775179914036875,0.19577741107002167,0.16973100463975968,0.10726839398336871,0.31809449825630853,58,1653
2017-10-16,0.22746579639419562,0.1953833220037685,0.16959876623769043,0.10694991693386999,0.31879757709633394,58,1653
2017-10-17,0.22736135554559744,0.19577909018005207,0.16963049665920926,0.10675362569406788,0.318758058086803,58,1653
2017-10-18,0.22767447605750263,0.1961999695129732,0.16938096942649158,0.10795386565182273,0.31824635913647076,58,1653
2017-10-19,0.22795951060959968,0.19753382555403604,0.16930989215225353,0.1086766551980062,0.318887157956197,58,1653
2017-10-20,0.22782655282463632,0.19765663920876334,0.1689964315661258,0.10921895025017601,0.31857878691555147,58,1653
2017-10-23,0.22757919913239574,0.1978843874242713,0.1691690457484193,0.10777508940057859,0.3187275077153281,58,1653
2017-10-24,0.22673249124035308,0.19655990708272866,0.1687516346461504,0.10684845490660046,0.3164365332117858,58,1653
2017-10-25,0.22684409912719639,0.19673012613855304,0.16893317855582124,0.10727170479877181,0.3171007698538422,58,1653
2017-10-26,0.2268093828823169,0.19689389156950585,0.16887770113667247,0.10750375441100198,0.3186780532337817,58,1653
2017-10-27,0.22700881787353283,0.1973993827229081,0.16900643140681218,0.10676521917675756,0.3187201452906917,58,1653
2017-10-30,0.2298491036762936,0.1990491004127714,0.16588741163120216,0.11173279304014727,0.3182324341533349,58,1653
2017-10-31,0.23019630268766458,0.1990567712814565,0.16679307857587264,0.11159705841462897,0.32208899936010016,58,1653
2017-11-01,0.23081472560579555,0.1995630733801394,0.1668292380834268,0.11168871112970874,0.32092236282738323,58,1653
2017-11-03,0.23184160066344786,0.20015345979007676,0.1664441600741252,0.11304950080992665,0.3218802045629717,58,1653
2017-11-06,0.23233315593409073,0.20159183376506165,0.16649704919511815,0.11374494629368202,0.3229033119338843,58,1653
2017-11-07,0.2332217548185384,0.20155219436422028,0.1667922080455356,0.11514934074196394,0.3233130100351628,58,1653
2017-11-08,0.23330752025120038,0.200544750458859,0.16627226275455367,0.11486148452989986,0.3218521687373941,58,1653
2017-11-09,0.2324505736830179,0.2008937481361574,0.16690946941666623,0.11486148452989986,0.3203975561167938,58,1653
2017-11-10,0.23393253657827026,0.20215594054915667,0.16761338242224158,0.11523752624890482,0.3222213208804046,58,1653
2017-11-13,0.2317610937666868,0.2001751055627138,0.16619141039131816,0.11524039245385907,0.3204885180243002,58,1653
2017-11-14,0.23161824954840007,0.200106453198483,0.16620249426354633,0.11440584859151902,0.32087377551058177,58,1653
2017-11-16,0.23400459026105824,0.20302721942097285,0.16613757809590124,0.11592916263172486,0.32073020561818877,58,1653
2017-11-17,0.23762753777761988,0.20907465301574685,0.16305606605113845,0.12270699705084205,0.3180379808415037,58,1653
2017-11-21,0.23160860631119234,0.20017788526035118,0.1628946490729056,0.11865486182116423,0.3119580729698,58,1653
2017-11-22,0.2326480327890166,0.20076541732191325,0.1630425825619217,0.12019789607263424,0.31342634586041535,58,1653
2017-11-23,0.2341629945980285,0.20186360419393684,0.1625883630580977,0.1237680983673996,0.31495869473969446,58,1653
2017-11-24,0.23337858569913264,0.20143366283828232,0.16260643197821992,0.12307474580155496,0.3143548079806966,58,1653
2017-11-27,0.2343446311458366,0.20223840270670845,0.16272817647165363,0.12313133725456042,0.31720630300769637,58,1653
2017-11-28,0.23403550222087938,0.20318202042732564,0.16187626078058212,0.12124932510692892,0.3153942182247794,58,1653
2017-11-29,0.23372451074208617,0.20239406959201173,0.161953405231228,0.12076516644575327,0.3160683788273644,58,1653
2017-11-30,0.2353062574617263,0.20446628571469816,0.16278679976897922,0.12078736532677015,0.3153757125798151,58,1653
2017-12-01,0.23582381289834614,0.2050301332008229,0.16395234016901322,0.12016632112928087,0.3185804911919062,58,1653
2017-12-04,0.23578403821456426,0.20466756016913465,0.16398669501995972,0.11830025796910125,0.3173299588321274,58,1653
2017-12-05,0.23544715255074328,0.20554506491698768,0.16391764722371205,0.11850928709478777,0.31660270351117875,58,1653
2017-12-06,0.23541278353730977,0.205780448994544,0.1629489428321732,0.11920355461823921,0.31946640578183216,58,1653
2017-12-07,0.23661392767981837,0.2062228437185136,0.16375842093614795,0.1210906372465493,0.3181793441079489,58,1653
2017-12-08,0.22947652492085047,0.20008935648954676,0.163509244511851,0.11412848459115642,0.30828094416554774,58,1653
2017-12-11,0.23023856678359497,0.20015889486960425,0.16357586334064766,0.11578024080151025,0.3087196364707014,58,1653
2017-12-12,0.23087699884793308,0.2004310429104602,0.16378548770937806,0.11644213813871981,0.3091412916985831,58,1653
2017-12-13,0.23170577112575527,0.20120992753081074,0.16402814717298622,0.11648773160527813,0.3103709041968776,58,1653
2017-12-14,0.23201378892379707,0.20181681270906532,0.16465355347663924,0.11531612604238027,0.31104891803291107,58,1653
2017-12-15,0.2326977509265163,0.20291041931476,0.16455344101899513,0.11667264875974594,0.3119605220580955,58,1653
2017-12-18,0.23313709066019356,0.20262857897158407,0.16446492931814474,0.11606630991581565,0.31287833319249675,58,1653
2017-12-19,0.23223164488136053,0.20248301794994364,0.16489471291880226,0.11482272027058062,0.31116899772610085,58,1653
2017-12-20,0.23323741013692317,0.20338126960966946,0.16483566346399134,0.11453405639955588,0.3136287379951302,58,1653
2017-12-21,0.23349623954933102,0.20379535172348542,0.16483124747317893,0.1148365463916683,0.3128269991212357,58,1653
2017-12-22,0.2358739041638427,0.20489438573897953,0.16468500830580204,0.1168355294337955,0.316473514225364,58,1653
2017-12-26,0.23643352962278383,0.20641118883304574,0.16467425101639213,0.11826623348890107,0.3162359346224829,58,1653
2017-12-27,0.23566436297876417,0.20611206330576076,0.1647939966181694,0.11787535666150978,0.317660926889201,58,1653
2017-12-28,0.23569530002238911,0.20561918826021708,0.16527905494053008,0.11762638646393257,0.3185385442893423,58,1653
2018-01-02,0.23607501877687853,0.2061820212070128,0.16569082980276933,0.11730913329537232,0.31787909343130333,58,1653
2018-01-03,0.23737886777861306,0.20690743657118743,0.1659266504850207,0.1179205997888847,0.3203242202189219,58,1653
2018-01-04,0.23721677343021108,0.20842990102395806,0.16593993024130532,0.11758359007540523,0.32065298694394057,58,1653
2018-01-05,0.23671948946856067,0.2067474833274901,0.1660262301795096,0.11619575612918716,0.3201654709453483,58,1653
2018-01-08,0.23665049288175535,0.2066973616342502,0.1662426206759261,0.11600017900246812,0.32027499651708546,58,1653
2018-01-09,0.23626377780200086,0.20588928935664386,0.16634799585363544,0.11612259321861199,0.3188491112966395,58,1653
2018-01-10,0.23687502855918924,0.20565278364038309,0.1664574680923472,0.11674126074882589,0.3193028818468764,58,1653
2018-01-11,0.23726866789954637,0.20595611811108572,0.16633425338860017,0.11757423920099816,0.3195478435547686,58,1653
2018-01-12,0.23667309342266793,0.20479263653799423,0.16536562172971261,0.11977891850529411,0.31863988966175505,58,1653
2018-01-15,0.2366146802684105,0.2045604258282276,0.16548480449151454,0.12032372132743585,0.3176148832590668,58,1653
2018-01-16,0.23731197012468047,0.2061964943327723,0.1652853454997251,0.12089535336349908,0.3192251767639679,58,1653
2018-01-17,0.23641873770585992,0.20469742644298025,0.16536138955406088,0.12018160303967991,0.3171884457444757,58,1653
2018-01-18,0.23623023170000698,0.20441250372527806,0.16560703238641522,0.12027088818480344,0.3188438052792956,58,1653
2018-01-19,0.23712273213286092,0.20570956254373285,0.16574558754520743,0.12025476621286753,0.3204716687394042,58,1653
2018-01-22,0.23757252572900317,0.20575953484388285,0.16566292161019228,0.12083999428303786,0.32143282455090333,58,1653
2018-01-23,0.23446160589085185,0.20075580432525375,0.1649390078995239,0.11838772212667745,0.31416058639382205,58,1653
2018-01-24,0.23602630138642441,0.20330847871304852,0.16465187794208405,0.12047751776025198,0.31516105622836116,58,1653
2018-01-26,0.23760942288655443,0.20077965335628808,0.16638558305563472,0.12143097458768631,0.32130927180801927,58,1653
2018-01-29,0.23815432808470108,0.20074851366738797,0.16727771427245244,0.12146635965274281,0.32130874259752973,58,1653
2018-01-30,0.23860310871187992,0.20244762694294458,0.16690753600508246,0.12071494189098182,0.3210017724142381,58,1653
2018-01-31,0.23770282531930043,0.20135934385775467,0.16718979578784934,0.12035988909728233,0.3196772512960732,58,1653
2018-02-01,0.23752920976323808,0.20194046687637407,0.16726218460579007,0.1197648971172298,0.3204566604476683,58,1653
2018-02-02,0.2362832509143186,0.1994901300783152,0.16655795481313257,0.11898857874072236,0.31865135595816063,58,1653
2018-02-05,0.23782207685402934,0.203070985475581,0.16657411757567742,0.1210906557234611,0.3203965008927214,58,1653
2018-02-06,0.2391179296852912,0.2018015143772554,0.16809789431419003,0.11970753356442486,0.32245759910086413,58,1653
2018-02-07,0.23970377390991365,0.2024537604031448,0.16858951598770824,0.11870954401575494,0.3247020643982058,58,1653
2018-02-08,0.23611401378704838,0.19822507489469843,0.16880084351523056,0.11549226011152952,0.319532801303068,58,1653
2018-02-09,0.23667644336444033,0.2003985804546345,0.16867281962869163,0.11588763509671281,0.3183661414415401,58,1653
2018-02-14,0.2372888511708497,0.2008321427263103,0.16845084061403665,0.11558184146900251,0.3207517223664133,58,1653
2018-02-15,0.24032181305697214,0.2035859344463783,0.16893011646550096,0.11970753356442486,0.32404952864027103,58,1653
2018-02-16,0.240829878507416,0.20497199770850252,0.16905941676714303,0.12022037219000904,0.32506357428348703,58,1653
2018-02-19,0.23965113625463946,0.20217835418413305,0.1686443631979779,0.11948667312460666,0.3230477452130036,58,1653
2018-02-20,0.23942228495917647,0.20279746235871596,0.16870841129124325,0.11948876095332793,0.32355505452211486,58,1653
2018-02-21,0.23869339627778893,0.20224184992655297,0.16789647365424692,0.11890823118123435,0.32298584530499025,58,1653
2018-02-22,0.2389105426460312,0.20325479765561538,0.1678601174870801,0.11910987900270414,0.3228380379039053,58,1653
2018-02-23,0.23714992489182443,0.20214193763312915,0.1676006084168464,0.11723049518964627,0.319883749808048,58,1653
2018-02-26,0.2359087042627502,0.2004394044978416,0.1684258009718573,0.11664414023038748,0.31972626734153264,58,1653
2018-02-27,0.2363960120656029,0.20061622143646116,0.1674524322190758,0.11870378441641503,0.31997201477332254,58,1653
2018-02-28,0.2352326463689972,0.2007130832904417,0.1681970112726995,0.11637359735918945,0.3201052224460123,58,1653
2018-03-01,0.2353967504244464,0.2006713958796578,0.16857946165184312,0.11593799666070581,0.3213414987976356,58,1653
2018-03-02,0.2350829481134274,0.19959160088012667,0.1685041864311031,0.11464187049612713,0.32132546642821136,58,1653
2018-03-05,0.23441734535214645,0.19957171389847359,0.16982090570028982,0.11258048602952989,0.32118153956400547,58,1653
2018-03-06,0.23466101689738314,0.19967910869643887,0.16995426345146974,0.11300018309689132,0.32303317881738314,58,1653
2018-03-07,0.23568108577107633,0.20092994776563772,0.16999540248041914,0.11389776671205654,0.32438418726873786,58,1653
2018-03-08,0.23420587433410855,0.19997571320118535,0.16992614146754348,0.11218199728311505,0.32350632094095044,58,1653
2018-03-09,0.2344799096507546,0.1989164893281499,0.16988794516105044,0.11123536788096716,0.32304371132877063,58,1653
2018-03-12,0.2346621056789362,0.19950322938055565,0.17035263344467946,0.11362463649714273,0.3233739961179269,58,1653
2018-03-13,0.23426921053569916,0.20052212602198163,0.17046288568454723,0.11171804006797034,0.32145198157565014,58,1653
2018-03-14,0.23396818095196895,0.19946152690738128,0.17037024741788354,0.11079640220734885,0.3218229720652518,58,1653
2018-03-15,0.23425804530429645,0.20069250267382097,0.1707732454090332,0.11154595566124922,0.3210117103949683,58,1653
2018-03-16,0.23484620342914658,0.2011795815432313,0.17107908652459264,0.11216834296741719,0.3244259385673976,58,1653
2018-03-19,0.2351012245720898,0.20113796769633702,0.1720431677546873,0.1119649751955499,0.323886558795881,58,1653
2018-03-20,0.23624305037752646,0.20265597335104488,0.17245481920372116,0.11316543780738146,0.32442215124226936,58,1653
2018-03-21,0.23629795469743664,0.202669384415505,0.1725061207644698,0.11137671119480227,0.3228041709532522,58,1653
2018-03-22,0.234860945436857,0.2013265688588775,0.1723927280462362,0.11096614148055658,0.32097387155138113,58,1653
2018-03-23,0.2339067925301309,0.1984003122708703,0.17253347985862355,0.1108838098837799,0.3199041089976273,58,1653
2018-03-26,0.23245657914038811,0.1988327771896148,0.17291096192444858,0.10873714060002376,0.3205017718700407,58,1653
2018-03-27,0.23464032103522622,0.20070505504938976,0.17214153317194603,0.11544469547579737,0.3203528630901361,58,1653
2018-03-28,0.23390947344976792,0.1995171065276247,0.17198304925819147,0.11338837432895095,0.31948034253179963,58,1653
2018-03-29,0.2349575801257815,0.20102921733264184,0.17229598668216942,0.11345091927959489,0.3196647736013916,58,1653
2018-04-02,0.2329412059775935,0.1996199432723439,0.17073853695009178,0.11370060036483105,0.32103422581364205,58,1653
2018-04-03,0.23480371563592198,0.20189276165976505,0.17001080360646567,0.1163398653765179,0.3209882994546977,58,1653
2018-04-04,0.23543766472683894,0.2019819660209356,0.170112620481864,0.11694891571132635,0.3225972512488347,58,1653
2018-04-05,0.23605595951538233,0.2022144189988904,0.17062630839115694,0.1171968491190853,0.3232627420797215,58,1653
2018-04-06,0.23665208408932964,0.2029570158812279,0.17049349132386193,0.11793598005860244,0.3238626656970401,58,1653
2018-04-09,0.23721146047584668,0.20432339947718928,0.17042942397057737,0.11916990050272509,0.32420433733121,58,1653
2018-04-10,0.23812039749635297,0.20347003674999828,0.17092110128002494,0.11891756523457342,0.3257169721205231,58,1653
2018-04-11,0.23784534697999568,0.20380872143145343,0.17091094716812957,0.11857093561406949,0.3262224687136324,58,1653
2018-04-12,0.23792685791429727,0.20371666948824096,0.17089196037173385,0.11972453520760616,0.3259336843355708,58,1653
2018-04-13,0.23809025215816923,0.204036767490508,0.17086476214152957,0.11917657326282495,0.32805855643334886,58,1653
2018-04-16,0.2387291322882346,0.2040740151032161,0.17116541017346273,0.11996679140168619,0.32804558987269056,58,1653
2018-04-17,0.23840481610170614,0.20284332474402747,0.17190102543111582,0.11829642235205474,0.3283984888007279,58,1653
2018-04-18,0.23864653692428503,0.20232122866705807,0.17153199218643528,0.11941578683732161,0.3269985223710616,58,1653
2018-04-19,0.23933799582465023,0.2038176326856549,0.1717918599110118,0.11972003525179477,0.3287451958805795,58,1653
2018-04-20,0.24075628658526912,0.20635948286926822,0.170956431685451,0.12196813925873001,0.32891664595110315,58,1653
2018-04-23,0.24136651285942864,0.20662182396776943,0.1710731783879217,0.12279683445644785,0.33231684282356055,58,1653
2018-04-24,0.24173353483829219,0.20728299584325324,0.17063684170031143,0.12362021677832363,0.3315214728979724,58,1653
2018-04-25,0.24167996715679216,0.20625030838563968,0.1706545687920259,0.12394468751554351,0.33219028860953403,58,1653
2018-04-26,0.24104890303462792,0.20659850970288182,0.17013103041547695,0.12203410264540608,0.33004226626376076,58,1653
2018-04-27,0.2409313156056043,0.20643023355205334,0.17037543215259152,0.12297157616291939,0.32894019637177674,58,1653
2018-04-30,0.24110279511986288,0.2064429868326249,0.17036042494618245,0.1239386254944792,0.33336933396245516,58,1653
2018-05-02,0.24187858086889338,0.20710085729602953,0.17052962111267564,0.12339204612621922,0.3348098504514973,58,1653
2018-05-03,0.24207372830603507,0.20723453049420504,0.1709321141909072,0.12151840037640457,0.3364596282829264,58,1653
2018-05-04,0.24322792943721483,0.20869094430275234,0.17074767146117606,0.12320081705425547,0.33825835589299363,58,1653
2018-05-07,0.24332806782303848,0.20745737642956455,0.1707596533612713,0.12235802485114788,0.33937452366928644,58,1653
2018-05-08,0.24376636845338925,0.2094781410889812,0.17094661069510933,0.12250707231448557,0.3382205645659353,58,1653
2018-05-09,0.2431026981156801,0.2063733888822499,0.1696490779320304,0.12254863312024615,0.33638225554052137,58,1653
2018-05-10,0.24227993478388932,0.20709997278122852,0.1686495225483201,0.12315310052119707,0.3341009041053887,58,1653
2018-05-11,0.24256111265438426,0.20810480960040825,0.1684755351130972,0.12416807589480675,0.33449891146468275,58,1653
2018-05-14,0.24006579389262322,0.20626618854270784,0.16729447147708768,0.1226723055454452,0.3298704933785221,58,1653
2018-05-15,0.23991249818409094,0.20756700502242886,0.16728024908330755,0.12309900801185195,0.32869276049855206,58,1653
2018-05-16,0.2394969723766371,0.2065603205219751,0.1672823798597476,0.12355543437610308,0.32917140911499276,58,1653
2018-05-17,0.23812146671655593,0.20484993534254062,0.16776156038848758,0.1204673600897512,0.32766583206890254,58,1653
2018-05-18,0.24184888452354775,0.20893738962558678,0.16833841035626587,0.12447697697276178,0.33357074986492463,58,1653
2018-05-21,0.24184989547340977,0.20897116406635743,0.16826723589609796,0.12377889331278819,0.33347738750298067,58,1653
2018-05-22,0.24239184498887834,0.20937790946109713,0.1686707148260627,0.12397424951971962,0.33527862453033014,58,1653
2018-05-23,0.2423089058559626,0.21003150076255678,0.16885712549969834,0.1241868798906825,0.33806377405093085,58,1653
2018-05-24,0.24307662224148202,0.2110619149982272,0.1695889483596756,0.12436067666678828,0.33825021525382487,58,1653
2018-05-25,0.24119030397387045,0.2094957277726088,0.16797380126640118,0.12316430649648986,0.33530032277507094,58,1653
2018-05-28,0.19423073384341405,0.16786778461057095,0.15268754945389046,0.0918282353116236,0.2703555405841798,58,1653
2018-05-29,0.20606590065477512,0.1784899697816683,0.15317165305356698,0.10017572490742434,0.28394428678564926,58,1653
2018-05-30,0.20267606123760426,0.1776614719016755,0.15161470617174808,0.09910969906305639,0.27732976802487347,58,1653
2018-06-01,0.1995720794849141,0.1726364306811484,0.1515262292938358,0.0975304045331474,0.27323579562049854,58,1653
2018-06-04,0.19605295451774218,0.170950668563911,0.15099173949976016,0.0948108253019858,0.27092485019871954,58,1653
2018-06-05,0.197792059596716,0.1718785659986416,0.14997630424214847,0.09666371840195877,0.2718222728955552,58,1653
2018-06-06,0.20031545856689958,0.17465784852839847,0.1510243392091907,0.10024459844690259,0.2755889523431677,58,1653
2018-06-07,0.20044251837249336,0.17511606037684038,0.151327769760661,0.0997445109280746,0.2754918059055041,58,1653
2018-06-08,0.20674490778303806,0.18247106843530003,0.15115745101858827,0.10519505813782032,0.2823278813771946,58,1653
2018-06-11,0.20494268806479268,0.1804682072549542,0.1509704914276996,0.10270839904380044,0.2783318874751749,58,1653
2018-06-12,0.204641234405186,0.18022175506746377,0.15076332529317096,0.10227523110750412,0.2779766645162484,58,1653
2018-06-13,0.2041918838828819,0.1791413140624652,0.15099473007412406,0.10207456896322693,0.27764117055438325,58,1653
2018-06-14,0.20349594952975722,0.17988368296511237,0.15088728960596567,0.1017212897196582,0.27895569160518396,58,1653
2018-06-15,0.20394309197267804,0.18003231500311315,0.15074291063695874,0.10242804483767311,0.2796530028345367,58,1653
2018-06-18,0.2026045987270776,0.1779618431423839,0.15082223136307843,0.10185563920175801,0.27869016119297335,58,1653
2018-06-19,0.20325234765452924,0.17665113008882058,0.15109477725636947,0.10205953225153558,0.2797922653660243,58,1653
2018-06-20,0.20556838183617307,0.18191293407848363,0.1524167635941957,0.10202024592741259,0.28408609357885173,58,1653
2018-06-21,0.20531632041655654,0.18007410712548053,0.15276125960573736,0.10190009044022903,0.2844366645502227,58,1653
2018-06-22,0.20765686399044977,0.179453379344855,0.15556565866881147,0.10082040827722985,0.28863351453999714,58,1653
2018-06-25,0.20787035025543155,0.1805699745673411,0.15589324949020233,0.10136157900317595,0.2886287513733788,58,1653
2018-06-26,0.20760934811973525,0.18020082813344074,0.15604879602901855,0.09980853797542698,0.2886276816386613,58,1653
2018-06-27,0.20694061145359727,0.17888960911461277,0.15576692860366126,0.09956024255134348,0.28874846495355605,58,1653
2018-06-28,0.20425738382857914,0.17634918035205513,0.15643678562259522,0.09682279725820327,0.28738698317679245,58,1653
2018-06-29,0.2042666586968412,0.1754840530915834,0.15744400707932873,0.09696786843205274,0.28947104875741575,58,1653
2018-07-02,0.2045627866511436,0.17591479282398328,0.15754817463107543,0.09555995621141565,0.29044641105075986,58,1653
2018-07-03,0.20439960100772173,0.17556692288143738,0.15765492844959936,0.09547679697932845,0.2902292646444182,58,1653
2018-07-04,0.20406251663552935,0.17570421540604705,0.1573828330447183,0.09616675081694445,0.2898472252614492,58,1653
2018-07-05,0.2053046985386106,0.17516239371874895,0.15770344687681653,0.09751706485403698,0.29082422738966013,58,1653
2018-07-06,0.20474682210486,0.17544746983158857,0.15784965571419007,0.09595665256019983,0.29133304161841006,58,1653
2018-07-10,0.20509624388420225,0.17540951421436815,0.15777938013644596,0.0964420283244198,0.2909541940238942,58,1653
2018-07-11,0.2038050992394371,0.17226469052939755,0.15788131482557108,0.09681466679961605,0.2908983205585167,58,1653
2018-07-12,0.2036479196033806,0.17306835701715945,0.15771420386414145,0.09574367861285975,0.2898858613987395,58,1653
2018-07-13,0.20448900777440396,0.1729737739564897,0.15798534136572923,0.09724310706912488,0.2900506954538799,58,1653
2018-07-16,0.2046920248940568,0.17403183274527517,0.15794851441068858,0.09665524391987339,0.2899668884331792,58,1653
2018-07-17,0.20531247638870018,0.17532859878598472,0.15812945299461761,0.09779666923840179,0.2909021171593372,58,1653
2018-07-18,0.20686514608852066,0.17634032140580008,0.1582416597145343,0.10066435502626525,0.29195930288815153,58,1653
2018-07-19,0.20617106814453276,0.17634121875491535,0.15791351051163302,0.10005739232605222,0.29138108640512916,58,1653
2018-07-20,0.20555784234765948,0.17618462678517668,0.1578633351832525,0.0995022496435109,0.2900328592805877,58,1653
2018-07-23,0.20551599321893613,0.1752964150973577,0.15828661729579474,0.09827733683765146,0.28832597034963936,58,1653
2018-07-24,0.2054510920335093,0.1749173258556813,0.1582969091799191,0.0968357248346935,0.2880604441745526,58,1653
2018-07-25,0.20607092251233633,0.17550472222215302,0.15836780791311145,0.09703949988126052,0.2891737774861984,58,1653
2018-07-26,0.20585058100334191,0.17502033989257162,0.15846302242325175,0.09707295475879804,0.2890506337485424,58,1653
2018-07-27,0.20661935394477163,0.17642467961554947,0.158486908255023,0.09869775818647934,0.28718027763845183,58,1653
2018-07-30,0.20625456828668493,0.17623950452186882,0.1581423530924663,0.0977702730226025,0.2876497187761752,58,1653
2018-07-31,0.2064913221079004,0.17688545279440052,0.15818605522856746,0.09786743486921955,0.28764687288880353,58,1653
2018-08-01,0.20682459623366606,0.17715055289580378,0.15839712633978423,0.09766709126790805,0.2881765680751214,58,1653
2018-08-02,0.2060667094994409,0.1756592510141664,0.15820178605678117,0.09767227488700804,0.28645237535382434,58,1653
2018-08-03,0.20627947960366785,0.1763609242000209,0.1581364602085661,0.09740465150553407,0.286073025223972,58,1653
2018-08-06,0.20612525250487132,0.17678938942765265,0.1581380690231817,0.09832472297378288,0.2875856871197638,58,1653
2018-08-07,0.20611968975471556,0.17818111243717946,0.1581837404891846,0.09891976439887407,0.28784994441064937,58,1653
2018-08-08,0.2060489846814766,0.1771074012208167,0.15829873779678164,0.09716806996498487,0.28686762880323585,58,1653
2018-08-09,0.2060206477180079,0.17776956908226943,0.1580519472284445,0.0972818413861776,0.2891424636641759,58,1653
2018-08-10,0.20661456327495328,0.17748664603577957,0.15804240912824313,0.0985592237622997,0.29042593011045714,58,1653
2018-08-13,0.20950424601089934,0.1822358423538737,0.1589983068806375,0.09895646135599308,0.294707832619194,58,1653
2018-08-14,0.20938957303894604,0.18222437976930272,0.1591723814816769,0.09903261709472787,0.2937360501903679,58,1653
2018-08-15,0.2111765844067818,0.1839815530724824,0.15843489070762515,0.10043330358774033,0.29405382864108076,58,1653
2018-08-16,0.21100255528784537,0.1834606764688184,0.1581151804237076,0.10097654570822338,0.2936017449848405,58,1653
2018-08-17,0.21030069873327667,0.1825608398201409,0.15766929924577014,0.10118327764733581,0.292493212615027,58,1653
2018-08-20,0.21040603682783274,0.18312326470578316,0.15778250216619538,0.09963658700083608,0.29332043624287946,58,1653
2018-08-21,0.21005547262783375,0.18357829513438972,0.1577840434111386,0.09943277152258839,0.2939133358002293,58,1653
2018-08-22,0.212291693528287,0.1863768912200664,0.1587935213689334,0.10044483617796288,0.29728841868984535,58,1653
2018-08-23,0.21370646073049585,0.1876656276157855,0.1600620865108459,0.09989287958395562,0.2982346584267731,58,1653
2018-08-24,0.21568952746171025,0.19013348522338044,0.160954802648262,0.10036143421724872,0.3018017659011235,58,1653
2018-08-27,0.21557361630392924,0.18960675822154593,0.16082485681943626,0.100536993530794,0.30114436908565234,58,1653
2018-08-28,0.21636177775113474,0.19010951807837786,0.16192149239027087,0.10040030799381486,0.30495098511138813,58,1653
2018-08-29,0.2161084331519909,0.1904887385135203,0.1620328202167291,0.10049695364624951,0.3041501557640995,58,1653
2018-08-30,0.21673923140993975,0.19185663640612308,0.16227443908168251,0.10009795532625504,0.30669735887529825,58,1653
2018-08-31,0.21821252392721124,0.19274994997453143,0.16368854887650913,0.10105198959685086,0.30935109964326707,58,1653
2018-09-03,0.21913195308073044,0.19245098222947363,0.16430196715444756,0.1024554333976687,0.31372314825100095,58,1653
2018-09-04,0.21890447536834282,0.19157847962210287,0.16459287165989078,0.10253983475880993,0.31233620736371853,58,1653
2018-09-05,0.21999350324105796,0.19327343537592673,0.16448597065834691,0.10430879460878653,0.3143519731700483,58,1653
2018-09-06,0.22004265181442192,0.19324849763388532,0.16459749861995435,0.10331064650581144,0.3151547646827856,58,1653
2018-09-10,0.2204989850464415,0.19390046088442606,0.16530246575016133,0.10284748951525287,0.31628574568868784,58,1653
2018-09-11,0.22041794993678923,0.19353958679797828,0.165383276708616,0.10210534873556025,0.31630483419379674,58,1653
2018-09-12,0.2224119929266314,0.19440113196546166,0.16627209049729208,0.10315082939917164,0.3191880458427252,58,1653
2018-09-13,0.22202852782805882,0.19370132974003837,0.16607201702559707,0.10221680836140921,0.32022201625248375,58,1653
2018-09-14,0.2220827707870699,0.19198557966628435,0.16628186259034886,0.10170032333476783,0.3206152194266535,58,1653
2018-09-17,0.22230420240162477,0.19219053600746944,0.16632710480634305,0.10190578054905838,0.32004797358928394,58,1653
2018-09-18,0.22239191726585564,0.19239810521404024,0.16654979286772267,0.10317610099548902,0.3201899921052149,58,1653
2018-09-19,0.22486513246926573,0.1956995250561232,0.16720505604444508,0.10565707360280327,0.3242117137247888,58,1653
2018-09-20,0.22328300005785584,0.19271661947268465,0.16725081170655054,0.10376748070482593,0.3248649117944346,58,1653
2018-09-21,0.2232031787867088,0.19335833317552764,0.16724893127936963,0.10238285897730533,0.3237832468850603,58,1653
2018-09-24,0.22347518630162932,0.1938651876502678,0.16773060537438053,0.10238041257342724,0.32268971393529844,58,1653
2018-09-25,0.22455089518362428,0.19527399759138978,0.16818024353069896,0.1024994619091267,0.32455482888448894,58,1653
2018-09-26,0.2237724984727272,0.19180731640676665,0.16782029303863857,0.10371974474164218,0.32230438508460135,58,1653
2018-09-27,0.22313249411675942,0.19187056119977397,0.16806736363363967,0.10134888156239741,0.3246560413229138,58,1653
2018-09-28,0.22314243905591558,0.19206770340346865,0.16808499144202385,0.10172333816151262,0.32429032395288016,58,1653
2018-10-01,0.2235311098918733,0.1922513615374778,0.16804068248933737,0.10276022516451198,0.32539792972206744,58,1653
2018-10-02,0.2244089814924288,0.1961147259652248,0.1682124472348656,0.10430299843931243,0.32528482844363066,58,1653
2018-10-03,0.23087594749711624,0.20309790812583942,0.1690117743979476,0.10792920015509092,0.33325859204515074,58,1653
2018-10-04,0.23026027251753994,0.20172926654865134,0.17069675831742367,0.10466983933927851,0.33318381338300607,58,1653
2018-10-05,0.22976896480354903,0.20159244188814085,0.1705816370442922,0.10389099890072974,0.3323027838807849,58,1653
2018-10-08,0.22875456715293038,0.20125749804758522,0.1701255637366103,0.10339386932598219,0.3323411944251791,58,1653
2018-10-09,0.23166877496470656,0.20025376415248786,0.17265800110855184,0.10524294112664913,0.3346750594719873,58,1653
2018-10-10,0.2310194617483134,0.20043889478692228,0.1727345098266646,0.10457274528217553,0.33276332364834443,58,1653
2018-10-11,0.2326206559967587,0.20111238173320112,0.17376930476606267,0.10614211176663141,0.33614231810519923,58,1653
2018-10-15,0.23001330950710977,0.1984416759575917,0.17268848408465423,0.10439028691467611,0.33107479555152003,58,1653
2018-10-16,0.23013438393949456,0.1980483887690086,0.17286031254850856,0.10435272367402554,0.3342060314280612,58,1653
2018-10-17,0.2318160729600456,0.19880171109267009,0.1734317592974134,0.10620732895072903,0.33629238186979543,58,1653
2018-10-18,0.23146104972955506,0.19880171109267009,0.17329605218805233,0.10628388387073244,0.33354056271646443,58,1653
2018-10-19,0.231461927334528,0.19909946519121619,0.17375469047861788,0.1054445099149751,0.3326616755166701,58,1653
2018-10-22,0.2302184016019249,0.19691397379139802,0.17315249471461103,0.10562104280733377,0.33069975779708155,58,1653
2018-10-23,0.23007427692459761,0.1962403383577142,0.17342679528405153,0.1054596787849355,0.3305367464785527,58,1653
2018-10-24,0.23012206300130789,0.1962595234135542,0.1734305509130545,0.10471685967330073,0.3331000279747681,58,1653
2018-10-25,0.23111587307052722,0.19662058850049988,0.1738497684161669,0.10562425344354276,0.33583065538956897,58,1653
2018-10-26,0.23115778243244162,0.19592095854704528,0.17420585751354448,0.10606404874906383,0.3343452114186122,58,1653
2018-10-29,0.23109353345848832,0.19567899690805984,0.17478267818052792,0.10538781182566884,0.33304058530283714,58,1653
2018-10-30,0.23165982136600685,0.19636900432140147,0.17515754863961003,0.10432042686215263,0.33453274517221016,58,1653
2018-10-31,0.23334705045360038,0.1973824238368967,0.17557182509952368,0.10511379426867991,0.3377208069298955,58,1653
2018-11-01,0.23385821642730092,0.198310102769347,0.1750439151788031,0.1051820520197443,0.3370482815103007,58,1653
2018-11-05,0.23400865199172363,0.19987906927609234,0.17465959080351798,0.1068856117813897,0.3361357706871052,58,1653
2018-11-06,0.234447135803807,0.20089010083061526,0.17447287666517944,0.10662057830862078,0.3380453830289022,58,1653
2018-11-07,0.23438592177181386,0.20026610961025956,0.17451717321953977,0.10714041016909909,0.33844305650054207,58,1653
2018-11-08,0.23462002306458096,0.1994010311190078,0.17480136354448225,0.10695903874286426,0.33801919514663376,58,1653
2018-11-09,0.23518100935635539,0.20040060071901533,0.17372383799257374,0.10911243208932776,0.3369202960142938,58,1653
2018-11-12,0.23427284903950593,0.19883058469790846,0.17353110820014636,0.10817967102789319,0.3356676868293637,58,1653
2018-11-13,0.23344194967999815,0.1974656428941381,0.17347720501462155,0.10707992294595162,0.33397246148131987,58,1653
2018-11-14,0.2337935531500586,0.19868607126288237,0.17342907928845364,0.1071685862403391,0.332417778942382,58,1653
2018-11-16,0.2334632332206515,0.19779243210137906,0.17346167951298913,0.1071737155737667,0.3338768356079253,58,1653
2018-11-19,0.23566887594293734,0.19793892924800502,0.1730895718454948,0.10921180502411845,0.3381565447583687,58,1653
2018-11-21,0.23438651990780346,0.19570147238499078,0.17310865289543248,0.10877053685176387,0.3377118328541662,58,1653
2018-11-22,0.23313877934397798,0.19566253975327536,0.17270336266157013,0.10770343614267477,0.33509578172313786,58,1653
2018-11-23,0.23266749361494854,0.19425021650319182,0.1726470610070727,0.10779740267566283,0.3340392379095392,58,1653
2018-11-26,0.23313083508219307,0.19502140928751194,0.17284569006437808,0.10857732195132139,0.33314421059624516,58,1653
2018-11-27,0.2311452008898067,0.19302093252254937,0.17298436361072572,0.10477850574037981,0.3297098055037529,58,1653
2018-11-28,0.23002748064236408,0.18998079367489765,0.17384914522587916,0.10339361817713644,0.33180361191590557,58,1653
2018-11-29,0.23007428619823855,0.18984620808995248,0.1736360191362815,0.10372476269755164,0.3318529284402933,58,1653
2018-11-30,0.22949916226160422,0.19000245626731738,0.17355831013586637,0.10238063676174826,0.3287396647597068,58,1653
2018-12-03,0.22923298658950092,0.1891067473784536,0.17352465848107426,0.10224748574327233,0.32763274225339223,58,1653
2018-12-04,0.22942757726983576,0.18987876642526075,0.17338850133981656,0.10275376512846199,0.32882298294143286,58,1653
2018-12-05,0.22992253569826437,0.19021498319123364,0.1733459873344945,0.10362009088170257,0.32854919565713786,58,1653
2018-12-06,0.2301871689683801,0.19215051171928632,0.17353609496978697,0.10398767587932073,0.32906721972923536,58,1653
2018-12-07,0.2303097516988739,0.19303577516379278,0.17312748439025727,0.10433036960125543,0.32917299625009366,58,1653
2018-12-10,0.2292248950478407,0.19100564058119657,0.17335351757321418,0.10204324973732665,0.3285991737660173,58,1653
2018-12-11,0.22989639246953766,0.1937731634798577,0.17304860320192936,0.10247475222858883,0.3292157691170863,58,1653
2018-12-12,0.2304922356013156,0.19507732336968076,0.17357455653920362,0.10273979684044467,0.3300114272335764,58,1653
2018-12-13,0.2306087591989938,0.19540322786274042,0.17298951308619984,0.10188644156843353,0.3299881336540906,58,1653
2018-12-14,0.23018043806400218,0.19393375035389745,0.17286085750389946,0.10262333321935518,0.329044047779763,58,1653
2018-12-17,0.23025934677192325,0.1936759914478845,0.17289875484890907,0.10179833623671858,0.3306982243758365,58,1653
2018-12-18,0.23021067495010863,0.1940643878225961,0.17289143290231707,0.10139182146869105,0.3301636958913349,58,1653
2018-12-19,0.22989874743718963,0.19301923845793229,0.17277684335906024,0.1011007905600241,0.32984459230696617,58,1653
2018-12-20,0.23006021997932563,0.1931813614724727,0.17262706127904207,0.10137099684812287,0.32955499848974024,58,1653
2018-12-21,0.22951718644054298,0.19569933759633742,0.17235983833455462,0.10277433152725662,0.3278532785791832,58,1653
2018-12-26,0.22901260986246164,0.19406918426169437,0.1718316826813193,0.10233684387096628,0.32764877610043214,58,1653
2018-12-27,0.22847427466075435,0.19336952819057174,0.17168707349994086,0.10221550092236445,0.3281051328267817,58,1653
2018-12-28,0.2281678920797859,0.19196129321020533,0.17200945000675216,0.10263389032666555,0.3259779308715718,58,1653
2019-01-02,0.23035402548128256,0.19513755706279123,0.17234200285490114,0.10413873646846966,0.3289382178581844,58,1653
2019-01-03,0.2336487289183346,0.1966763424478306,0.17216909976743194,0.10786664513746624,0.3317846991939274,58,1653
2019-01-04,0.23197135878247963,0.19443474026680616,0.1718067372727276,0.10508959144412963,0.3292530581105654,58,1653
2019-01-07,0.2297625826580584,0.19412841025893784,0.17109793701594558,0.10406224011950511,0.3246917291724583,58,1653
2019-01-08,0.22880044073588762,0.19311228828036558,0.17159239716321614,0.10254884330649428,0.32474243401011743,58,1653
2019-01-09,0.22845470949242763,0.19349756306902363,0.17157429070769936,0.10263655291428558,0.3228331127915297,58,1653
2019-01-10,0.22910786179808665,0.1936425860233045,0.17168118614380057,0.10365614454516811,0.3232753258575934,58,1653
2019-01-11,0.22903706280475064,0.19298286473541226,0.17165336386149752,0.10310257753865834,0.32420805076136033,58,1653
2019-01-14,0.22775741294937912,0.19218486328237386,0.17138254530967725,0.10168803872661432,0.32363418516424847,58,1653
2019-01-15,0.22778063167011245,0.1920956568694862,0.1710560742413594,0.10281794943811697,0.3256761740637893,58,1653
2019-01-16,0.22793458104810824,0.19295424908811065,0.1714104058499214,0.10168062039654505,0.32570956284336866,58,1653
2019-01-17,0.22792082035612254,0.19222909586723916,0.17150214539122804,0.10194525836193663,0.32631689611581677,58,1653
2019-01-18,0.22790214464692574,0.19271507090976805,0.17166720215402712,0.10184807150008829,0.32674869548578983,58,1653
2019-01-21,0.2273703114605388,0.19137204275531594,0.1716666361789916,0.10144470212593672,0.3268981452536676,58,1653
2019-01-22,0.22651228019304606,0.18902136780735965,0.17174232662478206,0.10241130116854932,0.32611397449166757,58,1653
2019-01-23,0.226085863995921,0.18961337422949784,0.1715052896336114,0.09976842946719748,0.32506113151929134,58,1653
2019-01-24,0.22702123204958127,0.19017708026802732,0.17180938640847182,0.10102828654752768,0.326231055770643,58,1653
2019-01-28,0.22719595367028644,0.19014407315470264,0.17235128608172914,0.10027898614116551,0.32659943650299095,58,1653
2019-01-29,0.22449841455391342,0.18544279859768587,0.17226334055538897,0.09752494445278859,0.32781497168587714,58,1653
2019-01-30,0.22451693476770138,0.18556987010573045,0.17207242879403112,0.09854279899995019,0.3280798955749623,58,1653
2019-01-31,0.22409856662773783,0.1847998827718052,0.17180240921644266,0.0970583694027013,0.3257276519274952,58,1653
2019-02-01,0.22394399595322836,0.18537969568424326,0.17152793235579417,0.09727532607353706,0.32718954508156584,58,1653
2019-02-04,0.2239371513998991,0.18577773449482712,0.17168477358157175,0.09734712786594797,0.32773027833876756,58,1653
2019-02-05,0.22274736641001056,0.18423822367290113,0.17153071961217273,0.09518303098675492,0.3256482695228753,58,1653
2019-02-06,0.22095699851284586,0.1829578327044845,0.1694662577758342,0.09618821283056074,0.32116775208114895,58,1653
2019-02-07,0.22407685289040322,0.18565659589326264,0.1693498729105252,0.10031610111897993,0.32476455178407554,58,1653
2019-02-08,0.2247789799170562,0.18814685880110746,0.16921287777202146,0.09996797387819861,0.32580159942275855,58,1653
2019-02-11,0.2256872656764668,0.18897531248593508,0.168993380061521,0.10009016469857379,0.326016368740786,58,1653
2019-02-12,0.22547050633903923,0.18868230355272356,0.16894820205662364,0.10090517879027322,0.32767211918030326,58,1653
2019-02-13,0.22588253902982025,0.18924943829238625,0.1688661228193041,0.10065250250165897,0.32645268864979743,58,1653
2019-02-14,0.22469494198817258,0.18861892096535116,0.1687438162717334,0.09914896053460713,0.3240719939239253,58,1653
2019-02-15,0.22425155656676263,0.18861267841699234,0.16795976349034514,0.10006613525365893,0.3219088133428069,58,1653
2019-02-18,0.22395916465492222,0.18813871908146385,0.16786494116314118,0.10003098800909381,0.32255249370757877,58,1653
2019-02-19,0.22411467567456841,0.18796300209700123,0.1674481165220616,0.1009620732295359,0.32443024030332945,58,1653
2019-02-20,0.22347179565008082,0.1869959225258897,0.16774229256707107,0.1001848677896767,0.3227482944799437,58,1653
2019-02-21,0.22311010502658765,0.18651184086103148,0.16791107707452702,0.09997004935637985,0.32225236819489217,58,1653
2019-02-22,0.22000067578892452,0.18403594110202356,0.16725818109317167,0.09659090904917715,0.3180238217681791,58,1653
2019-02-25,0.220556901223466,0.18461944127229388,0.16698816421605786,0.09819995291473455,0.3175602033642463,58,1653
2019-02-26,0.22076241745448194,0.18485609418647392,0.16687709070669904,0.09844083915122462,0.3176016916032431,58,1653
2019-02-27,0.22075366224495155,0.18504121474038007,0.1672098528918963,0.09767597651372362,0.32074830279629685,58,1653
2019-02-28,0.22150617567934838,0.18568577823263668,0.16751972341747937,0.09746567699965078,0.3218685266996034,58,1653
2019-03-01,0.22160005800457513,0.1854223807314296,0.16774135632494536,0.09766206312872075,0.3208539085706726,58,1653
2019-03-06,0.2216831595593848,0.18601349833145792,0.16748876257030096,0.0978728975751131,0.32140080418215894,58,1653
2019-03-07,0.22163534352209543,0.1865998113436366,0.16754879955862184,0.0989328828643554,0.32149955087028564,58,1653
2019-03-08,0.22209724876610867,0.18625686441202424,0.1675170409266561,0.0976983655091932,0.3222322808946235,58,1653
2019-03-11,0.22211116926338556,0.1868991388514244,0.16746870004904799,0.09790602854387238,0.3182261420150688,58,1653
2019-03-12,0.22301595527183005,0.1871930964086788,0.16737521425531302,0.09781861366062772,0.319360492280262,58,1653
2019-03-13,0.22333639115826717,0.1868767450439916,0.1673479237117348,0.0979547231682898,0.3201651510929278,58,1653
2019-03-14,0.22375192324210666,0.1886884565823181,0.16728747590530554,0.0994010021831296,0.31983272297564336,58,1653
2019-03-15,0.22385924148650813,0.18887803198405,0.16725003001034444,0.09953834377175105,0.3190462689883787,58,1653
2019-03-18,0.22375285585082075,0.1882945394328677,0.1674634408743865,0.0998266666214499,0.31883824565337343,58,1653
2019-03-19,0.22411024070163393,0.18857717894993103,0.16767654501354928,0.10103413381218494,0.31910817995345025,58,1653
2019-03-20,0.2239216433918643,0.1891380250896414,0.16759574765920318,0.10183356253295464,0.3206793764870235,58,1653
2019-03-21,0.2240228641623583,0.1908581387393991,0.16820955175219668,0.0997987525453789,0.32071875130306776,58,1653
2019-03-22,0.22475063792115052,0.19139747263006268,0.16845261124746805,0.09961156853077338,0.3242966728086089,58,1653
2019-03-25,0.22738139054112966,0.19489231813918478,0.1698178312355364,0.10119515187826764,0.32936224679573783,58,1653
2019-03-26,0.22741318371381522,0.1948851364834106,0.16975206807109383,0.10131375125311742,0.3287655505789803,58,1653
2019-03-27,0.2276339542956479,0.19435854109332965,0.16992688779031237,0.10197546979018966,0.3287655505789803,58,1653
2019-03-28,0.2320030955468598,0.19721880900801522,0.17088530316369122,0.10569186162960298,0.33339389613241666,58,1653
2019-03-29,0.23239049878401052,0.1965827478888788,0.17119625372481195,0.10685059819504786,0.33367059139410654,58,1653
2019-04-01,0.23338440699992055,0.19774506779748843,0.1712414965616198,0.10604464910482955,0.3362664189605254,58,1653
2019-04-02,0.23309754916092554,0.19677504994308068,0.17115002870263205,0.10710739963960487,0.3346507429013947,58,1653
2019-04-03,0.23386162125094734,0.19676182119454014,0.17093881220767354,0.10876257495253129,0.3355844792927569,58,1653
2019-04-04,0.23388318147114465,0.19679930783076433,0.17093156638434007,0.10808965897367051,0.3367707098452685,58,1653
2019-04-05,0.23386415524321555,0.19689520349160466,0.17125950294620554,0.10764010021125514,0.3368908862412124,58,1653
2019-04-08,0.23322885732802512,0.19487265900948664,0.17091350931932658,0.107690611801763,0.3352606560105931,58,1653
2019-04-09,0.2329782848993676,0.19508820376880415,0.17084127823328113,0.1067395450971416,0.3352606560105931,58,1653
2019-04-10,0.2327742620541546,0.1951155717263966,0.17104127461497734,0.10567012177666038,0.3356016255214428,58,1653
2019-04-11,0.23173722705105432,0.19479771095322085,0.17107840394654084,0.10519109736493099,0.33517794685859653,58,1653
2019-04-12,0.23199010917991855,0.19582533460178994,0.1712932524272642,0.1052784631304852,0.33533799246938656,58,1653
2019-04-15,0.23196979430026024,0.19587147489918866,0.17138644292473712,0.10476792086903393,0.334575818932759,58,1653
2019-04-16,0.23153342064123167,0.19532209990563834,0.17177969084888794,0.1034319899069654,0.33418876628807875,58,1653
2019-04-17,0.23121575918411827,0.1934914804428479,0.17199684028563295,0.10332594208246132,0.33474056751968523,58,1653
2019-04-18,0.2305535993587115,0.19282932211927645,0.17169615035816127,0.10255245818207165,0.334006337530264,58,1653
2019-04-22,0.23038863351713318,0.19235496655581538,0.17208929227635356,0.10137228628138362,0.33399514109453005,58,1653
2019-04-23,0.23047104711950428,0.1923430561489941,0.17206220880177941,0.10081320492769394,0.3339856155043886,58,1653
2019-04-24,0.23044256386143516,0.19311912203536555,0.17212240979814483,0.1018120294446879,0.33392343609376296,58,1653
2019-04-25,0.2303253377390616,0.192743871700412,0.1721703398657583,0.10216668349473057,0.33358264828579653,58,1653
2019-04-26,0.23008133931085004,0.19201048514326682,0.17156655411503724,0.10281093086164997,0.3329047342289159,58,1653
2019-04-29,0.2288432338704045,0.1912671443522186,0.17130868120171847,0.10083022535311695,0.33086739932346515,58,1653
2019-04-30,0.22803564313452068,0.19166040269248957,0.17082864165353515,0.10018941554907519,0.32702523463220684,58,1653
2019-05-02,0.2279102914485419,0.19117628827544397,0.17103764879063418,0.09985397173921344,0.3255639411804129,58,1653
2019-05-03,0.228277651918849,0.19071478864608732,0.17103923716824485,0.10085186767273614,0.327854463470528,58,1653
2019-05-06,0.22795840650175628,0.19055005964699911,0.17074997252675678,0.10161735476231414,0.32717192125328914,58,1653
2019-05-07,0.22790826528280173,0.19040539933209852,0.17055247354488148,0.10202638712171018,0.32784573264820366,58,1653
2019-05-08,0.2281067892070081,0.19092626572727106,0.1707007554664444,0.10206378102000604,0.3288632401353559,58,1653
2019-05-09,0.2280469125105612,0.19124222900176496,0.17111556405108674,0.1011328515805163,0.3299902762046576,58,1653
2019-05-10,0.22837008187787722,0.19097974306695978,0.1712990622305732,0.10179377232051738,0.32999109968615853,58,1653
2019-05-13,0.22819537698080639,0.19034446866494656,0.17140288979133522,0.10125699513079645,0.32966693919364376,58,1653
2019-05-14,0.23116977629861313,0.19117840844857298,0.1715485613180449,0.10396169149653028,0.33367139668517304,58,1653
2019-05-15,0.2303387249002429,0.19165132872064333,0.17160617265826744,0.10272233794000478,0.33200916526029994,58,1653
2019-05-16,0.2306845160536203,0.19305925635744584,0.171614778219182,0.1040321830512912,0.33196574718970284,58,1653
2019-05-17,0.23318924881068243,0.19401363777265815,0.17103486666383333,0.10820839088833774,0.3334805505904852,58,1653
2019-05-20,0.2337126259021081,0.19415465752888927,0.17108925847430762,0.10835879274024664,0.33557151562522214,58,1653
2019-05-21,0.236321035718438,0.19543530274959395,0.1714376263826128,0.10951080420555229,0.33599432324528083,58,1653
2019-05-22,0.23867813732009593,0.19792613617838717,0.1721738599839589,0.11282604474870588,0.3411439993554452,58,1653
2019-05-23,0.2390624014380118,0.19835349910637648,0.17225835827537328,0.11347394734432326,0.34146213571654166,58,1653
2019-05-24,0.23886488714770282,0.1982432153785419,0.1726809498657326,0.11293770731604631,0.3434160875342239,58,1653
2019-05-27,0.23913998219855132,0.1989239124201397,0.17258467966750402,0.11369798371144794,0.3419582055426687,58,1653
2019-05-28,0.23997914667464984,0.20160144589603685,0.17225407813833932,0.11492625363119417,0.34029544746808466,58,1653
2019-05-29,0.23814967535122833,0.19918464156245483,0.17161959043055522,0.11338685688337262,0.33979332758889885,58,1653
2019-05-30,0.23817686197875843,0.1992092374184755,0.1718353323338364,0.11425760422402693,0.3390762189890247,58,1653
2019-05-31,0.2382006570693708,0.20076320624134364,0.17225989499859232,0.1139555391209224,0.34007265277857746,58,1653
2019-06-03,0.23800230866571542,0.20108225966312562,0.17188203035269073,0.11481874977951406,0.340883244516521,58,1653
2019-06-04,0.23775935155175484,0.20113711318494015,0.1712647739813042,0.11647663449658728,0.3382335509631882,58,1653
2019-06-05,0.23688955295994082,0.20073255990808178,0.17228025061871355,0.11390939408885162,0.33747431835507674,58,1653
2019-06-06,0.23489346182176638,0.19959199981394304,0.17282085137048436,0.11150351997645809,0.33773959687934557,58,1653
2019-06-07,0.2219740197986351,0.18646174962926337,0.1725112802617615,0.09913642289388826,0.3229119820624805,58,1653
2019-06-10,0.2228274016864662,0.18703715200502175,0.17279975775520284,0.09986867344296654,0.3233753025054838,58,1653
2019-06-11,0.22304356859132848,0.18696613210327384,0.17339335573439418,0.09941932621426583,0.3232942654232917,58,1653
2019-06-12,0.22649017677899083,0.18589647943462173,0.17578268775268027,0.09987979674547423,0.3259646772649615,58,1653
2019-06-13,0.2258866039289699,0.1860440820086882,0.1763967243403397,0.09910437102807765,0.32656555565554773,58,1653
2019-06-14,0.22400890903867476,0.1837474841837647,0.17500150511832893,0.09723815578778626,0.3254412643916587,58,1653
2019-06-17,0.22418291417824826,0.18467565811207481,0.1745686045290712,0.09820382645213489,0.32411323195817043,58,1653
2019-06-18,0.21841485003105457,0.1781630042632358,0.17480884038246422,0.08949861506781563,0.3159836736111791,58,1653
2019-06-19,0.21891877231876666,0.1780900384174126,0.17517242674222147,0.09115429848664934,0.3152496085497158,58,1653
2019-06-21,0.2190123419181241,0.17626530883555822,0.17555975919207575,0.09040090997437025,0.31852105936568137,58,1653
2019-06-24,0.21969351595882528,0.17682425422211698,0.1753156184535811,0.09151135378016181,0.31830034846801375,58,1653
2019-06-25,0.2198155733233333,0.1753319596988893,0.1756315049030235,0.0904421512732708,0.3177886205510653,58,1653
2019-06-26,0.22006333848865095,0.1740580327703122,0.17609046062029857,0.09076073898524598,0.31959924668260803,58,1653
2019-06-27,0.2210457217146096,0.17576872774049698,0.17549177701198476,0.0916403112977681,0.3187847786941903,58,1653
2019-06-28,0.2206692159502789,0.17616768239418837,0.17527395654746836,0.09244143980411708,0.3158741617911438,58,1653
2019-07-01,0.2198941315693636,0.17483487909260298,0.1750585241872603,0.0931623536123239,0.31634496583524774,58,1653
2019-07-02,0.22029602158967362,0.1774921853979156,0.1751157662597172,0.09469516184278688,0.3167405789954249,58,1653
2019-07-03,0.21802158505464958,0.17474685045618982,0.172750179485704,0.0959749038420575,0.3111133078172759,58,1653
2019-07-04,0.2187113988680321,0.17510524586770804,0.17291231023710774,0.09644998041588211,0.3102376154523794,58,1653
2019-07-05,0.219993672085812,0.17583152127770815,0.17301666255610687,0.09636653756586201,0.31178698713021374,58,1653
2019-07-08,0.22051337355044057,0.17537758971371958,0.17361394007722059,0.0974572747531659,0.31363253628400134,58,1653
2019-07-10,0.22071543515809094,0.175421107582315,0.17316988878662234,0.0973284332967121,0.31367543634167994,58,1653
2019-07-11,0.22116497070488086,0.1768026511960053,0.1724604185971735,0.0973843899230087,0.3151846799647875,58,1653
2019-07-12,0.22052510462565714,0.17652367682099698,0.17240603137433494,0.09619748685145622,0.31467492118513385,58,1653
2019-07-15,0.22111995736360993,0.17711884011097603,0.17301725097040951,0.09686664487917347,0.3140553547012464,58,1653
2019-07-16,0.22097714307660998,0.1766093812031297,0.17299991342221707,0.09726710657130491,0.3161162208649273,58,1653
2019-07-17,0.22027637007744155,0.17701845745636954,0.17304630644927946,0.09653091345017659,0.31560443136088523,58,1653
2019-07-18,0.22152848812778553,0.17823689478074506,0.1729687285037296,0.09947867605180619,0.31901309665772626,58,1653
2019-07-19,0.22119908996866003,0.17874626094427667,0.17328487018772717,0.0982119114412187,0.3179746771805274,58,1653
2019-07-22,0.2224831495055063,0.17962662438875546,0.17346212407438702,0.09928655900196566,0.31850629146639875,58,1653
2019-07-23,0.22307613856428504,0.1791676255758039,0.173014266171586,0.10146385673523209,0.3181078097134861,58,1653
2019-07-24,0.22259306328347306,0.1804877561460589,0.17289827684153788,0.09872601569863404,0.31729685092502524,58,1653
2019-07-25,0.22272213887968279,0.1802461424686161,0.17306871509735824,0.09886269449479701,0.3166708029178293,58,1653
2019-07-26,0.22340947120038204,0.18179617653487218,0.17306681887729786,0.09921942273459639,0.3169499815477536,58,1653
2019-07-29,0.22205006117953902,0.1782666360459208,0.17298141918708826,0.09952291254293218,0.32048463795935994,58,1653
2019-07-30,0.22261758004384033,0.18075285824918255,0.1729620709892519,0.09854547288403763,0.3187764784258601,58,1653
2019-07-31,0.2231219273963375,0.18110180763684336,0.17282406195394698,0.09983917155193414,0.31965803887248395,58,1653
2019-08-01,0.22236561520038203,0.18189234115564723,0.1718382039360606,0.09990781567641413,0.31853139006823716,58,1653
2019-08-02,0.22232809995069755,0.1830466104476621,0.17168758591661532,0.10013437284711828,0.3184668806363751,58,1653
2019-08-05,0.22180755210066194,0.1830665905786387,0.1714770940593106,0.0994748056220415,0.3172981253536523,58,1653
2019-08-06,0.225406613278155,0.18483214310931992,0.1713081593768242,0.10228808633682727,0.3215248733297409,58,1653
2019-08-07,0.22572359673392567,0.1851528243441498,0.17143886249429283,0.10317889733513642,0.32180059920750775,58,1653
2019-08-08,0.22602760249974765,0.18535066039793868,0.17127150711117056,0.10380931400100721,0.3218006230203564,58,1653
2019-08-09,0.22691946027956877,0.18562199856792405,0.17152804912909564,0.1043288544329279,0.3249606044815484,58,1653
2019-08-12,0.226600735212337,0.18608404309722404,0.17125451323233062,0.10406433379746809,0.32382530352610417,58,1653
2019-08-13,0.22764316440964097,0.18607525598043792,0.17181191316556801,0.10480962885264966,0.3262915798027592,58,1653
2019-08-14,0.22833072314870104,0.18620106132081127,0.17190347778255813,0.10592501361328852,0.3273983482537002,58,1653
2019-08-15,0.23097513174922288,0.1909915409100564,0.1720167937902778,0.10843414131245632,0.3300406864112073,58,1653
2019-08-16,0.2344398144417884,0.19565301958640363,0.17058482432972652,0.11366236543180049,0.33204620739592905,58,1653
2019-08-19,0.23425543687295408,0.196041784530985,0.17066426044513167,0.11396312170385028,0.33294282110642776,58,1653
2019-08-20,0.23511680680397812,0.1969456530176109,0.17034427003886354,0.11573225497797975,0.3319419415116803,58,1653
2019-08-21,0.2344273578706231,0.1951593171024903,0.1707717619652507,0.11594612670835013,0.32965347161170955,58,1653
2019-08-22,0.23097301427747663,0.19082957835571868,0.17014764418849435,0.11269658649603596,0.3263911719991971,58,1653
2019-08-23,0.22961256815352904,0.19213439989323147,0.17103884192623212,0.11007793482313555,0.32713372885263664,58,1653
2019-08-26,0.22754286626086068,0.1883058097340021,0.17494174569684726,0.10602117450459768,0.32816195595327674,58,1653
2019-08-27,0.2259228446814674,0.1887092059346287,0.17800797461386042,0.1077425037309027,0.32808937361958607,58,1653
2019-08-28,0.2259131143071402,0.18768562205160996,0.1786694002510922,0.10628848888924468,0.32997458039886074,58,1653
2019-08-29,0.22504282594459424,0.19022572054666306,0.17904752468018484,0.10785915962336372,0.328373963759999,58,1653
2019-08-30,0.22635525388740438,0.19216077633791426,0.1819003907058703,0.10838784143975802,0.3343746447458857,58,1653
2019-09-02,0.22472175881451656,0.1893629340031389,0.1806146418982469,0.1058298751079228,0.3315169850419048,58,1653
2019-09-03,0.22319198659702882,0.187500140004893,0.18028322017335008,0.10493431478655649,0.3294369648860306,58,1653
2019-09-04,0.22263625086014335,0.18700255200102023,0.1791393508802351,0.10559937031083387,0.3279598074074836,58,1653
2019-09-05,0.22268986365808388,0.18798876624450217,0.17926267473664204,0.10557050008351133,0.328995352675996,58,1653
2019-09-06,0.2220646671643074,0.18898390091300002,0.17829494331192036,0.10575789553426787,0.3268919194351762,58,1653
2019-09-09,0.2215188762321595,0.1887253079094784,0.17813850268652476,0.1065385090297441,0.32693275571519237,58,1653
2019-09-10,0.22007023715077134,0.18735877519767655,0.17780930434896797,0.10595175739048314,0.32354634133574267,58,1653
2019-09-11,0.21815345184437954,0.1852998831377457,0.1764143670870538,0.10381108558310423,0.31966121209640735,58,1653
2019-09-12,0.2177243387666438,0.18648018355989204,0.17601480502896824,0.1042289057301184,0.3190543856501337,58,1653
2019-09-13,0.21799012418791472,0.18602601643479527,0.17555761921783095,0.10574087613652029,0.31884366332531844,58,1653
2019-09-16,0.21764054667857138,0.18509941598478596,0.17548995245418172,0.10411337976079717,0.31772297810580247,58,1653
2019-09-17,0.21786359168543676,0.18507872000960932,0.17509642456089863,0.10453333112243643,0.31909085743058696,58,1653
2019-09-18,0.21802503513181448,0.1857396943230787,0.17470119859257577,0.10540125990848367,0.31884684622296816,58,1653
2019-09-19,0.2183835743583967,0.18668295843078378,0.17466893355416552,0.10592824176796878,0.3204073949931578,58,1653
2019-09-20,0.21606207011668224,0.18517500077569407,0.17373218232686338,0.10352539593064139,0.3153141769875228,58,1653
2019-09-23,0.21617946561106957,0.18502056349521614,0.17322641091103225,0.10395978329407188,0.3157748422948199,58,1653
2019-09-24,0.21554509452918919,0.1854668184043134,0.17269792047467245,0.10345389662917105,0.3149336571905251,58,1653
2019-09-25,0.21604526405936722,0.18625576796406246,0.17316309451236242,0.10321128423933382,0.3152218893875332,58,1653
2019-09-26,0.21558216077843587,0.18570694023028259,0.17246715728936138,0.10338052229505845,0.3159521310105567,58,1653
2019-09-27,0.21412912099247705,0.18344306646590006,0.1718642001913759,0.10140650191909602,0.31296098386504495,58,1653
2019-09-30,0.21458798947976487,0.18372737679607837,0.17185079284273627,0.10239623847552105,0.3138290918570328,58,1653
2019-10-01,0.21471882479565815,0.18398796712785043,0.1719606980572199,0.10323208322325926,0.3135806973155739,58,1653
2019-10-02,0.21479070436039532,0.18352471076966628,0.17156297317979632,0.10313550373806864,0.3141485899510622,58,1653
2019-10-03,0.21777156708833695,0.18766854896990387,0.17096267564707798,0.10702218555685354,0.31662470479123545,58,1653
2019-10-04,0.21790631025005408,0.18758577866139353,0.17094904361561675,0.10651550052592851,0.3168484750977227,58,1653
2019-10-07,0.21799702568143026,0.18752057066106875,0.17127907658875052,0.10680354313265429,0.3178913159842011,58,1653
2019-10-08,0.2205802197271866,0.19073477277400383,0.17093389183499355,0.10932591400603915,0.3193373651318873,58,1653
2019-10-09,0.22096931627319208,0.18943055085355484,0.17070469516989004,0.10851367842018968,0.319741362937747,58,1653
2019-10-10,0.21989428720022083,0.18852644672069596,0.1705172253531686,0.10792271842119135,0.31690748061930984,58,1653
2019-10-11,0.2134918968404954,0.18146546373433248,0.16894490835482043,0.10509385688728637,0.308834586842305,58,1653
2019-10-14,0.21234918144309894,0.179775399415161,0.16790802186237655,0.10320682108409975,0.3088085606359008,58,1653
2019-10-15,0.21285540551223447,0.18137226421603436,0.16791414094595503,0.10347428743090746,0.3091653753896965,58,1653
2019-10-16,0.21342007808506272,0.18087560498531424,0.16822827615054048,0.10325380731361694,0.30883881440406835,58,1653
2019-10-17,0.20880420406272981,0.1813813538823651,0.16543223421311196,0.09919637937079567,0.30803864375701917,58,1653
2019-10-18,0.20920667764445466,0.18180335377588897,0.1653867953404635,0.10081039619057595,0.30864463079395615,58,1653
2019-10-21,0.20617519879189242,0.18049549985051136,0.16429934144749783,0.09895473103650569,0.3056289739258347,58,1653
2019-10-22,0.20647604746752904,0.17944385825493991,0.16455415630789832,0.09755675645613575,0.30544453157040635,58,1653
2019-10-23,0.20670596439524433,0.181338545576129,0.16441556919246889,0.09837006328227069,0.3060546682730635,58,1653
2019-10-24,0.20474795751079963,0.18134618688245524,0.16339959673624077,0.09736662993656732,0.3054795785135249,58,1653
2019-10-25,0.20554516311551374,0.1813764021857446,0.1634906580905096,0.09841139631184123,0.3058824435910443,58,1653
2019-10-28,0.20483827669813126,0.1836404560572712,0.16277376931238985,0.09768741101784773,0.3044428075632326,58,1653
2019-10-29,0.20557675034444198,0.18253936864893222,0.16316036203001458,0.0988714904973712,0.30568236098328566,58,1653
2019-10-30,0.20578644471642787,0.18606326529238845,0.16290591032497762,0.09910675595958127,0.30572660187433354,58,1653
2019-10-31,0.20622435401024725,0.18508881822530215,0.16302802988038528,0.09930590822574303,0.3055268770473352,58,1653
2019-11-01,0.20416510073200786,0.18432833067956256,0.16184280166521556,0.09888142278311543,0.3030292753482088,58,1653
2019-11-04,0.20371530799865972,0.18472743851219417,0.1614981124185377,0.09819213620802351,0.3010627723401533,58,1653
2019-11-05,0.2031768149756769,0.1823749562065313,0.16110606903830563,0.09775094261574795,0.30103729622390835,58,1653
2019-11-06,0.2020738441814049,0.18039495791491386,0.16062583081128026,0.09734629889031365,0.29992452834946526,58,1653
2019-11-07,0.1999045970011283,0.17929096029925903,0.15985764709845685,0.09468766405756061,0.29432486054336926,58,1653
2019-11-08,0.19983762241386044,0.17992402833665888,0.16053687115302942,0.09375526008775871,0.296642422237508,58,1653
2019-11-11,0.2001545917833804,0.17863268209982416,0.16115789696593175,0.09283233877290052,0.2975290508386102,58,1653
2019-11-12,0.19951248605971658,0.1788154912388211,0.16140344715803898,0.09154677912464267,0.2967133361613661,58,1653
2019-11-13,0.20015625287812094,0.17970361409800342,0.16154160674759124,0.09178472879284132,0.2966966039132321,58,1653
2019-11-14,0.2001398531977536,0.1791749850987379,0.16133939078495946,0.09146752459805249,0.29741898915959847,58,1653
2019-11-18,0.1987279956276565,0.1791545728662019,0.16043269077171066,0.09146752459805249,0.2917949836227541,58,1653
2019-11-19,0.199305298901427,0.17889236658757354,0.16044989620616282,0.0925542315656429,0.2935172800993191,58,1653
2019-11-21,0.19990591056806636,0.17933734541255267,0.16069365478998218,0.09380210376336033,0.29508248083051236,58,1653
2019-11-22,0.20000644783184907,0.17732609142027123,0.1614713769742968,0.09271380432469677,0.29703107104231974,58,1653
2019-11-25,0.20129181434238938,0.1790578735455767,0.16163433571702152,0.0948856586100159,0.29872076893592875,58,1653
2019-11-26,0.19469720802401386,0.17330335169672717,0.1609140841992366,0.08689306997072961,0.2871664263660923,58,1653
2019-11-27,0.19452198364365056,0.17272743959544778,0.1609074384468459,0.08757788724253329,0.2871407737116565,58,1653
2019-11-28,0.1943988645640872,0.1733197427050691,0.16074206469663124,0.08767374435931462,0.28966660073686745,58,1653
2019-11-29,0.19474229305889212,0.17308228117109983,0.16115974709058536,0.08739906363716292,0.29294004026703285,58,1653
2019-12-02,0.19397330871608573,0.1718449852227033,0.1610947400440984,0.08760118567994922,0.2902704726388708,58,1653
2019-12-03,0.19345240207886802,0.17083571155713706,0.16128892710295073,0.08534549889017627,0.29091221473080164,58,1653
2019-12-04,0.19264624158332885,0.17026127316995196,0.15965413256795952,0.08767238057608708,0.2871764867459792,58,1653
2019-12-05,0.19279009042818937,0.16868821816286486,0.15989429980937384,0.08593018252259182,0.28738517474460556,58,1653
2019-12-06,0.19335221658569923,0.16989740022110192,0.16023956819680452,0.08578634252718911,0.2883863546839446,58,1653
2019-12-09,0.19458817707901238,0.17140480919980555,0.16041542905359393,0.08677290907927747,0.2884769289360086,58,1653
2019-12-10,0.19466456417813385,0.17185508631586963,0.16020076308390654,0.08620388169889243,0.2903143587203178,58,1653
2019-12-11,0.19386959383381738,0.1708538096707058,0.15992436407543217,0.08565755513828394,0.2899959856408086,58,1653
2019-12-12,0.1936945653456755,0.1708152444524612,0.16016374180360513,0.08531206590375581,0.29020681964727024,58,1653
2019-12-13,0.194747965011818,0.17059843969613908,0.16011933394932418,0.0866052560747075,0.29039060562276064,58,1653
2019-12-16,0.19419217743500602,0.1710205857333717,0.15954652558915322,0.08703133368180066,0.2881705683770351,58,1653
2019-12-17,0.1920249087214082,0.16950960738341694,0.1592883440368118,0.08606377964572709,0.28526080703838064,58,1653
2019-12-18,0.19184110845168417,0.1701811264486973,0.15912365991667587,0.08597926487372948,0.2858672600008979,58,1653
2019-12-19,0.19215569948989897,0.16978449518962493,0.15957470251303477,0.08560337321821561,0.28562230228821417,58,1653
2019-12-20,0.192455128647512,0.17107088392168793,0.15973773267297195,0.08666425914633265,0.2875833414135726,58,1653
2019-12-23,0.19212093536141106,0.17134098134630293,0.15957442894558,0.08662408691129574,0.28687505721006157,58,1653
2019-12-26,0.19394981195425517,0.17246162303508963,0.15897161569359675,0.08787688408113001,0.2880734874904519,58,1653
2019-12-27,0.19444797068999334,0.1740354413773261,0.1594641664677401,0.08612647558988605,0.2893974235235165,58,1653
2019-12-30,0.19473300319507778,0.17311041339688824,0.1597367836500899,0.0862803103264338,0.2902643369165127,58,1653
2020-01-02,0.19555149188532264,0.17291976848518248,0.15999122736158097,0.08708617081995039,0.2908044324131569,58,1653
2020-01-03,0.1965393851449323,0.17241103850024495,0.1605890481752485,0.08812845165058664,0.2920270764415142,58,1653
2020-01-06,0.19636204791248613,0.17330595182205424,0.1607712442575696,0.0879607406452719,0.2923569099364588,58,1653
2020-01-07,0.1966811181162546,0.17317060418931152,0.16072657439219556,0.08840152067151365,0.2934423998759062,58,1653
2020-01-08,0.19349268462135627,0.17061782473499335,0.15989701281463803,0.08562234277259775,0.2879087602794035,58,1653
2020-01-09,0.18835471885476196,0.16236590953443564,0.15896082814934445,0.08262423365954984,0.28195717915927593,58,1653
2020-01-10,0.18861286042899486,0.16607644475635058,0.15939688928318804,0.08422705775214337,0.282526096228077,58,1653
2020-01-13,0.1895470314049507,0.16606389610227246,0.1598440117452132,0.08259472761848549,0.2872297299540811,58,1653
2020-01-14,0.1916739394524765,0.16726090208010663,0.1599896565163123,0.08431604970436579,0.2880585566124077,58,1653
2020-01-15,0.19190495046468703,0.16733260009862025,0.15996685346471073,0.08716910044986928,0.2860510942900726,58,1653
2020-01-16,0.1910432821078664,0.16637000114656894,0.15972082355063116,0.08652826851315332,0.28484285369522455,58,1653
2020-01-17,0.19099624354947045,0.16526880365097601,0.15991370527977164,0.08599035205179147,0.28546230875155204,58,1653
2020-01-20,0.19251161683880202,0.16857607813070255,0.1598164889222483,0.08765081192259394,0.2860200801238471,58,1653
2020-01-21,0.1922367470697377,0.1689144446837297,0.16037029628702118,0.08605508917582057,0.2876733976940957,58,1653
2020-01-22,0.19337113532588618,0.17056151473585032,0.1601968363842601,0.08744159036765618,0.2893924272894504,58,1653
2020-01-23,0.19341155575892033,0.1711175186167121,0.1592535959598546,0.08766577817650978,0.2891228630349929,58,1653
2020-01-24,0.19388199002983159,0.17090134451259203,0.1590498540357944,0.08758895338950744,0.28858613068937766,58,1653
2020-01-27,0.19486778774509173,0.17185735052485082,0.1593932178791477,0.08685650900015994,0.2897724865665262,58,1653
2020-01-28,0.20333349732651354,0.18106318651412973,0.1593125263346793,0.09698289824476342,0.29880738149639924,58,1653
2020-01-29,0.20394707548296973,0.18291176728645386,0.15939145257559936,0.09682523831261935,0.3005772603888519,58,1653
2020-01-30,0.2028872660921717,0.18058989280323026,0.1590091430388729,0.09684322701790153,0.29775164972566515,58,1653
2020-01-31,0.20274601435606787,0.18180451730250985,0.15796205333058663,0.09774638635807954,0.2965578416245877,58,1653
2020-02-03,0.21056369589313936,0.19307906646306636,0.16053289450897001,0.10003374948124233,0.30096231604890095,58,1653
2020-02-04,0.2118494424464355,0.19413168258361166,0.16027491513930245,0.10210990577304996,0.30264211135870706,58,1653
2020-02-05,0.21183799661508537,0.1928738814900269,0.160438789064234,0.10218282738123491,0.30312244980710606,58,1653
2020-02-06,0.21266959099900618,0.19472210618512834,0.16058716873802797,0.10195449076266026,0.30444835279188703,58,1653
2020-02-07,0.21365130806076327,0.19660815148984084,0.16046769064358363,0.10229117884286948,0.3059391001266018,58,1653
2020-02-10,0.2154743326060782,0.1998440409010173,0.16124551693540845,0.10324128749039177,0.31045854762655706,58,1653
2020-02-11,0.21793930271366832,0.2016932766709979,0.16067140762164733,0.10803052899104401,0.31357109304624775,58,1653
2020-02-12,0.21847425029051254,0.20454186641295893,0.15957910592923785,0.11116602376059977,0.3109834893055626,58,1653
2020-02-13,0.21845850315469753,0.20361342756133,0.15994341253855704,0.11073183654600681,0.31153548556306043,58,1653
2020-02-14,0.2174172705200357,0.2042943763982945,0.15966250433352994,0.10998024954247844,0.30938131319603673,58,1653
2020-02-17,0.21811907676704742,0.20401942604065873,0.15957437960550205,0.11042744080660147,0.30664040312210455,58,1653
2020-02-18,0.2182027957973312,0.20223038998622528,0.15973420593307242,0.11087832570534911,0.3082630335836169,58,1653
2020-02-19,0.21889439863944438,0.2028650165867488,0.16005085441023661,0.11187582385789613,0.3077760511649193,58,1653
2020-02-20,0.21810635026976566,0.2023368379980581,0.15942597178563242,0.11091251196072538,0.30756562398579873,58,1653
2020-02-21,0.21867874017875244,0.20249936797630053,0.15907985955245854,0.11310175443995281,0.3065885833571052,58,1653
2020-02-26,0.21866544065701227,0.20248386307594823,0.15889744571292286,0.1133034100509456,0.30681137368670297,58,1653
2020-02-27,0.25596566517966135,0.24646988234328046,0.16104548173968247,0.14604631054247472,0.3530041995371985,58,1653
2020-02-28,0.25775407468652617,0.2477132009597139,0.1614913783063116,0.14626394212734323,0.3570622856222785,58,1653
2020-03-02,0.2575518176108131,0.2475101645483274,0.1618144239087812,0.14604447125004874,0.3558094213126059,58,1653
2020-03-03,0.2633573446794801,0.2575249425511216,0.1603893543817615,0.1534982279000389,0.36105832369773494,58,1653
2020-03-04,0.26380872046600057,0.2581323891806314,0.1603266803551416,0.15437417187405278,0.36245069109755046,58,1653
2020-03-05,0.26623673963324984,0.25997059749453394,0.16092412747166074,0.15529242491515335,0.3650341738016186,58,1653
2020-03-06,0.2801207853016498,0.274164645648545,0.1612635273896556,0.16837680668201058,0.37912452031142474,58,1653
2020-03-09,0.290082047129987,0.2850538534554715,0.1620731074484004,0.17826993750392206,0.39193415399837817,58,1653
2020-03-10,0.3579504066686801,0.35463884386818734,0.16650668407947086,0.25315632813047617,0.4617551186095003,58,1653
2020-03-11,0.372232503046414,0.36899070409483015,0.16591524809860503,0.2686020975994377,0.4773774621283927,58,1653
2020-03-12,0.3902395718864181,0.3942225341422813,0.1688771770804281,0.2831646536217148,0.5017264143601581,58,1653
2020-03-13,0.4555837520294013,0.47346774553949833,0.16822702686783425,0.3426805431098501,0.5736590132764259,58,1653
2020-03-16,0.47371243370196076,0.4955189473639533,0.17805809220255248,0.3539319635110412,0.6030151433268661,58,1653
2020-03-17,0.5006005278571783,0.5190338763308596,0.17522168518360592,0.39353426577165035,0.6280750671395897,58,1653
2020-03-18,0.4979829401349769,0.5170943193567604,0.1750331375123758,0.3915696880484965,0.6262800934096496,58,1653
2020-03-19,0.527450650575327,0.5496602784672067,0.17214776057345524,0.42187202371699084,0.6550019047483182,58,1653
2020-03-20,0.5172125049597841,0.5338723877432979,0.17057900229531764,0.410725930703065,0.6436499318620151,58,1653
2020-03-23,0.5150951373489011,0.5325368838782377,0.16964755854970606,0.4090415330911884,0.6395590257753033,58,1653
2020-03-24,0.5213231650943709,0.539092398204067,0.16710260361759902,0.4169445265071922,0.6454742031161775,58,1653
2020-03-25,0.5201880719285975,0.5360699036099238,0.16630765052904417,0.4130946702694122,0.6424585735787559,58,1653
2020-03-26,0.5275097190684206,0.5483596794985005,0.16744891638861215,0.4185969364342208,0.6543597538127254,58,1653
2020-03-27,0.5276653203758475,0.5495599866431151,0.1668409478311804,0.418662742912079,0.6528115220123066,58,1653
2020-03-30,0.5252883047542591,0.5475540170372738,0.16893078973307926,0.41337473052083706,0.652479007256175,58,1653
2020-03-31,0.5225866209701703,0.5444758773713377,0.16844373026368092,0.41143616204112116,0.6492231748055066,58,1653
2020-04-01,0.5197083864017019,0.5402155477255274,0.16745143604533405,0.40874336693770813,0.645011377036211,58,1653
2020-04-02,0.5199544066376801,0.5386341693927682,0.16714894505685254,0.410471910162625,0.6460376968412422,58,1653
2020-04-03,0.5173750711962587,0.5340845072103441,0.16679667702550932,0.40871925997700126,0.641645487491221,58,1653
2020-04-06,0.5191336272687268,0.5360741286315284,0.1659487101866651,0.4109801273503516,0.6439016552411343,58,1653
2020-04-07,0.5197971727833227,0.5385020565199713,0.165470681330866,0.41322195775470627,0.6430388293270081,58,1653
2020-04-08,0.519820694713678,0.5366427015658647,0.1652279107131305,0.4136762310017627,0.6427639855751297,58,1653
2020-04-09,0.5187059254060261,0.5362757292454646,0.16519109213341104,0.4126761720050711,0.6409891223851989,58,1653
2020-04-13,0.5177245602164086,0.5351232675920032,0.1650931387191215,0.4122329787898817,0.639501154936242,58,1653
2020-04-14,0.5177889331510455,0.5353188564136326,0.16514647450899506,0.4120026385460447,0.6398896632741795,58,1653
2020-04-15,0.5163602379395879,0.5334961156511473,0.16474818626331483,0.4096044172918599,0.6382201553549598,58,1653
2020-04-16,0.5157354873199591,0.5320503299532273,0.1650809682479607,0.40811745797627325,0.636957318551173,58,1653
2020-04-17,0.5150267377123635,0.5305165096892338,0.16509133890067923,0.40727349354771597,0.6354645894923078,58,1653
2020-04-20,0.5142783461233351,0.5287898288481778,0.1652148688435414,0.40631900890185363,0.6342714535576266,58,1653
2020-04-22,0.5134543263945982,0.5293238688481023,0.1647393724155846,0.4063143912870251,0.6330829727383447,58,1653
2020-04-23,0.5132834994154993,0.5287687629035953,0.16473746335697734,0.40611368731132974,0.6345800418615782,58,1653
2020-04-24,0.5115588515973241,0.5284247875850295,0.16652879652949965,0.40662836755452214,0.6339019935070139,58,1653
2020-04-27,0.5158835541356702,0.5314843711352513,0.16509628066726514,0.40754484567291294,0.6381128376081115,58,1653
2020-04-28,0.5161665812625249,0.5313619202785353,0.16439347238316995,0.4082864953344223,0.6385397272733473,58,1653
2020-04-29,0.5167509670044715,0.5321181347370031,0.16465733988053427,0.40698464082174757,0.6385280924213941,58,1653
2020-04-30,0.5160533694852127,0.5316834945197525,0.16468584692974997,0.40772991708345435,0.6384434277699235,58,1653
2020-05-04,0.5163239392202439,0.5314872243342964,0.16489844235620132,0.4094861951545476,0.6395756237959324,58,1653
2020-05-05,0.5166176811612626,0.5316353274523828,0.16485110093282307,0.406776173663727,0.6403986739285129,58,1653
2020-05-06,0.5162047384177797,0.5310579061115154,0.16474029459291817,0.40734738253537767,0.6396361663856254,58,1653
2020-05-07,0.5161153429388579,0.5306021164452462,0.16471136406212036,0.4078312655045848,0.6394014497953853,58,1653
2020-05-08,0.5139579682141097,0.5272453204694184,0.16376388176647205,0.4073068545175395,0.635851870146713,58,1653
2020-05-11,0.514517263325788,0.5283410285409045,0.16384611182613068,0.4074232111240692,0.6369792239964565,58,1653
2020-05-12,0.514458735567046,0.5279133499998838,0.16346564660254848,0.4082591965979496,0.6356299927827419,58,1653
2020-05-13,0.5143054466703214,0.5270194967373871,0.16334806797049414,0.40896103093998937,0.6362576008965668,58,1653
2020-05-14,0.513205132643782,0.5268894467058065,0.16338422793588078,0.40835973554071925,0.6350421749261718,58,1653
2020-05-15,0.5122043162266665,0.5240336110401136,0.16343596311638545,0.4071442920836377,0.6341850869900577,58,1653
2020-05-18,0.5112934149127952,0.5229890498372306,0.16295489009522587,0.4070216353477737,0.6325614520207578,58,1653
2020-05-19,0.5131447015967507,0.523711416921921,0.16371622363628702,0.4075543883471583,0.6357687169997667,58,1653
2020-05-20,0.5125953365115764,0.5219122251234025,0.16369119739546364,0.4059720255778138,0.6344439866201056,58,1653
2020-05-21,0.5125334034800098,0.5224962394045561,0.16359959299369117,0.4060725433959603,0.6345465704283849,58,1653
2020-05-22,0.5112151585978656,0.5212188332160841,0.16359004817313072,0.4033722550766245,0.6336496842037882,58,1653
2020-05-25,0.5105729011699307,0.5206160358670706,0.16317617896911882,0.402921060151034,0.6315148985529851,58,1653
2020-05-26,0.511524888474623,0.5226688846815217,0.16343713423310716,0.40142097124384424,0.6327074028391864,58,1653
2020-05-27,0.5105560699796788,0.5212706235635512,0.16280032846178585,0.4001252992256902,0.6306748441936983,58,1653
2020-05-28,0.511087638399162,0.520739630157408,0.16239942262917786,0.40036955733502044,0.6310945202339552,58,1653
2020-05-29,0.5105671340550969,0.5208951782674758,0.1620130650378751,0.4004537931888926,0.629580976704771,58,1653
2020-06-01,0.509863006034294,0.5199971346743352,0.161945077311226,0.40008322019523435,0.6294393736939642,58,1653
2020-06-02,0.5096812766820502,0.5195485445087068,0.16189586940480427,0.4002281864283754,0.628931701009112,58,1653
2020-06-03,0.5097741168820247,0.5202324261505283,0.1619858572805954,0.40004217058362246,0.6295826208252343,58,1653
2020-06-04,0.509200964749444,0.518136468431602,0.16156407692348562,0.40046611344190075,0.628945280207015,58,1653
2020-06-05,0.5092783626693275,0.5178032372848643,0.1612268556658669,0.40111196911907243,0.6291296431227044,58,1653
2020-06-08,0.5099224382073817,0.520031600066952,0.16089072669875157,0.4018914117192676,0.629176409860797,58,1653
2020-06-09,0.5107558883334353,0.5214490321416246,0.1602610678553315,0.4056550758217176,0.6292660457133841,58,1653
2020-06-10,0.5115208386437575,0.5214579910097998,0.16089089084416694,0.40521403001778017,0.6316007018110996,58,1653
2020-06-12,0.5117688064754234,0.5224579448343452,0.16150521271119214,0.4032708198391621,0.6323763075280957,58,1653
2020-06-15,0.5117316414907551,0.5228469840250122,0.16265404617081056,0.40334139741375524,0.6322837103350933,58,1653
2020-06-16,0.5112586861658742,0.5237758383117684,0.16330168309813806,0.4017542046198286,0.6323274175939106,58,1653
2020-06-17,0.5106626115873065,0.5233111411188058,0.16348099930430446,0.39882629950726745,0.6325143118780229,58,1653
2020-06-18,0.5110699382647818,0.525728376720901,0.16283732183967814,0.40096541205833575,0.6314601705096282,58,1653
2020-06-19,0.5103083046939229,0.5238216785196738,0.1624801670396565,0.3997599991949122,0.6306762062600727,58,1653
2020-06-22,0.5098984733687936,0.5236197930720897,0.16229432834946084,0.40023846116420353,0.6295633466558105,58,1653
2020-06-23,0.5093211368279499,0.5222213764427649,0.16207580830765997,0.3995834137403293,0.628921393952044,58,1653
2020-06-24,0.5085213095806024,0.5220092415049842,0.16176427842595123,0.39949959650047245,0.6245080910398889,58,1653
2020-06-25,0.5084162620225372,0.5228852719970564,0.16246731690603983,0.39968493799324833,0.6241759749294453,58,1653
2020-06-26,0.508215061059555,0.5226975518709168,0.16239868634968374,0.4005553351615659,0.6242140736499628,58,1653
2020-06-29,0.5086252864384542,0.5230047323055963,0.16256697961556957,0.40028109291147823,0.6250633420080877,58,1653
2020-06-30,0.5085833429251182,0.5233540581079116,0.16266077028139483,0.4001946190454745,0.6253033192443919,58,1653
2020-07-01,0.5081572679136629,0.5236935721128804,0.16238689785867066,0.40056288100111986,0.6240946055193111,58,1653
2020-07-02,0.507511642177287,0.5226944226631866,0.16228401422360214,0.40043119288429213,0.6239067138984971,58,1653
2020-07-03,0.5072343038185494,0.5213456254795777,0.16223881315329247,0.4004130202748198,0.6233708845074001,58,1653
2020-07-06,0.5071695555787602,0.5215035444621019,0.16218602947684824,0.4003285133318089,0.6233699692394719,58,1653
2020-07-07,0.5073762282166038,0.5220694492916719,0.1622172182982782,0.3996531097347416,0.6228505101120697,58,1653
2020-07-08,0.507802775884218,0.5239497345346913,0.16201832301479255,0.40023184950217405,0.623383140308939,58,1653
2020-07-09,0.5079352951241201,0.5246981658582398,0.16208254291514965,0.40004294954632796,0.6235922747959831,58,1653
2020-07-10,0.5072414152983922,0.5243929757525589,0.16174741504233056,0.39902768729547544,0.6227742698134734,58,1653
2020-07-13,0.5074729537718587,0.5243345059161656,0.16175793626938773,0.4014663878246551,0.6229983864843589,58,1653
2020-07-14,0.507619514115295,0.5252638491244204,0.16163418901167986,0.40013580353275663,0.623113315737077,58,1653
2020-07-15,0.5075078102022522,0.5250152095373198,0.16172561448155895,0.4001636547170155,0.6230888701365276,58,1653
2020-07-16,0.5074777457250897,0.5250431340731953,0.1618919808528527,0.3996794738942579,0.6233354911367303,58,1653
2020-07-17,0.5074410096540828,0.5251138878828575,0.1621969134932753,0.3991409943213921,0.6231724946453236,58,1653
2020-07-20,0.5074119390519483,0.5247046580329279,0.16210606180660003,0.4009534119853067,0.6235776452343462,58,1653
2020-07-21,0.5073572545226802,0.5253090877902425,0.16220803332722356,0.4006447360454269,0.6239879134369112,58,1653
2020-07-22,0.5073070902226977,0.5249769782679399,0.16217247187284656,0.4010288425283022,0.6232262297992681,58,1653
2020-07-23,0.5071990147411203,0.5247211621670059,0.1618307974308109,0.40044258158423446,0.6217435523969339,58,1653
2020-07-24,0.5075636942307271,0.5248709052316597,0.1615771611750559,0.4016538277322572,0.6221246100295466,58,1653
2020-07-27,0.5073563346330372,0.5242252592175992,0.1616518206388179,0.4019056542079682,0.6218654423439456,58,1653
2020-07-28,0.5068094060961701,0.5248520101402367,0.16178359300967407,0.40035059463937167,0.620339492529597,58,1653
2020-07-29,0.5070910433763224,0.525029993064238,0.16170774698605006,0.40049659475056165,0.6209466356967014,58,1653
2020-07-30,0.5070076680311524,0.5250843253924151,0.1616093496802792,0.40027384895708185,0.6203558905434469,58,1653
2020-07-31,0.5066738667203765,0.5251165410087786,0.1615712209050209,0.4000171310297772,0.619989997237424,58,1653
2020-08-03,0.5065637652708612,0.5251038104201677,0.16142043488016633,0.3997666466903258,0.6197920280744587,58,1653
2020-08-04,0.5061645320032978,0.5250009916039667,0.16143924656707237,0.3995167996655088,0.6186421535599121,58,1653
2020-08-05,0.5057279820664236,0.5252052350266522,0.16185780741407557,0.39833364889253575,0.6188598382053504,58,1653
2020-08-06,0.5059503586967299,0.5253994491930651,0.16208946518102213,0.39944306379412003,0.6200099150373294,58,1653
2020-08-07,0.5056786025912614,0.5254595768137654,0.1620211761881565,0.39872760642666116,0.6192005999509556,58,1653
2020-08-10,0.5051631374457627,0.5248164255976228,0.16205659052018145,0.39836478474284553,0.6190045655409243,58,1653
2020-08-11,0.5047773913747711,0.5236764516939502,0.1620288949356074,0.39716629302262924,0.6193350447807682,58,1653
2020-08-12,0.5049800385632439,0.5235078521501417,0.16217562549047332,0.39772183016890844,0.6197237655964559,58,1653
2020-08-13,0.5051629463821717,0.5234317965929531,0.16198409473950628,0.3979064496051348,0.6197014229196505,58,1653
2020-08-14,0.505437333549209,0.5234001353698379,0.16189883813700162,0.3986514894549641,0.6192921621958193,58,1653
2020-08-17,0.5053949862632496,0.5232657437346636,0.16192655177328277,0.3973972103493525,0.6197666125913507,58,1653
2020-08-18,0.5055781660859557,0.5232704515274559,0.16154849637125437,0.3980470176453293,0.6197781968260528,58,1653
2020-08-19,0.5062274081701813,0.5272867138669536,0.16146913122070317,0.39923331558236336,0.6189208756313975,58,1653
2020-08-20,0.5058264783387872,0.5274543527163991,0.1615573470887809,0.39827538581543326,0.6189540965382296,58,1653
2020-08-21,0.506435766698727,0.5281816944327367,0.16111154625164345,0.39880389559528706,0.6198183894313929,58,1653
2020-08-24,0.5058599281105194,0.5269710590011981,0.1610688894748022,0.3989278416213472,0.617590838280029,58,1653
2020-08-25,0.5058729738386825,0.5274920251908158,0.1609254167288858,0.3994484377055607,0.6169007912189071,58,1653
2020-08-26,0.5066879879258536,0.527826365482675,0.1602429308334463,0.3997267435769095,0.6189059372388573,58,1653
2020-08-27,0.5079728760961679,0.5282930088855243,0.15937023200159184,0.40042528476791384,0.6191994072691518,58,1653
2020-08-28,0.5086264313021531,0.5280595221537092,0.15720800073259933,0.4008142651116264,0.6186984421994468,58,1653
2020-08-31,0.5109758782546746,0.5278552971483146,0.1523590733559503,0.39998361911993596,0.6182285535500011,58,1653
2020-09-01,0.5135583978587563,0.5287074993973216,0.1507605199256032,0.4091374063956124,0.6194975327243284,58,1653
2020-09-02,0.5159929822596163,0.5295967839998685,0.14801476932105884,0.40884825081882537,0.6216025600493552,58,1653
2020-09-03,0.5168862507410744,0.5308633065210313,0.14642457501934886,0.40754963350634943,0.6210692724290611,58,1653
2020-09-04,0.5173472201510932,0.5310034239684744,0.14588749909361248,0.4092707017909832,0.6213554428932553,58,1653
2020-09-08,0.5177419038175536,0.5320309445965152,0.14590180687309476,0.4094522993598618,0.6211096308773382,58,1653
2020-09-09,0.5172056050936872,0.5311963229070661,0.1460460640208319,0.4078343576016117,0.6201215047277788,58,1653
2020-09-10,0.5170890439977471,0.5312661318453079,0.14599496334751932,0.40743427056324705,0.6200475197995581,58,1653
2020-09-11,0.5180571889093214,0.5322072900930044,0.1449202114439987,0.4069886310063713,0.6204344173678324,58,1653
2020-09-14,0.5186629270633721,0.5306819813987218,0.14372108596903174,0.4083895632309323,0.6208391574705184,58,1653
2020-09-15,0.5198183697260828,0.5325039073117567,0.1436997902199368,0.40790640055279354,0.6220951549955515,58,1653
2020-09-16,0.5195012806526876,0.5325166868866394,0.1435852704131372,0.407978518198097,0.6214700645049114,58,1653
2020-09-17,0.5197201114573912,0.5334622709554243,0.14395144072627078,0.4076629252643182,0.6221231890000404,58,1653
2020-09-18,0.5198547016434856,0.5329135712643694,0.144190380147424,0.40753548270111567,0.6227113353027846,58,1653
2020-09-21,0.5197761545622561,0.533059630947542,0.1442868630535817,0.4075860073891558,0.6227511296544316,58,1653
2020-09-22,0.5200064562549145,0.5329397865064847,0.14402869914750896,0.40756205723563005,0.6230251119432608,58,1653
2020-09-23,0.5198101897661095,0.5331241896786417,0.14412979842087578,0.40680971272472,0.6230228800069345,58,1653
2020-09-24,0.51946558876672,0.5327802718882474,0.14390030097554182,0.4078063268292147,0.62254560341877,58,1653
2020-09-25,0.5192875381705429,0.5333503560355278,0.1440794840546255,0.40718279731913265,0.6227357111129728,58,1653
2020-09-28,0.5193064481550461,0.5329450736695862,0.1444688963937275,0.4068155510569462,0.6224876621546933,58,1653
2020-09-29,0.5196273806484941,0.5329815914392801,0.14438330392146112,0.4065365524339002,0.6229097662845772,58,1653
2020-09-30,0.5198325627297489,0.5329976874651507,0.14435350782445067,0.40657612298354107,0.6228278977967594,58,1653
2020-10-01,0.5199191786299363,0.5340979984544996,0.14435656704157443,0.40807053710540925,0.621918301109729,58,1653
2020-10-02,0.5196427461900551,0.5339588744313088,0.14466591924537386,0.40728284409672133,0.6228243286518217,58,1653
2020-10-05,0.519508052041765,0.5339976380971541,0.14472454378763133,0.407357787837161,0.6223035945891983,58,1653
2020-10-06,0.5193392687656841,0.5323502406173274,0.14500052017555856,0.40585168875681965,0.6227594874871154,58,1653
2020-10-07,0.5190938325026353,0.5323050274576662,0.14516499964875576,0.4067200359215244,0.6230551448010362,58,1653
2020-10-08,0.5182241428687467,0.5313285492517323,0.1451734424437604,0.4056520132189735,0.6216452577769951,58,1653
2020-10-09,0.5177374135244911,0.5314279196286325,0.14529832571365128,0.40556292037198655,0.6211583543934208,58,1653
2020-10-13,0.5176303125661436,0.5312941771260741,0.14524997490798633,0.4051343168185956,0.6208516106810122,58,1653
2020-10-14,0.5170605679183528,0.5312842574273827,0.14553129358895464,0.4052679981988682,0.6205723181816422,58,1653
2020-10-15,0.516856412075263,0.5305529950543574,0.14566802028050826,0.40380146095650504,0.6204310963426415,58,1653
2020-10-16,0.5168233332275526,0.5303324875016007,0.14553631653712903,0.4027693223875271,0.6208527456012303,58,1653
2020-10-19,0.5166395801903195,0.530528243151973,0.14531436705668554,0.4022523127326112,0.6197124025111607,58,1653
2020-10-20,0.516165716152052,0.5290901483889876,0.14542299199408687,0.4018606992744739,0.6187620066578876,58,1653
2020-10-21,0.5162757908735729,0.5300212612958083,0.14553045936165798,0.40098996479814436,0.6191734575321699,58,1653
2020-10-22,0.5161049183628809,0.5295249715916424,0.14557048519507948,0.40084525792529735,0.6190608310248276,58,1653
2020-10-23,0.516218448152971,0.5292977792004716,0.14554401529403968,0.40109183722955,0.6188216021102789,58,1653
2020-10-26,0.5160347611663,0.52972822853395,0.14541991076244326,0.4009834032638296,0.6187117684853295,58,1653
2020-10-27,0.5156886919706547,0.5285383447882885,0.14582167460372347,0.40068240776607505,0.618636055842755,58,1653
2020-10-28,0.5150123553073908,0.5283090792659996,0.14594469915175828,0.400274931699597,0.6175633595218656,58,1653
2020-10-29,0.5173825045217029,0.5310143719629229,0.14529098221344405,0.4042931290052572,0.6205888363614158,58,1653
2020-10-30,0.5173085749397229,0.5310696563576413,0.1453134900423164,0.4034428229399296,0.6202449053638756,58,1653
2020-11-03,0.517862383620666,0.5310297395297569,0.14538497361607777,0.40421917458973733,0.6208217329907133,58,1653
2020-11-04,0.5181323935516322,0.5305875103024145,0.14547621861842033,0.4044754850897358,0.6212890314254793,58,1653
2020-11-05,0.5171972416613946,0.5296235128679952,0.14520775038189432,0.40380464377806796,0.6202114905906965,58,1653
2020-11-06,0.5178414694820782,0.5303742066125683,0.1446018275547675,0.40401270049246624,0.620455679285046,58,1653
2020-11-09,0.5179246920149256,0.5302923136807909,0.14433948648257436,0.4046309073328898,0.6202868703981658,58,1653
2020-11-10,0.5161764522230953,0.5299785873651185,0.14362652928405012,0.4047408683380783,0.617088974267374,58,1653
2020-11-11,0.515785579220394,0.5265331796830135,0.14341591398630413,0.40425767899174425,0.6172105638252348,58,1653
2020-11-12,0.5158194948447258,0.526200925882372,0.1433401923851523,0.4046559129802348,0.6170944866151791,58,1653
2020-11-13,0.5160808501216149,0.5271301975739439,0.14351254676982786,0.4040774785228092,0.6165990415332608,58,1653
2020-11-16,0.5158821925597051,0.5274922167594134,0.14342318341029286,0.4056470710999811,0.6163209891370194,58,1653
2020-11-17,0.5157245826725667,0.5269791474872573,0.14359725620101252,0.40505936272723764,0.6161062478494449,58,1653
2020-11-18,0.5155367384554506,0.5269182184186644,0.14358037735088308,0.40402016008622893,0.6163174713463414,58,1653
2020-11-19,0.5155729552291755,0.5270252442937448,0.1435827692410747,0.4037821304861842,0.6165217168240118,58,1653
2020-11-20,0.5155404561603774,0.527106739623211,0.14377197112442527,0.40367013186125006,0.6171861219737748,58,1653
2020-11-23,0.5157079652508351,0.5273490129242004,0.1439748062406551,0.40376643487270714,0.6178159442443458,58,1653
2020-11-24,0.5148599220606366,0.5278336355054676,0.1454898900353956,0.40232643144384184,0.6177124957220004,58,1653
2020-11-25,0.5145848998489506,0.5281801457785001,0.14620358066863848,0.40185213193090213,0.6180933815410375,58,1653
2020-11-26,0.5144122675861071,0.5278545408131475,0.14612951261861792,0.402014190067539,0.6180450813707358,58,1653
2020-11-27,0.514963141602591,0.5279338315242791,0.1457946263572295,0.4040202385110186,0.6177471808391761,58,1653
2020-11-30,0.5149087804410899,0.5272524500420447,0.14562106842494568,0.4061831048053773,0.6176818967509545,58,1653
2020-12-01,0.5148187973898118,0.5262725153822408,0.14549397256992375,0.4067856801327065,0.6177677694233581,58,1653
2020-12-02,0.5147351258079914,0.5263425111393517,0.14549190282122523,0.40674979146656365,0.6175970763972096,58,1653
2020-12-03,0.5145287365428525,0.5279994850970988,0.14559516060492816,0.40662197864977806,0.617281105295177,58,1653
2020-12-04,0.513751930744789,0.5264026130212784,0.14552119611492392,0.4049147523902106,0.6151126599675555,58,1653
2020-12-07,0.5133385208072161,0.5263925375058793,0.1453066454360198,0.4056455383581885,0.6136063967091938,58,1653
2020-12-08,0.5130245428300385,0.525797949864768,0.14527741732735133,0.4056633559795823,0.6134108111367234,58,1653
2020-12-09,0.5127918783932853,0.5253422999812811,0.14527756865970878,0.40594668606887563,0.6137391830071407,58,1653
2020-12-10,0.5126017703807613,0.5253803795747364,0.14513913338182044,0.40472408655885594,0.6131074336378228,58,1653
2020-12-11,0.5120169710921341,0.5246108079635075,0.14536398585760826,0.4038225943878889,0.6126862833568475,58,1653
2020-12-14,0.5115614020805728,0.5237425465820871,0.1455765138652585,0.40374612600868753,0.6130173194262437,58,1653
2020-12-15,0.5105704448511761,0.5236384730246365,0.14693391535522762,0.40364777499236615,0.6130035397685428,58,1653
2020-12-16,0.5104795470220286,0.5235287274791266,0.14711979518800458,0.4037461813381965,0.6129468325738663,58,1653
2020-12-17,0.5104768968299006,0.5240127527507413,0.1470116088266518,0.4047014677476943,0.6121499690836119,58,1653
2020-12-18,0.5103946656077679,0.5233928194742556,0.14687376977659483,0.40474825446371,0.6120318089012555,58,1653
2020-12-21,0.5105712571120541,0.5223677731115404,0.14695499817187124,0.4048056339269821,0.6121505720849317,58,1653
2020-12-22,0.511243025819723,0.5234534751320838,0.14684071844544577,0.40471989609780645,0.6129350907301341,58,1653
2020-12-23,0.5111016599255944,0.523695406422144,0.14682848287856004,0.4047434553772085,0.6128891113829834,58,1653
2020-12-28,0.511410553390596,0.5241396365813076,0.14686037674810135,0.405220973705563,0.612977999193979,58,1653
2020-12-29,0.5126198078445948,0.5243503800671588,0.14607820732905658,0.40922257945417195,0.6129230544479216,58,1653
2020-12-30,0.5122814508708035,0.5241910682563649,0.14615725866427265,0.4078949009485783,0.6129528657544322,58,1653
2021-01-04,0.5107049495321514,0.5224373962679031,0.14676530338660873,0.40462055219510784,0.6118261879391986,58,1653
2021-01-05,0.5099534324970614,0.520593265133865,0.14646286232019481,0.40258663578198656,0.6100386461920994,58,1653
2021-01-06,0.5096760725023789,0.520657392522069,0.14635733255634198,0.4024131021541264,0.6092821126715057,58,1653
2021-01-07,0.5086626271389911,0.5202115477193037,0.14656216809976388,0.4000291465009086,0.6091558848381808,58,1653
2021-01-08,0.5077913215962163,0.5181767982036738,0.14684258238652653,0.39766921877180333,0.6095748102851675,58,1653
2021-01-11,0.5076852216538176,0.5189911513273631,0.1469042009688506,0.39806869282327934,0.6095012519129809,58,1653
2021-01-12,0.5076645259957145,0.5186325439174558,0.1468245060712385,0.39779713686283164,0.6090722673560895,58,1653
2021-01-13,0.5077347338508393,0.5183396112675708,0.14656231749476695,0.3976447370309315,0.6092203096055936,58,1653
2021-01-14,0.5075315280205747,0.5181212763568048,0.1468374831238269,0.3976718468749672,0.6094624819518721,58,1653
2021-01-15,0.5081270543188872,0.5178406509424408,0.1467213918244391,0.39917955091280427,0.6099437375665331,58,1653
2021-01-18,0.5090961840834594,0.5188729942600109,0.14626634923665352,0.4024993711731395,0.6097268942162812,58,1653
2021-01-19,0.5094493153981698,0.5185194229082432,0.14589473735105205,0.4041333385302086,0.6101463580618884,58,1653
2021-01-20,0.5098813828766193,0.5180669348266577,0.14573224885024463,0.4080311840108329,0.6097971105934967,58,1653
2021-01-21,0.5098880958073568,0.5186136127133679,0.14585833021878258,0.40718986301781723,0.6099661052730404,58,1653
2021-01-22,0.509843823223362,0.5184008156195808,0.1458824730650092,0.40779707784617486,0.6107680344326788,58,1653
2021-01-26,0.5102540017196255,0.5184072659596121,0.14541939990318847,0.40828866236841427,0.6109499210288611,58,1653
2021-01-27,0.5109061036470017,0.5191941431272721,0.14495337993347168,0.40969154358731275,0.6102214159203212,58,1653
2021-01-28,0.5105167165761304,0.5174810691919817,0.14496310062234602,0.4092729854678073,0.6095292888616004,58,1653
2021-01-29,0.5110572312502901,0.5179424928684759,0.14539327681209427,0.4092434919637276,0.6106865848933017,58,1653
2021-02-01,0.5118959077963269,0.5188590104826893,0.14541809098858458,0.4101870601727285,0.611527124360265,58,1653
2021-02-02,0.5122507409051253,0.5194241664764865,0.14518373751339897,0.4108577478924282,0.6118787876879435,58,1653
2021-02-03,0.5102193607774592,0.515992241086549,0.1455940672617644,0.4072485605331198,0.6102208767039637,58,1653
2021-02-04,0.5100983744649381,0.5172582229961328,0.14570638826895643,0.4070626234954391,0.610611397577431,58,1653
2021-02-05,0.510299421113574,0.5176604521425314,0.145543273706111,0.40852130752417987,0.6109323366780476,58,1653
2021-02-08,0.5101775357129552,0.518451098741234,0.1456458660273717,0.4089408822213294,0.6113878690668011,58,1653
2021-02-09,0.5099387448895429,0.5178843817121297,0.14539469207696332,0.40859430788830653,0.6111529869828928,58,1653
2021-02-10,0.50997537936929,0.5176697805177978,0.14538187689355975,0.408539614295649,0.6107000646661078,58,1653
2021-02-11,0.5088629792866031,0.5159148347355067,0.14661405771343916,0.4019383601510475,0.611848085584626,58,1653
2021-02-12,0.5089165212466247,0.5160561176212174,0.14665920178586572,0.40291772705889295,0.6126979648894127,58,1653
2021-02-17,0.5085619123953407,0.5154669153926025,0.14681745853791905,0.40183542885689805,0.612785152155515,58,1653
2021-02-18,0.5080053084737365,0.5133699255799813,0.1467572832614974,0.4003036712192727,0.6127400594714018,58,1653
2021-02-19,0.5079175751703088,0.5134758916483014,0.14701000209616596,0.4000149922424446,0.6131324301390466,58,1653
2021-02-22,0.5067038121397089,0.5129995227335393,0.14716529241472817,0.39959973993061343,0.6116690939015885,58,1653
2021-02-23,0.5057304276175127,0.5127717371882444,0.1464741310645617,0.400536697443529,0.610485609011219,58,1653
2021-02-24,0.5050674932327763,0.5129568002948607,0.1464129417351724,0.4000283006466867,0.6091176971301095,58,1653
2021-02-25,0.5046646523709196,0.5115066506569255,0.14615717953123686,0.39937099604111215,0.6081469712370997,58,1653
2021-02-26,0.5054801246291892,0.5118376299294577,0.14599727207857313,0.4000647133424912,0.6085436258895558,58,1653
2021-03-01,0.5057463560233487,0.5119232858932652,0.14590732131691073,0.4009409222783645,0.609160212287719,58,1653
2021-03-02,0.5049190776775906,0.5109868530848477,0.1461357910068242,0.3997820482861852,0.6075963674427618,58,1653
2021-03-03,0.504832649768382,0.5101093170673247,0.14631693993838163,0.39911203396689965,0.6068830019176737,58,1653
2021-03-04,0.50450108890475,0.510017154286426,0.1465012612287353,0.3976304955498829,0.6070717131297209,58,1653
2021-03-05,0.4969163271320645,0.5023968732613561,0.14858231745739245,0.38873468340618916,0.6010009750143019,58,1653
2021-03-08,0.4963873458314077,0.5034621305322701,0.14859455214974387,0.3882996272627782,0.6013887730591924,58,1653
2021-03-09,0.4977293301862626,0.5039514236114492,0.14837508001496122,0.3899260726532989,0.6027504130216722,58,1653
2021-03-10,0.4963477443193976,0.5028411764639961,0.14914731392512232,0.3889911818619883,0.6022996811007681,58,1653
2021-03-11,0.4958060332769004,0.5025641940252875,0.14943967026969027,0.3878795862423156,0.6022891473634157,58,1653
2021-03-12,0.49565303054430965,0.5033532459286632,0.14918286299167816,0.3880080808064353,0.6008090993548199,58,1653
2021-03-15,0.4928104103097986,0.49890791081797875,0.14966262610818173,0.38416026283279886,0.5993309153576349,58,1653
2021-03-16,0.4904870876056155,0.4956738006601355,0.14994721266105113,0.3805575786627979,0.5985593639261231,58,1653
2021-03-17,0.4700591038903334,0.476027681853224,0.15466070623127837,0.3520722710181525,0.5820561733785286,58,1653
2021-03-18,0.46533026534432254,0.4712531950854619,0.15693082999559857,0.34683104566449074,0.5802136688366467,58,1653
2021-03-19,0.4582312213462155,0.45931028539702806,0.15730557599946665,0.33881222522270577,0.5720189386205334,58,1653
2021-03-22,0.42003284962810666,0.42001791262768917,0.16712790915478976,0.2923002006512692,0.5345966845816054,58,1653
2021-03-23,0.4063559615551656,0.4062429867980074,0.16193288518436103,0.28066470974104013,0.5137172072350231,58,1653
2021-03-24,0.3776669391641249,0.37622550962450985,0.16819608768636654,0.24794961659360007,0.4877565516040735,58,1653
2021-03-25,0.37942889958156456,0.3793186961269464,0.1678425234959514,0.24971091544711754,0.4893132821675015,58,1653
2021-03-26,0.33522176301573386,0.332756312232206,0.17412775042554945,0.20204134971625995,0.44884834959459974,58,1653
2021-03-29,0.3409180101994653,0.33445486181502854,0.17433500333941723,0.2086957159006992,0.45352168639334406,58,1653
2021-03-30,0.33977621231335403,0.3359707121522852,0.17475491241036786,0.2066621818070106,0.45134752302811937,58,1653
2021-03-31,0.3258344388634609,0.32279927220507115,0.1770199439643188,0.19137464984538266,0.4365815488327694,58,1653
2021-04-01,0.3215019311660209,0.3204052629482009,0.17705893796031624,0.18902714909812124,0.4300584298345907,58,1653
2021-04-05,0.3020480603789874,0.2907803131382846,0.17771378758457415,0.1728732885603203,0.40818687906082934,58,1653
2021-04-06,0.29634678678535853,0.2839651484412031,0.17746313666496086,0.16480552929191578,0.4045304235220215,58,1653
2021-04-07,0.2949840114826803,0.28198710644210717,0.17433032661795814,0.167066071699378,0.397854637489414,58,1653
2021-04-08,0.2969123817935063,0.2810829836915825,0.17489510861262275,0.16767825037448988,0.39878943282498347,58,1653
2021-04-09,0.2977371721015439,0.2809416050273086,0.17467120223749677,0.16944492075551665,0.40081327782993265,58,1653
2021-04-12,0.29461509542911213,0.2763761140982071,0.17417061808019518,0.16645361624301463,0.3984296718127301,58,1653
2021-04-13,0.2965756594533444,0.2776735658977817,0.17440405511942722,0.16629921464486774,0.4013487814928844,58,1653
2021-04-14,0.2904144386005817,0.2683405452955065,0.17589848149724735,0.1593361760246609,0.3987416658067221,58,1653
2021-04-15,0.28670187258015334,0.2655368956579977,0.1756063723602641,0.15717335402946048,0.39148283691711855,58,1653
2021-04-16,0.28452649072811304,0.2609416341392642,0.1748818967491631,0.154601534862404,0.3897128402661686,58,1653
2021-04-19,0.28465369237448,0.263095841540185,0.17459448508776285,0.15730558948657844,0.38895842193309715,58,1653
2021-04-20,0.2852566246285124,0.2635543660980002,0.17457993287088605,0.15765867933815453,0.38817980036213173,58,1653
2021-04-22,0.2846383971255316,0.2635572074645197,0.17472492094572237,0.15623851535570918,0.3900646499689173,58,1653
2021-04-23,0.28333768895723277,0.2589899489743465,0.17521912413454763,0.1549002414267168,0.3878102724098669,58,1653
2021-04-26,0.28380759912451614,0.2596097846038481,0.1754067874199995,0.15451611734632695,0.38774909029468935,58,1653
2021-04-27,0.2841645231048065,0.2609524841257248,0.17566913285882266,0.15473089685095368,0.38883003519042075,58,1653
2021-04-28,0.28500078189463646,0.2609716138492418,0.17599124382761064,0.1546275807364292,0.3900901325831119,58,1653
2021-04-29,0.28545234944511677,0.26324416262636285,0.1763008785849379,0.15402623028338022,0.39233882416691224,58,1653
2021-04-30,0.28486965918285323,0.26308486846826795,0.17708570495006495,0.15411228040068214,0.3933204487614732,58,1653
2021-05-03,0.28579843362171786,0.2641213123100619,0.1752578143052974,0.15606823384679497,0.3921660302777115,58,1653
2021-05-04,0.26833189831016585,0.2412852372400698,0.17262634626315,0.14439558028554136,0.3704404337402014,58,1653
2021-05-05,0.2654549971034282,0.23889615095602793,0.17384111510067263,0.14268438107619918,0.3686094045878507,58,1653
2021-05-06,0.2623265989999995,0.23596785675145193,0.17269726676933064,0.14089060408650642,0.361785607044787,58,1653
2021-05-07,0.26141608713680226,0.23444318925675423,0.17216377443850484,0.14010699680975877,0.3586736726886447,58,1653
2021-05-10,0.25807238699416113,0.23104296977612068,0.17157185427144991,0.13794634659085267,0.35525613350445356,58,1653
2021-05-11,0.25643710843775613,0.23064210378855388,0.17133734294238365,0.1363959360767861,0.3518648218369481,58,1653
2021-05-12,0.257167568207999,0.23074705546708202,0.17143514613225447,0.13760879299843243,0.3523444453761513,58,1653
2021-05-13,0.2598703969678195,0.23413359660821834,0.17125562517447765,0.14017414880255816,0.3563822981302512,58,1653
2021-05-14,0.25995902302709484,0.23172441216781028,0.16977457910253524,0.1383964183054047,0.3584056117475839,58,1653
2021-05-17,0.25721546814977697,0.2313911066758371,0.17103688286922192,0.13510478662344327,0.3545929306519436,58,1653
2021-05-18,0.2563359634165673,0.23014217388511726,0.1718339422328441,0.13271623634590035,0.35446654076260864,58,1653
2021-05-19,0.25491138148460984,0.2275521453412431,0.17175939387890837,0.13240472296862685,0.35057392976151436,58,1653
2021-05-20,0.2539963675140756,0.2261673100454451,0.17162268924449686,0.13037181587476465,0.35164205177532104,58,1653
2021-05-21,0.25388229601427953,0.22747524713069703,0.17090439270740904,0.13000837672049234,0.3507721956136718,58,1653
2021-05-24,0.25406365365222544,0.22868687183320585,0.17149299047182145,0.12922715442723084,0.34982660928424786,58,1653
2021-05-25,0.2436506264210738,0.21312316953075083,0.1689614798498296,0.1207941682662131,0.33303990607558726,58,1653
2021-05-26,0.24428318664410215,0.2129081753198937,0.169033855015268,0.12074665890143221,0.33584856243975636,58,1653
2021-05-27,0.2446541298602704,0.21381221840888187,0.16943701601371622,0.1208387798835536,0.3358595157253587,58,1653
2021-05-28,0.24463915893722166,0.21531976804571054,0.16759799154063798,0.1227683988291273,0.33711966817105016,58,1653
2021-05-31,0.2449809376313621,0.21596532915859906,0.16792476616586166,0.12261921662094932,0.3368162509047643,58,1653
2021-06-01,0.2392528157428301,0.20770697990267822,0.16582397622478914,0.11853098254580066,0.33071931036729446,58,1653
2021-06-02,0.24038667401092942,0.2093367495670538,0.16614673476559702,0.12049638166553284,0.32948739780665137,58,1653
2021-06-04,0.23463598809181577,0.20085222202251138,0.16669537584079097,0.11682853448066044,0.32278130028570473,58,1653
2021-06-07,0.2347221737514518,0.20165161629292122,0.16672732255505304,0.1159865734963978,0.32310507060088517,58,1653
2021-06-08,0.23508656706152695,0.2029297365841638,0.16729657548304938,0.11754404970776387,0.3245464427497762,58,1653
2021-06-09,0.23589405940096664,0.20191416852367985,0.1669983835805047,0.11850004802080717,0.32420103485831603,58,1653
2021-06-10,0.23266733426278968,0.197776219480738,0.16674630644482777,0.11502010102825637,0.3178484496922625,58,1653
2021-06-11,0.23109654532887475,0.19577453832278896,0.16713680898075925,0.1127993206520247,0.3211541630711447,58,1653
2021-06-14,0.2312468405261629,0.1965855831139136,0.16728742720696563,0.11264852119892614,0.32223095168641147,58,1653
2021-06-15,0.23118930864113046,0.19540104502029865,0.16752065110496256,0.11239318046816647,0.32055660191648294,58,1653
2021-06-16,0.22626571731486939,0.1887489877079367,0.16820942036073422,0.10860780824501284,0.3149807127190118,58,1653
2021-06-17,0.22669854980033732,0.19094150981762878,0.1681746473431215,0.11026418389747805,0.31466268224490457,58,1653
2021-06-18,0.22603700461149787,0.18773966743670076,0.1667557606107913,0.11035761378259842,0.31410797625791476,58,1653
2021-06-21,0.22425428897076452,0.18343242608044916,0.16529614962473685,0.10938825228398476,0.3083977436057931,58,1653
2021-06-22,0.22434417998806505,0.18335174653379213,0.16529217900993898,0.10987424795968774,0.30973782082223195,58,1653
2021-06-23,0.22405417068667882,0.1827371228321379,0.16553062169341154,0.10832716013417283,0.30754740896952554,58,1653
2021-06-24,0.22263033082876538,0.18297054221193965,0.16549038130736077,0.10798756463394958,0.3078657485214456,58,1653
2021-06-25,0.22328577662577268,0.18284464134753206,0.16630813669677885,0.10801737976024177,0.30934961295864816,58,1653
2021-06-28,0.224616674464315,0.18524294939968675,0.16666947511118368,0.10824327103571973,0.3114750103069803,58,1653
2021-06-29,0.22523966844019444,0.1863828479609524,0.1668513147966253,0.10866609564097936,0.3107264111488327,58,1653
2021-06-30,0.22587983307141285,0.18645737872789372,0.16704460800244755,0.11052714374815882,0.31012567972211064,58,1653
2021-07-01,0.22598544656514097,0.18593362947934955,0.16585978895584932,0.11051498375762954,0.30971405133312785,58,1653
2021-07-02,0.22697055178525366,0.1867857737041163,0.16556722304641175,0.11254267871521281,0.31026511162851095,58,1653
2021-07-05,0.22484642754789236,0.18406259627054666,0.16514505573306157,0.11135564270407773,0.307667293786837,58,1653
2021-07-06,0.22457907283957154,0.18292015299671194,0.16482604722337085,0.11175006809878346,0.3067356316918619,58,1653
2021-07-07,0.22625863547535524,0.18550603899124798,0.16474465721974857,0.11422510863908719,0.3070608301765204,58,1653
2021-07-08,0.2273853668236275,0.1861836568693502,0.16439542221387743,0.1136183173361084,0.30770249645974374,58,1653
2021-07-12,0.22880184719145427,0.18858369572209405,0.16438663747692828,0.11598496850627188,0.30999510471048125,58,1653
2021-07-13,0.23034696230196156,0.18885612550092437,0.16436050504298813,0.11804894576375821,0.3113943368798058,58,1653
2021-07-14,0.22931150288895674,0.18780534636944746,0.16426363541024197,0.11769577007850729,0.3095648036227534,58,1653
2021-07-15,0.2285664387250681,0.18733850668725394,0.1641793133231193,0.11685528189479973,0.3082240530615325,58,1653
2021-07-16,0.2274567062774746,0.18602202378457325,0.16418126809655442,0.11572991559535556,0.3070240080960787,58,1653
2021-07-19,0.22817548982577085,0.1868595879705743,0.16475547899345439,0.11642298264026019,0.3087820028735824,58,1653
2021-07-20,0.2292506734402203,0.18700441044940283,0.1645617895589592,0.11699879673515569,0.31025717340924647,58,1653
2021-07-21,0.22962085256514433,0.18769139151412778,0.16440805148260015,0.11686850889859629,0.3112008314654678,58,1653
2021-07-22,0.22975068820118752,0.18784379998358042,0.16456055208266063,0.11782721103071568,0.309725646303548,58,1653
2021-07-23,0.22954574661942728,0.18770627405103887,0.16468574690367455,0.11730711310732275,0.3102186032013274,58,1653
2021-07-26,0.2299303901919004,0.1882449516956683,0.1642164613431523,0.11818519311384039,0.3081979775128393,58,1653
2021-07-27,0.22925109913706476,0.18845002106744743,0.16463170707054772,0.11746240198139557,0.30926813149102234,58,1653
2021-07-28,0.22952530324545542,0.18926626371049254,0.16462175231349926,0.11783639690666403,0.3116017869765506,58,1653
2021-07-29,0.23019003586257614,0.18936238317225018,0.1646250765209511,0.12027128121914372,0.31123898432160335,58,1653
2021-07-30,0.23077102953816522,0.1899316117033299,0.1649634322038283,0.12054574422462214,0.3133117471795598,58,1653
2021-08-02,0.23148737044758835,0.19153138382863863,0.16512093041614637,0.12103162936883864,0.31474229712058793,58,1653
2021-08-03,0.23126053654520065,0.19112073378910485,0.165065193593679,0.12047013166949706,0.3141124738530657,58,1653
2021-08-04,0.23073529470012466,0.19068746945774423,0.16443249148276076,0.12026311446402771,0.31132904427141195,58,1653
2021-08-05,0.23024398525378215,0.18993835556519667,0.1647243497990519,0.11992149712157743,0.311160459550866,58,1653
2021-08-06,0.23025252459099552,0.190561115585586,0.16407907578705155,0.11920300302318622,0.30880115525062135,58,1653
2021-08-09,0.23101728563330579,0.19246629047060873,0.16427089865444774,0.12038218534805031,0.31024269333786314,58,1653
2021-08-10,0.23044478159280873,0.19124286544798283,0.16462677941507228,0.1190790604374385,0.30869781527110995,58,1653
2021-08-11,0.2311715068221722,0.1926449423704262,0.16479609884367205,0.12093545410901184,0.3099255464324687,58,1653
2021-08-12,0.22945228872765316,0.18952231121179,0.16540287560620154,0.1176559771307567,0.3099070017643744,58,1653
2021-08-13,0.2293586643185404,0.18993354075871793,0.16547754443403048,0.11663006622571374,0.3078066791263222,58,1653
2021-08-16,0.22849980263651842,0.1893565041065779,0.16447525825905254,0.11682280011909994,0.3066064696894227,58,1653
2021-08-17,0.23055406599272207,0.19404916579587184,0.16302723168386912,0.12149765703980246,0.30625828918248355,58,1653
2021-08-18,0.2320681396370615,0.19549696319577217,0.16200083518046857,0.12421544200938334,0.3055808066843789,58,1653
2021-08-19,0.23126314626972155,0.1944240027141655,0.1617001775745771,0.12335576726086842,0.3051116051617578,58,1653
2021-08-20,0.2292727939392552,0.19386978507284977,0.16307715402661238,0.11998844012500981,0.302039057662949,58,1653
2021-08-23,0.22868699273038465,0.19365693468867717,0.16254763757817442,0.1179485872715444,0.3020192416743236,58,1653
2021-08-24,0.22853603098906225,0.1943638856327637,0.16251426709789396,0.11938012031702809,0.3025166322855881,58,1653
2021-08-25,0.22926073587073037,0.19504028625292674,0.16181844906654064,0.11885416096303963,0.3028901928734562,58,1653
2021-08-26,0.22635245041803403,0.19210254843670466,0.16227576736510574,0.11702542530070661,0.30244765919779387,58,1653
2021-08-27,0.22797753952888242,0.19399620112387486,0.16203597412611284,0.11771972200676621,0.3038087015138016,58,1653
2021-08-30,0.2291460603498269,0.19571821074652523,0.1617775651131418,0.1194007394631679,0.304989794758267,58,1653
2021-08-31,0.230044792095016,0.19659586100644946,0.16162220410769448,0.12013847410579445,0.3071074210126069,58,1653
2021-09-01,0.22986970001071408,0.19557966498083437,0.1616615357980801,0.1202723149766182,0.3060174674978589,58,1653
2021-09-02,0.23005618861604912,0.1954189157843507,0.16178393710080027,0.1202723149766182,0.30755893504738596,58,1653
2021-09-03,0.23206345352606012,0.19769307377309336,0.16081364774336537,0.12311435124851428,0.307133271793152,58,1653
2021-09-06,0.2318446915819767,0.19636612669170836,0.1611566555172245,0.12298583449420607,0.30702562737126093,58,1653
2021-09-08,0.23114916778128353,0.195876421114443,0.16089933664914222,0.1234493689668157,0.30582838799285683,58,1653
2021-09-09,0.2356480652162647,0.20345329095623851,0.15962084472972982,0.1269779308535161,0.3049088239481592,58,1653
2021-09-10,0.2353327066098705,0.2026844836615434,0.1594855602578474,0.12810695181617562,0.3038042746109027,58,1653
2021-09-13,0.23554831351626895,0.20269876086381472,0.15935322987711115,0.1280820513208055,0.30268031724949257,58,1653
2021-09-14,0.2362893097935522,0.20354477435765395,0.15988905427703085,0.12757988487955274,0.3051733865900755,58,1653
2021-09-15,0.23635097459827098,0.20343395606802242,0.15986141203292253,0.12769045246589972,0.3049984014143168,58,1653
2021-09-16,0.23642692526945225,0.20441286998018973,0.15968707569783142,0.12727466740592602,0.3028881885604246,58,1653
2021-09-17,0.23686559172740118,0.20286360146131271,0.16001312113776353,0.1280069943441097,0.3058542499640766,58,1653
2021-09-20,0.23530888352804183,0.2010708522867662,0.1597281166910097,0.12721090084213835,0.3069070011620117,58,1653
2021-09-21,0.2383350451230964,0.20455966822689722,0.1581390216399964,0.13185198596845926,0.30829326538380003,58,1653
2021-09-22,0.23723353889510712,0.20287478371681925,0.1586201525998708,0.1299515786526354,0.308312631520958,58,1653
2021-09-23,0.23958856728666955,0.2066879428440046,0.15790181868730993,0.13259510743404804,0.3113870782581638,58,1653
2021-09-24,0.24095574333079406,0.2087064451520554,0.1574597106994309,0.132671147495764,0.3128114781895132,58,1653
2021-09-27,0.24115157329881534,0.20848688898521575,0.15719973192194292,0.13390084746817837,0.3125985648609377,58,1653
2021-09-28,0.23917580789941048,0.20566265212809903,0.15689867954053102,0.1324910534308915,0.31063430725947544,58,1653
2021-09-29,0.2412626315848338,0.208184381353008,0.15696917620090434,0.136991970484622,0.31259373017987563,58,1653
2021-09-30,0.24106953977329407,0.206518775006529,0.1570877992625087,0.13510804331849086,0.3117394719164119,58,1653
2021-10-01,0.24053949615035689,0.2064247660925945,0.15725947479145355,0.13384657502397376,0.313213341783699,58,1653
2021-10-04,0.24114428628273107,0.20710219993881374,0.1573918113133995,0.1344147540118875,0.3137849021798059,58,1653
2021-10-05,0.24412848823650765,0.2113462383646196,0.15682639966542833,0.13895653097732613,0.31524165168335233,58,1653
2021-10-06,0.2421240359817769,0.20847113703982478,0.15686311206730094,0.1371138674573852,0.3120687253907466,58,1653
2021-10-07,0.241855919511236,0.20819923971763066,0.1565585009013314,0.1363216119071428,0.31176653477100413,58,1653
2021-10-08,0.2412041222291275,0.20743826738854296,0.15641250076872198,0.1361944167194424,0.31124021254019174,58,1653
2021-10-11,0.2432475370454753,0.21055133388564576,0.1562432499256497,0.1383926561919099,0.3137029753723858,58,1653
2021-10-13,0.24250532737710803,0.2101137774668281,0.15610896166220956,0.1375568994584008,0.3119320631700863,58,1653
2021-10-14,0.24244043665156764,0.20976173936218295,0.1557808382839309,0.13765301432554153,0.3093262227348418,58,1653
2021-10-15,0.24262567996114498,0.20999576973548764,0.15559788373708466,0.1376947330483648,0.30982548076948807,58,1653
2021-10-18,0.24303305274008205,0.20899471083564825,0.1552238901422849,0.13811688639860834,0.31250519394560317,58,1653
2021-10-19,0.2431208939118793,0.21001827309154605,0.1552138276611243,0.13853214849878043,0.3130088275110744,58,1653
2021-10-20,0.2467066088616261,0.21527120536733949,0.15590019018586612,0.14117947132618563,0.31775606288780045,58,1653
2021-10-21,0.2462616854138627,0.21396982284369337,0.15576875926430406,0.14036896623677453,0.3172471778190828,58,1653
2021-10-22,0.2515985421980241,0.2202331887032948,0.1556349272261735,0.1452273749057805,0.3207122376957484,58,1653
2021-10-25,0.25203687177106415,0.22251712347513633,0.156616626442338,0.1454649972178834,0.3200085561104288,58,1653
2021-10-26,0.2548880610552589,0.22582334256479508,0.15633182995620706,0.14862535113816996,0.32561822333016227,58,1653
2021-10-27,0.2560623202618359,0.22669790414072638,0.15641068301223018,0.1498376983941876,0.3271847573944619,58,1653
2021-10-28,0.25468884561496713,0.22519088141654192,0.15644668265051534,0.14900673708471343,0.32397941588427087,58,1653
2021-10-29,0.25575122096686814,0.226004515109537,0.15630652685087035,0.15098474295168576,0.3252274462466371,58,1653
2021-11-01,0.2580291064771842,0.22836229546615258,0.15623029428841306,0.15187400623619982,0.329795250973541,58,1653
2021-11-03,0.25841434968318405,0.22771670585512463,0.15643429425919242,0.15225734988167147,0.3302557654885668,58,1653
2021-11-04,0.25712154955484073,0.22653420107699837,0.15765394093022436,0.14989863062854547,0.328924353324583,58,1653
2021-11-05,0.2590026432022767,0.2285432472987745,0.15768442251099019,0.15151920235593974,0.3323902293172975,58,1653
2021-11-08,0.24927265021811415,0.22036261184450592,0.1590334649362524,0.14241607429379594,0.32197409843365554,58,1653
2021-11-09,0.24875099952885138,0.22023091411636248,0.15964425754986242,0.14097169900438594,0.32062296984200556,58,1653
2021-11-10,0.24599093740457328,0.21792258344182427,0.159801617240872,0.13829911061615746,0.31968082279025894,58,1653
2021-11-11,0.24342189998300612,0.2120472280355375,0.16024227256716925,0.13650891325077366,0.3151254111154565,58,1653
2021-11-12,0.24535642660811463,0.2144005163579123,0.1591011126546699,0.13920457820350288,0.31552572014032676,58,1653
2021-11-16,0.24313942857231105,0.21236964473755618,0.1586027088089079,0.13672655755031882,0.3122579280961426,58,1653
2021-11-17,0.24421472584668377,0.2130584068610822,0.15875128146878376,0.13582838331046865,0.31352218071298593,58,1653
2021-11-18,0.2471872052260674,0.2159821543264168,0.1588385103420795,0.14013278542533394,0.32013577516192465,58,1653
2021-11-19,0.24853201042910553,0.2163489251941931,0.15892863111891023,0.14000619631054165,0.3241030048251222,58,1653
2021-11-22,0.24864061596660725,0.216240495045436,0.15866630655576147,0.1419550379582272,0.32194786833886935,58,1653
2021-11-23,0.246701375126351,0.21514631436264642,0.15884218274360876,0.1411412297463546,0.3195677213438857,58,1653
2021-11-24,0.24543120247122366,0.21333058245678274,0.15902286653500086,0.14072602511362833,0.3193281302681801,58,1653
2021-11-25,0.24520134630480706,0.21369989338017706,0.1588685551171052,0.14023181083221514,0.3184138682740034,58,1653
2021-11-26,0.24624041026172624,0.21542113442577412,0.15880524515569536,0.14139517881970626,0.31938977317410977,58,1653
2021-11-29,0.25001222847165433,0.21657161240329775,0.15856476247080592,0.1457163450014538,0.3239196462707497,58,1653
2021-11-30,0.2497014101404752,0.21608019385250773,0.15841860910429534,0.1453584929251081,0.3228629383145221,58,1653
2021-12-01,0.24967965911135384,0.2181470326630818,0.1575980921792394,0.1470145385045466,0.32419957879983513,58,1653
2021-12-02,0.25001931200481414,0.2200342073145268,0.15697357262902265,0.1475781364353266,0.3248378532512092,58,1653
2021-12-03,0.25541460807493527,0.22617494126036408,0.15653452855592975,0.15001376704706967,0.33123895335042775,58,1653
2021-12-06,0.2552378492857057,0.22708922507747936,0.15697866053590295,0.1511693953872661,0.3318359095804491,58,1653
2021-12-07,0.2573859852362112,0.22813380659763527,0.15637566866490057,0.15443075870996215,0.33359237275606074,58,1653
2021-12-08,0.256800323796873,0.22795875609838415,0.156832793136932,0.15419123837599058,0.33280979492297097,58,1653
2021-12-09,0.2568519077580739,0.22755078504821205,0.15703285120926067,0.15480070268359547,0.33300390010554093,58,1653
2021-12-10,0.25664186209843104,0.22749467696370643,0.15754559627562836,0.1535280059468819,0.33228216684144934,58,1653
2021-12-13,0.25714911795512385,0.2287655778548911,0.15783545628924872,0.15520976079261353,0.33412848606502704,58,1653
2021-12-14,0.2578432059941576,0.2304411897593402,0.15779416880706132,0.15394583083337954,0.3357863035568817,58,1653
2021-12-15,0.2584396129813737,0.23103373886340994,0.1573366478822498,0.15540195666707074,0.33584726896466804,58,1653
2021-12-16,0.2591444309573919,0.23164517712212684,0.15745349433942926,0.15559975940712523,0.33630650784459787,58,1653
2021-12-17,0.2592676304346445,0.2312981507632587,0.1578967805233923,0.15428495348003712,0.3369461377805495,58,1653
2021-12-20,0.25872521369313073,0.23092095298965867,0.15787943662102058,0.15429640242517026,0.3374980490154417,58,1653
2021-12-21,0.2604168652473723,0.23326030092214917,0.15741626990903942,0.15714409614534458,0.3383912064724573,58,1653
2021-12-22,0.2594693183280103,0.23321020614838053,0.1576271646036835,0.15741948411160103,0.33785218493450864,58,1653
2021-12-23,0.25995753836282853,0.23253401328202583,0.1571382752792899,0.15787280720333935,0.337898912883366,58,1653
2021-12-27,0.2597659481862926,0.23269745539739956,0.15703253284656116,0.1570773297970673,0.3357037876165409,58,1653
2021-12-28,0.26040479767552427,0.2336206336554335,0.15700134573631028,0.15859628655869812,0.33667106677017994,58,1653
2021-12-29,0.2606770501596459,0.23352701817001198,0.157067660764363,0.15962159767471734,0.3367676002662415,58,1653
2021-12-30,0.2608369909658489,0.233766191400088,0.15722808148546877,0.16019857871165208,0.3372835273621817,58,1653
2022-01-03,0.26001703343220567,0.23300955981133747,0.15699273978226838,0.15950485657259808,0.33614810370084014,58,1653
2022-01-04,0.26108624336766306,0.23319555323799496,0.15659260817222498,0.16116245879898117,0.33653539366618107,58,1653
2022-01-05,0.2603230306246086,0.2329116164761359,0.15636640007325384,0.16025595921776403,0.3358475275569982,58,1653
2022-01-06,0.2627252424390646,0.23643858665931108,0.15574768669739256,0.16397013508975464,0.3384980168736582,58,1653
2022-01-07,0.2623265551817702,0.2379754350850973,0.1557017282904693,0.162751965161085,0.3374514974339138,58,1653
2022-01-10,0.2626025972456542,0.23919818293115092,0.15559708492708832,0.16305450672445068,0.33650787889974554,58,1653
2022-01-11,0.2635810212624543,0.24009982294864834,0.15453781366696173,0.1634076252265402,0.33808134884992974,58,1653
2022-01-12,0.263876978915902,0.24125474731593854,0.1546457770088182,0.16353329743422967,0.34029793355270144,58,1653
2022-01-13,0.2661434366308976,0.24207960879921053,0.1540475225950905,0.16736621958416278,0.34120791253066324,58,1653
2022-01-14,0.26630269301585224,0.24060438773659895,0.1532910409098172,0.1668178350435128,0.34002477734995673,58,1653
2022-01-17,0.2662632828778586,0.24313156656672513,0.15296063472949692,0.1684885272276862,0.3367675539663969,58,1653
2022-01-18,0.26547320712690103,0.24285700871667204,0.15325924028540822,0.16897696433007942,0.3374977270791309,58,1653
2022-01-19,0.26541391757347,0.24334813771288158,0.1536674113571936,0.16820187937590672,0.33806774702610576,58,1653
2022-01-20,0.2658943696699656,0.24296182527982543,0.15343633383871524,0.16984042096428853,0.33750681445881736,58,1653
2022-01-21,0.2646814786689521,0.24133496312969557,0.15362245056059415,0.16872621347105732,0.3369864531357408,58,1653
2022-01-24,0.26249587580275247,0.23976511493744834,0.1534230028910225,0.1666307283371375,0.33456891854091797,58,1653
2022-01-25,0.2625456193994179,0.23935376049425927,0.15307683762903823,0.16766661463840676,0.33512056767417736,58,1653
2022-01-26,0.2622367080849532,0.23891102522058696,0.15383503203380014,0.16753075744450638,0.3352671936656675,58,1653
2022-01-27,0.26224046190129197,0.23857231984002414,0.15378869630811445,0.16807777823358572,0.3341343437421122,58,1653
2022-01-28,0.26253442929333803,0.23843567933896567,0.15370926458080791,0.16691260909952782,0.335907593285351,58,1653
2022-01-31,0.26146788943955285,0.23775720204741552,0.15387670188973332,0.16665448685232767,0.3343418473839133,58,1653
2022-02-01,0.2605690551176522,0.23775914965723294,0.15416375507791086,0.1640510241022663,0.33355399163223065,58,1653
2022-02-02,0.26001717906946076,0.2375343971054804,0.15440101864039993,0.1635725579426083,0.33328751396158185,58,1653
2022-02-03,0.2585248882781204,0.23454034637214574,0.1538584142755622,0.16143315174699588,0.32984139160637954,58,1653
2022-02-04,0.2542729838227876,0.23208237120970357,0.15378426288428224,0.15855129771591683,0.32439721312948555,58,1653
2022-02-07,0.2523061961734248,0.2285966626208691,0.15451491039253068,0.15466363440249836,0.3240905124221067,58,1653
2022-02-08,0.25270881386701627,0.22864418113785928,0.15437130256543885,0.15533057692403893,0.32431995636772765,58,1653
2022-02-09,0.252305034942807,0.22774173707363413,0.15454675047328476,0.15409422092958625,0.32337648055149887,58,1653
2022-02-10,0.25100805842283347,0.22636863045455996,0.15406842531498752,0.15391867496984396,0.32223162663146415,58,1653
2022-02-11,0.25107439383938973,0.22719239805671707,0.15409770240782217,0.15295665448411125,0.3223939250873922,58,1653
2022-02-14,0.25037279372941673,0.22678179032267745,0.15428497963234242,0.1533230951137484,0.32128829268054393,58,1653
2022-02-15,0.2502058502187865,0.22653350037636294,0.15445380846258608,0.15240761209099588,0.32105986301333933,58,1653
2022-02-16,0.2504108619134308,0.22846069123223087,0.15527964099210032,0.1512598138849235,0.3224379285419434,58,1653
2022-02-17,0.2501482398321401,0.22790802224608073,0.15537664854123287,0.15070746554385964,0.3217319563828994,58,1653
2022-02-18,0.250794214445,0.2286392926840353,0.15542434148618017,0.1514226548741235,0.3232983779682843,58,1653
2022-02-21,0.2515400938898385,0.23040354915874897,0.15507572655037524,0.15200962471641297,0.32427131252636976,58,1653
2022-02-22,0.2521373450920545,0.23053506405041632,0.15473668120539188,0.15198720771805177,0.3237499039609418,58,1653
2022-02-23,0.2522754667790736,0.23119990375785643,0.154536999383308,0.15192584871824266,0.32354571050757913,58,1653
2022-02-24,0.24994144090381867,0.22899158337311454,0.15391301966737578,0.1479607870161392,0.31959113648499565,58,1653
2022-02-25,0.2502307631475746,0.22681559766971635,0.15376555084659319,0.14920927395247335,0.3184779644071402,58,1653
2022-03-02,0.25077671149785496,0.22995551114875631,0.15361901075526577,0.14916855750574617,0.3196143018183595,58,1653
2022-03-03,0.24684769885604665,0.22424219229684436,0.1540868069256751,0.14516537205195695,0.3135165723766066,58,1653
2022-03-04,0.24430458792284543,0.22162647710625988,0.15445122343268683,0.1438846726845506,0.3096940384605214,58,1653
2022-03-07,0.24475942637694625,0.22196185396469906,0.15411681767643493,0.1436352892090502,0.31162066092153246,58,1653
2022-03-08,0.2491455539099257,0.2258053727556113,0.15559954281902658,0.1450527029029178,0.3180231820560962,58,1653
2022-03-09,0.24887835211603793,0.2263668410374171,0.15627626033324077,0.1442099907818102,0.31871486224713586,58,1653
2022-03-10,0.25128807234833206,0.22874810006333327,0.1568312095186022,0.14567445893212674,0.32291083143310856,58,1653
2022-03-11,0.2495116505422336,0.22688973957871303,0.15763327613791703,0.1449010947836948,0.3216580118027917,58,1653
2022-03-14,0.24479090726658978,0.2213481912998122,0.15751465161352687,0.1421440517451257,0.31686817053307054,58,1653
2022-03-15,0.2452035021397925,0.22137413726795066,0.1579701748789049,0.1412780189404382,0.315584725287449,58,1653
2022-03-16,0.24460683882892362,0.2200640410744045,0.1567617215290631,0.14166692061896924,0.3120530641531486,58,1653
2022-03-17,0.24374607918658217,0.21924489686272294,0.15763147060139684,0.13782042074296758,0.31350459097426037,58,1653
2022-03-18,0.2453476087843542,0.2207610189689213,0.1571211161328359,0.14036757545392292,0.3136312130582832,58,1653
2022-03-21,0.24656914930488186,0.21996019729614902,0.15721023258882907,0.14128357135850536,0.31800304756907244,58,1653
2022-03-22,0.2470949573901722,0.22080743597172567,0.15728179344864954,0.142020880691426,0.31732383988507323,58,1653
2022-03-23,0.24514635357548553,0.21882786758310366,0.15803539681146797,0.14085360782483583,0.31680357278399496,58,1653
2022-03-24,0.24426708979654055,0.21807313877349863,0.15820557957578046,0.13925535977119755,0.3158239803671517,58,1653
2022-03-25,0.24433585702892385,0.21818969285201592,0.1585985467038401,0.13961533825043135,0.31466276499418894,58,1653
2022-03-28,0.24393060295490118,0.21796210289329118,0.15896246372434641,0.13815224854957878,0.3162114897697759,58,1653
2022-03-29,0.24392294037849757,0.21740801026838735,0.15885139603894885,0.13883954711029875,0.31689701082878863,58,1653
2022-03-30,0.2433254137939165,0.219488360172408,0.15827034981466376,0.13768747032921194,0.3144308041148129,58,1653
2022-03-31,0.24263033328518346,0.21930135982769894,0.15828748834639983,0.13587245946101792,0.3139919398549866,58,1653
2022-04-01,0.24233206549462902,0.21732487130511233,0.1582325553531901,0.13567405848741598,0.31385334532050646,58,1653
2022-04-04,0.24220771691816864,0.2174437757553098,0.15822311148667317,0.135463030424048,0.3150514057987117,58,1653
2022-04-05,0.24179034481478712,0.21619322548720815,0.15813365066303448,0.13557952629679296,0.3125901344093525,58,1653
2022-04-06,0.2438459506690514,0.21920688069475802,0.15860751767820783,0.13663198165689253,0.31779910510517423,58,1653
2022-04-07,0.2430456419384151,0.21724299627755625,0.1586946936416881,0.1362678590007942,0.31748126919532105,58,1653
2022-04-08,0.24241830889365795,0.21692082270618368,0.15902070791751358,0.1343727334728717,0.31613045428075937,58,1653
2022-04-11,0.24208370234333504,0.2169228365858958,0.15899447648999618,0.13350961888125143,0.31586062222507466,58,1653
2022-04-12,0.24254629050553697,0.21706421191118555,0.1586731048099199,0.13494332736568793,0.31727043205104033,58,1653
2022-04-13,0.24278537523366417,0.2160448529388491,0.15873284555711445,0.13444037979637083,0.3176796976629034,58,1653
2022-04-14,0.24288070471893852,0.21800263732457265,0.15883818732506125,0.1347717019123673,0.31916171441392216,58,1653
2022-04-18,0.24299253974835164,0.2171146548743829,0.15897513338071298,0.1348604379626989,0.318303545640024,58,1653
2022-04-19,0.24269326557818993,0.2162176405452667,0.15876636204118344,0.13434226149143297,0.31926423836171824,58,1653
2022-04-20,0.24114280610811495,0.21352321192730203,0.15859548279169922,0.13427962311325162,0.3155978961185957,58,1653
2022-04-22,0.24104216879170384,0.21358955868577761,0.1583584020203751,0.13336145200929958,0.3153319508998971,58,1653
2022-04-25,0.2438613115527155,0.21830697349507727,0.15852691081058465,0.1367499820388973,0.31770254931575714,58,1653
2022-04-26,0.2442152884655288,0.21751084287896771,0.15889594833987372,0.13590997848762623,0.3184660209307879,58,1653
2022-04-27,0.24617375259630878,0.2184597746445374,0.1590182443573809,0.137801798346346,0.32110767214827063,58,1653
2022-04-28,0.24719913545939495,0.21964246110149033,0.1588869953502853,0.1405560915174454,0.3247984531938983,58,1653
2022-04-29,0.24753533355497756,0.2199439213685375,0.1587577964005475,0.14198768673964315,0.32321694496714876,58,1653
2022-05-02,0.24846207581199792,0.22187258585401123,0.15916797912304964,0.14074769537906912,0.3248122018743626,58,1653
2022-05-03,0.24911621607191853,0.22193382138251785,0.1585475857056876,0.14288351472539387,0.32425596701696563,58,1653
2022-05-04,0.24958259305698666,0.2231099233260773,0.15844424568671578,0.1428673435847492,0.3245450121096889,58,1653
2022-05-05,0.25071041681298095,0.22369963524999184,0.15874373782102205,0.143404993632401,0.32644925223769533,58,1653
2022-05-06,0.25252982004569846,0.22598356579880974,0.15941141158426533,0.14391268634065138,0.3312969345402205,58,1653
2022-05-09,0.2533511961213014,0.2240243378841666,0.15897146479111016,0.1439781208269601,0.3302421122827232,58,1653
2022-05-10,0.254693919239991,0.2256651154819979,0.15825202002005984,0.14808616549062423,0.33334965967207186,58,1653
2022-05-11,0.2532732599301662,0.2246318498281882,0.1589172222527597,0.14513269601643314,0.33122488101060266,58,1653
2022-05-12,0.2529883752296709,0.22458499999473036,0.15920335943195343,0.14367431489696186,0.33295103414512967,58,1653
2022-05-13,0.2519447080870709,0.22247482399860286,0.1596626791204145,0.1428910751908278,0.33133133301098916,58,1653
2022-05-16,0.25319336038768586,0.22395443648912522,0.15945284009059463,0.14285114690253,0.33197459205858076,58,1653
2022-05-17,0.25352941094019255,0.2245758779649196,0.15989281829510574,0.14370251657250474,0.333371554213574,58,1653
2022-05-18,0.2509248997730587,0.22174708973922147,0.16027212054790427,0.14154493057257217,0.32965131311311524,58,1653
2022-05-19,0.2535875123882969,0.22329361519935628,0.15929932737323024,0.1440470482610563,0.3341652407200233,58,1653
2022-05-20,0.2545731964047277,0.22487437743906544,0.15901741686517745,0.1458344073644704,0.3336338379724541,58,1653
2022-05-23,0.2547170780734076,0.22578721527002119,0.1591522988751896,0.14529150220468046,0.3324711527385404,58,1653
2022-05-24,0.2559798503228617,0.2276288254658165,0.15931858128344434,0.14527007570170938,0.3366964797630377,58,1653
2022-05-25,0.25655166330049084,0.22917214981366532,0.15968124139342463,0.14503326466614158,0.33668747505755986,58,1653
2022-05-26,0.2567231727547808,0.22830951937562072,0.15964436923600805,0.14718108039450936,0.33597089513662487,58,1653
2022-05-27,0.25612989984904366,0.22825599803470864,0.1597581598274209,0.14789661334203866,0.33469220845226433,58,1653
2022-05-30,0.25579116550095454,0.2289166618424258,0.1596001918128267,0.148255740558144,0.3346204883708076,58,1653
2022-05-31,0.25590358738360447,0.22825166160211063,0.15975057688089098,0.14772126709829453,0.33410968221474374,58,1653
2022-06-01,0.255237740774023,0.2287756538091923,0.15918979865093158,0.14820588511162966,0.3349229323776499,58,1653
2022-06-02,0.2549977642173697,0.22635491253989676,0.15939437152763658,0.14751432735133335,0.33438299349332207,58,1653
2022-06-03,0.25547740195531554,0.2289141844044349,0.1595979106797399,0.14751073932374376,0.3364425543475867,58,1653
2022-06-06,0.2558523062272933,0.22908736632825763,0.1596291456356982,0.1488716070020699,0.3373290510646514,58,1653
2022-06-07,0.2546336820522025,0.22799608607758773,0.1600510088513826,0.14739355992448044,0.3361004370056206,58,1653
2022-06-08,0.2552545679738664,0.22852967022042434,0.1602903395351225,0.14734678250484945,0.33929091864730654,58,1653
2022-06-09,0.25695035986602177,0.2307251429992442,0.1599014765090931,0.14948604712768135,0.3406608896876607,58,1653
2022-06-10,0.2580872381803716,0.23181741766962013,0.15946932249940046,0.15082485152250397,0.34266408701397,58,1653
2022-06-13,0.2587560660581648,0.23123873274049694,0.15973779180618772,0.1486610436319744,0.34212764108368343,58,1653
2022-06-14,0.26264470038326393,0.23562753567332093,0.15845731877194413,0.1556210402746003,0.345204808560207,58,1653
2022-06-15,0.263405062492271,0.23800548228850713,0.15813793799081236,0.15688073146963727,0.3467331683800743,58,1653
2022-06-17,0.2642279510115636,0.23666130099829127,0.15777614562161973,0.1579932013824857,0.34761634586563017,58,1653
2022-06-20,0.26422273415373826,0.23746525180084077,0.15801800742748393,0.15725883125874002,0.3463834672192645,58,1653
2022-06-21,0.26382876234929736,0.2375248809117164,0.1579451643261607,0.1571220843157216,0.3474143466846663,58,1653
2022-06-22,0.2632483394316522,0.23589831838265293,0.15788640727785438,0.15600245877808688,0.34753809668270635,58,1653
2022-06-23,0.2612942822109978,0.23352230404741306,0.15792536799941595,0.15347795159439756,0.34584728331383885,58,1653
2022-06-24,0.2621373892850484,0.2332229802892826,0.15812685292151213,0.15447908632656182,0.3454891019784435,58,1653
2022-06-27,0.26172393171460484,0.23276623757363182,0.1583234479259495,0.1540450340013109,0.34385592982629865,58,1653
2022-06-28,0.26207562504970394,0.23340863855211735,0.15879383592936253,0.15252966572016669,0.34408012086207623,58,1653
2022-06-29,0.26224825050855066,0.23451896220674995,0.15895771838258954,0.15235512082607638,0.3451061642637254,58,1653
2022-06-30,0.2624988356685189,0.23304942945272908,0.15876757234022268,0.15378720103861412,0.34569480378466727,58,1653
2022-07-01,0.2622129607569955,0.23281923641916785,0.15847345283282482,0.1522842481053891,0.3462951020026202,58,1653
2022-07-04,0.2618381225192149,0.23277121999418404,0.158432797865747,0.15261331398188532,0.3460679111533974,58,1653
2022-07-05,0.2624806687503273,0.2347705747299297,0.15827759451711246,0.15336961432001042,0.3457860693993441,58,1653
2022-07-06,0.2626783260099117,0.23372020009234942,0.15804485588823758,0.15426353552862967,0.34650814332516405,58,1653
2022-07-07,0.2621334132025877,0.23319262196313903,0.15808446641001875,0.1525578569811411,0.3462309143774176,58,1653
2022-07-08,0.2635601068413055,0.2345465162194988,0.15787953260763815,0.15460843881014447,0.3479308010615122,58,1653
2022-07-11,0.2635940323717914,0.23516785780440796,0.1579297203997411,0.1550014398814478,0.3491616197383579,58,1653
2022-07-12,0.263745797839232,0.23556596496036714,0.15775332155288702,0.15447303976392324,0.3484631132810785,58,1653
2022-07-13,0.26300396870746867,0.2347032963904151,0.15775244160489446,0.15455369455985346,0.3483863497969498,58,1653
2022-07-14,0.26200037689230565,0.232627267986598,0.15785206602583765,0.15390522492228131,0.3467443474090619,58,1653
2022-07-15,0.26072980949362734,0.23146839680951653,0.15815189827894274,0.1522466198301793,0.34657947053881943,58,1653
2022-07-18,0.26062258544172784,0.23087361454013383,0.15807914356702946,0.15148219253168127,0.34702796377014605,58,1653
2022-07-19,0.26060100339712144,0.23168767914995386,0.15809333081138757,0.15117634013336623,0.3463670244523739,58,1653
2022-07-20,0.26134543332299764,0.23320300943610947,0.1580054485520059,0.15184659933824945,0.3472440046760502,58,1653
2022-07-21,0.2612699111103215,0.23386807154693068,0.1577279215548355,0.15249264918243538,0.34673882390581545,58,1653
2022-07-22,0.26051288389060756,0.23327744430533537,0.1578589847960324,0.15099316955124864,0.34675800021704417,58,1653
2022-07-25,0.2598464956171677,0.23280283363622606,0.1579347550320774,0.15089536010609156,0.3451963793226473,58,1653
2022-07-26,0.26010212038344505,0.23266833901722156,0.15775193617500385,0.1511032473266868,0.3455659568148945,58,1653
2022-07-27,0.2600857011830969,0.23241991298311362,0.15779092421208993,0.15066764739234456,0.346176046387976,58,1653
2022-07-28,0.26071911561881267,0.2331581024496611,0.15795148403273684,0.15237298107204586,0.3471482213361484,58,1653
2022-07-29,0.26120058970452725,0.23333500261557116,0.15764803753594767,0.1523966630382275,0.3465949135493744,58,1653
2022-08-01,0.26042509594157004,0.2329261238582723,0.1572598294028793,0.15120929332118538,0.3465526511205236,58,1653
2022-08-02,0.2599651927180177,0.23339549965480555,0.15725581525790044,0.15003276089528764,0.345686589707642,58,1653
2022-08-03,0.26066226167982615,0.23439792725791547,0.15720262190899845,0.15152989488810328,0.3444673116054264,58,1653
2022-08-04,0.25778213885594364,0.23063878013891376,0.15809183861752132,0.14774548616190883,0.3419277349464827,58,1653
2022-08-05,0.2606071558785433,0.23329218662151932,0.15863098960838057,0.1493247469169893,0.3466202052542833,58,1653
2022-08-08,0.25997780484507393,0.2324212873596925,0.15844587994426923,0.14907338201978768,0.3464812949820071,58,1653
2022-08-09,0.26060458136154135,0.23173691887193024,0.15850104153885117,0.15000574686197923,0.34792090760309147,58,1653
2022-08-10,0.26046485789215146,0.23327518369639483,0.15913547824995655,0.14935002009815254,0.34678543829942393,58,1653
2022-08-11,0.26059470740085167,0.23313112131339725,0.15884210219498773,0.15052168367235194,0.34726070155801714,58,1653
2022-08-12,0.25998482848940835,0.23313439820294768,0.15905821944391405,0.14868637091610953,0.34644246195560496,58,1653
2022-08-15,0.2609935147846193,0.23510818718888896,0.15831990551168806,0.15213665964395381,0.34846652223105873,58,1653
2022-08-16,0.260723449217589,0.2332535267901571,0.15836481424324342,0.14993123439688263,0.3484426102439221,58,1653
2022-08-17,0.25984683178284596,0.23328455565377187,0.15839428008706613,0.1491311452564339,0.3467806730520524,58,1653
2022-08-18,0.260362392906804,0.2319027150681361,0.158419511023866,0.1497382473110856,0.3461767947753782,58,1653
2022-08-19,0.2581095383386948,0.2279592860903182,0.15882610154122973,0.14734361389977402,0.34476645998661565,58,1653
2022-08-22,0.2576901160586496,0.22997524160061922,0.159394227451449,0.14555119995354893,0.34354538693583325,58,1653
2022-08-23,0.25874981755906257,0.23021154827952753,0.15938748701044506,0.14526028771569546,0.3438651486462084,58,1653
2022-08-24,0.26059428634263887,0.23285796955486907,0.15855743899287902,0.1471234602244105,0.34602001218503037,58,1653
2022-08-25,0.26037920518127705,0.2324582847524938,0.15872977912330669,0.14784648512937293,0.3444749908330538,58,1653
2022-08-26,0.26041785181593813,0.23385108723743778,0.15849821518116697,0.147441415034054,0.3448966301637685,58,1653
2022-08-29,0.2566981884185885,0.23010293030459517,0.15906407872613448,0.14432704369271848,0.340784905034249,58,1653
2022-08-30,0.25636242739975007,0.22889608829876723,0.1589732882588761,0.1449733968122641,0.341363185283973,58,1653
2022-08-31,0.2556064757250789,0.22840041076298262,0.15867135770140636,0.1438979983013808,0.3394358419266636,58,1653
2022-09-01,0.25369457878425944,0.22630184840526074,0.15880482852657238,0.14013053384796303,0.33661654095662535,58,1653
2022-09-02,0.25354208796026223,0.22629362250136256,0.15872015076857335,0.14030700593358136,0.33782992730140543,58,1653
2022-09-05,0.25343302988907707,0.22689888696164776,0.15895979921920939,0.14002218985959075,0.3380381458103152,58,1653
2022-09-06,0.2534490174059267,0.227007817979943,0.15890846170612546,0.13945937994723617,0.3382020841018605,58,1653
2022-09-08,0.25191122253306125,0.2259622555749573,0.15944249473934688,0.13824755098732716,0.3383018706288192,58,1653
2022-09-09,0.2519341960870483,0.2253068759201738,0.15950726896135328,0.13689888119331572,0.3382303509221998,58,1653
2022-09-12,0.25300238656721946,0.22685515360368075,0.15929676437096063,0.13756513002789594,0.3386329563356333,58,1653
2022-09-13,0.24718704849081924,0.21998205324242812,0.15974395415199225,0.13210388351436686,0.33061997891721906,58,1653
2022-09-14,0.2477142232423172,0.21981839333951841,0.15976919378975116,0.132890157475264,0.331334907220597,58,1653
2022-09-15,0.24761872270592136,0.2207699117372117,0.16003967830110832,0.13396038390097706,0.3302767113188766,58,1653
2022-09-16,0.24638830021095312,0.21891343374435782,0.15994301070845524,0.1323371439548455,0.32882592116979253,58,1653
2022-09-19,0.24619930894390968,0.21881049550940346,0.1601985156976546,0.1321288846223611,0.32926966907508803,58,1653
2022-09-20,0.2476907414699118,0.2205281484424656,0.16042860798853636,0.1326526997589079,0.3310116092443845,58,1653
2022-09-21,0.24723395516595426,0.2192898338418645,0.15989441727810821,0.13351310404946407,0.3282536993585253,58,1653
2022-09-22,0.24644143304757446,0.2194727435821015,0.15947279599539294,0.13325804225471527,0.32619333326480393,58,1653
2022-09-23,0.24535491804185333,0.21721587599934916,0.16124357984118046,0.13057834515850303,0.3268270594295115,58,1653
2022-09-26,0.2456136938330764,0.21659603400862512,0.1609976098958645,0.1311811588093829,0.327665869330214,58,1653
2022-09-27,0.246871747684217,0.2190151520111999,0.16170944152324618,0.13019920484593664,0.33011778265100145,58,1653
2022-09-28,0.2453683222331177,0.21703281522102008,0.16224502077986533,0.12944811093802094,0.32768818500138114,58,1653
2022-09-29,0.24504156226852644,0.21646973392363603,0.1619787671144455,0.12941047627875793,0.32773670113524,58,1653
2022-09-30,0.24523878484084174,0.21701961606535464,0.16186366987579678,0.1301422931357276,0.32752709035784444,58,1653
2022-10-03,0.2441204036085806,0.21541710400592665,0.16174674369920025,0.13044932261681036,0.32623125601721065,58,1653
2022-10-04,0.2543877474700381,0.22735414171175028,0.16240822506593855,0.1387542766086905,0.3357453619455687,58,1653
2022-10-05,0.25406945687926713,0.2267699106178928,0.1625068354951402,0.1390117089770522,0.33429342093409625,58,1653
2022-10-06,0.25340786184116826,0.22632358106800893,0.162125732476583,0.13709208533684233,0.3319066575800474,58,1653
2022-10-07,0.25097165404732125,0.22357928108139744,0.16186155911226163,0.13629842241645845,0.329588200253432,58,1653
2022-10-10,0.25171146805656985,0.2247361215731751,0.16200625918588554,0.13695617653252695,0.3306954681146234,58,1653
2022-10-11,0.2514377278087671,0.22448377884554044,0.16210156887693877,0.13606752221730212,0.33087982687162887,58,1653
2022-10-13,0.2504547671572496,0.22162195138570595,0.1623580728810003,0.13619310974740576,0.3294379880324044,58,1653
2022-10-14,0.247676755000117,0.21827220981010792,0.16216362823565592,0.13529799400752648,0.326600858242102,58,1653
2022-10-17,0.24955686534678073,0.2201878198149204,0.16229783423192723,0.1355666486981165,0.32925654150804784,58,1653
2022-10-18,0.24941072372024706,0.21848134835304275,0.16260207193898502,0.1366914223968317,0.3294321375841052,58,1653
2022-10-19,0.25017154058401214,0.21988098995422214,0.16301699021821087,0.13582224123225808,0.32959883195117323,58,1653
2022-10-20,0.24978874957118627,0.2182843138989054,0.16315424534875675,0.13654352264759162,0.3304131098695817,58,1653
2022-10-21,0.24940436880496294,0.21814277818594374,0.16284157126343016,0.13610206527678587,0.3294420867212221,58,1653
2022-10-24,0.24762358492611733,0.21524957325447308,0.16246133901962445,0.13398701649012465,0.3284724308046306,58,1653
2022-10-25,0.246745247244073,0.21558110440309253,0.1622329103467371,0.13323481160149314,0.3261717843192595,58,1653
2022-10-26,0.24143176791167203,0.20888387000132083,0.1624657626364103,0.12754772837884643,0.3204836630563427,58,1653
2022-10-27,0.24332868114134606,0.2122087458581122,0.16206763238091657,0.13035471002888652,0.3234561046547585,58,1653
2022-10-28,0.2412629387631236,0.2101859405557732,0.1631605298290549,0.12584119729398058,0.31813339885649866,58,1653
2022-10-31,0.23972592767707662,0.2083881466510825,0.16325832757153705,0.12541426304300665,0.3176584526869343,58,1653
2022-11-01,0.23869543844726965,0.20560264544366216,0.16369495784852764,0.12458262303016668,0.3162955994541161,58,1653
2022-11-03,0.23769038498842077,0.20431937301905248,0.16314896362653664,0.12387037216723393,0.3142013557281107,58,1653
2022-11-04,0.2347868985707257,0.20152557674495258,0.16334372615962936,0.12132138361806863,0.31002925540095366,58,1653
2022-11-07,0.23261819334127876,0.20089625439587774,0.16385367301331194,0.11861480710460033,0.30577638022749626,58,1653
2022-11-08,0.2373954262319759,0.208216161759579,0.1629357543904038,0.12537348730183392,0.31202415682522405,58,1653
2022-11-09,0.2357786803525981,0.20781123337047233,0.1630800615841798,0.12352204455476777,0.31146468786758286,58,1653
2022-11-10,0.23435162469636836,0.20532963024968523,0.16183463714250013,0.12398996301089518,0.30736552309958026,58,1653
2022-11-11,0.23981439184931722,0.2131295942973778,0.16319900329179077,0.12745256394482588,0.31641335706679635,58,1653
2022-11-14,0.23916181540017578,0.21210819688136787,0.16422389983519822,0.1254536601742976,0.3161872973233738,58,1653
2022-11-16,0.23966260613328322,0.21435470312810503,0.1633792826609032,0.12654797068499862,0.31699334665379997,58,1653
2022-11-17,0.2401218721193704,0.2150599898205967,0.16332932865267696,0.12566612931904245,0.3181496219162405,58,1653
2022-11-18,0.24135254561824862,0.21758374321142307,0.1627357865408032,0.1281152872408252,0.31904371060030934,58,1653
2022-11-21,0.24030140657399796,0.21689744288815554,0.1622495018596254,0.12764256554816197,0.3174250770998901,58,1653
2022-11-22,0.23644565981164473,0.20801272140300606,0.16334792231204814,0.1240648841391876,0.31022409268830564,58,1653
2022-11-23,0.2358441039193112,0.20762176808964447,0.16355755959187246,0.1238683868609269,0.3113972503804596,58,1653
2022-11-24,0.23524520241039226,0.2073453132153374,0.16394177160690931,0.12214848640856006,0.3098017878661529,58,1653
2022-11-25,0.23801043805974229,0.2106520383517377,0.16374187291792136,0.12486405877942092,0.31430461409757543,58,1653
2022-11-28,0.23971084272230103,0.21228255743474003,0.16384838433404142,0.1272593192489273,0.31473270730109304,58,1653
2022-11-29,0.23960465710414555,0.21070903279451725,0.16372059476254316,0.12699073298748575,0.31506177144006725,58,1653
2022-11-30,0.2389570704037933,0.2100200017343372,0.16414280581005372,0.12341195511015954,0.31315425593207163,58,1653
2022-12-01,0.23497501512033078,0.20587440889744388,0.1641874243665196,0.12136919757725025,0.3080344118412173,58,1653
2022-12-02,0.23544698757737698,0.20573754279130269,0.1642331276532378,0.12255757419203704,0.3095051134345504,58,1653
2022-12-05,0.23548307710597088,0.20543245296490004,0.1645878726660236,0.12236410358561087,0.30982096935603076,58,1653
2022-12-06,0.23741053523748956,0.2081644289725101,0.1647381834150749,0.12473822879189292,0.3140266250376335,58,1653
2022-12-07,0.23221354670336297,0.20154963176014415,0.16408502022668514,0.12043517951462392,0.3042433908004995,58,1653
2022-12-08,0.23212236856512303,0.2020341124489819,0.1642728841608043,0.12048688609972522,0.3050613121212742,58,1653
2022-12-09,0.23318217900865493,0.2027016468666437,0.16487706954530543,0.12180309262097702,0.30713570449303484,58,1653
2022-12-12,0.23285753437630072,0.2014947805088895,0.16510843909471493,0.12251848145969828,0.3060419653612627,58,1653
2022-12-13,0.23513307691972504,0.20285102732659052,0.16464750515926163,0.12471541801544044,0.3088272313877596,58,1653
2022-12-14,0.23553390752065617,0.20210262743958343,0.16483282093883833,0.12426555876454141,0.3104554622593077,58,1653
2022-12-15,0.2339671138739876,0.20041406975828427,0.16428573603647958,0.12421384290197558,0.3071649769806457,58,1653
2022-12-16,0.23388522481813875,0.20103802195905207,0.1642894325391646,0.1232618145022623,0.3068473964945894,58,1653
2022-12-19,0.23339598944578496,0.20081260425209585,0.16407156707989118,0.12347193815658052,0.30545856155848067,58,1653
2022-12-20,0.2327649121068035,0.19790272755385932,0.1642798098363205,0.1221355005121758,0.30571380981901897,58,1653
2022-12-21,0.23599742277761174,0.2024917788379801,0.16384803947783963,0.12539439763859486,0.3099276675269759,58,1653
2022-12-22,0.23630156246796735,0.20265430809701834,0.163810641073986,0.12478820861921433,0.3098785922854588,58,1653
2022-12-23,0.23445975764360297,0.2012602547402791,0.1641958324577148,0.12257748720677096,0.30911336595297717,58,1653
2022-12-26,0.23537853044720133,0.20395245566908166,0.16440600134448635,0.12241306898914073,0.3100015003815106,58,1653
2022-12-27,0.23539341909423153,0.20396104934449252,0.16469988287499088,0.12232247669384104,0.3107064647026496,58,1653
2022-12-28,0.2347887397742707,0.20195436027810706,0.16497563547025873,0.12117051254010511,0.3109687548559105,58,1653
2022-12-29,0.2348081025241575,0.20357474395504296,0.16523056302726102,0.12178527376770283,0.31065062404264154,58,1653
2023-01-02,0.2348543650827642,0.2032135184144493,0.16495189430935447,0.1219658269662174,0.3103160486522996,58,1653
2023-01-03,0.23700805838378736,0.20602481071722392,0.165231588500558,0.12206848243265311,0.31491210574170875,58,1653
2023-01-04,0.23738974926156844,0.20765520123777406,0.16596800581124982,0.12185092301794793,0.3145816419031446,58,1653
2023-01-05,0.23659759814646214,0.2070397320611328,0.16626975417419207,0.12174533955483068,0.3139605079426966,58,1653
2023-01-06,0.23818314708482424,0.20761512264127596,0.1656695898592184,0.12334719656412219,0.3153881260032687,58,1653
2023-01-09,0.23500667166796288,0.2040944402440552,0.16593823412047706,0.11982890569930688,0.30952728790602435,58,1653
2023-01-10,0.23579200067588688,0.20438717687574587,0.1659502335842758,0.12213661311731563,0.3103719809460765,58,1653
2023-01-11,0.23761087031092704,0.2043835704490797,0.1657744992512954,0.12278098902279731,0.31276782445436413,58,1653
2023-01-12,0.2380474346479013,0.2060626936139727,0.16588910667128512,0.12348041821996869,0.3125890918365608,58,1653
2023-01-13,0.23782386836692987,0.2050339724366844,0.16586042061652725,0.12403849131812104,0.313141793998967,58,1653
2023-01-16,0.23644135474478292,0.2031863304534405,0.16597817025717218,0.12195096809699718,0.3123348303940922,58,1653
2023-01-17,0.23778364383691913,0.20577331672703422,0.16593491017453887,0.12224223448769689,0.3123806117302732,58,1653
2023-01-18,0.2392926754194682,0.20607187592377316,0.16584677247851057,0.12329606594339043,0.313915517595991,58,1653
2023-01-19,0.23959691716311318,0.20741948598524096,0.16575173802865797,0.12510464068426366,0.31429130707190855,58,1653
2023-01-20,0.23968931753558112,0.2073631014457385,0.16575054260929667,0.12414753418222187,0.3160596030511688,58,1653
2023-01-23,0.23868432426572575,0.20541560922816918,0.16588134018722148,0.12351653264275309,0.31384380544796314,58,1653
2023-01-24,0.23860469676724086,0.20583567182147766,0.16557691861297552,0.12471856724987423,0.3129042355231029,58,1653
2023-01-25,0.23892461352165867,0.20632948891034888,0.16514617108074622,0.12503665416225265,0.31287451956642975,58,1653
2023-01-26,0.23966912475246077,0.20702999717995468,0.16549840909557686,0.12560194673174366,0.3127894500773562,58,1653
2023-01-27,0.23940712374417342,0.2072460219467342,0.16497621763676484,0.1257572019559992,0.31371793996148634,58,1653
2023-01-30,0.24012261598676646,0.20734253879061557,0.16487729544876503,0.126524286371843,0.31531199067592797,58,1653
2023-01-31,0.23996960455081484,0.2081016397790106,0.16474377302628856,0.1271699255394978,0.3153587148503905,58,1653
2023-02-01,0.2409756671680245,0.2084620527665356,0.16469373992485511,0.12784347202970242,0.31555842651840205,58,1653
2023-02-02,0.24112918530339345,0.20846917422946465,0.16436627660199013,0.12813526717791027,0.31544437098817285,58,1653
2023-02-03,0.24206120522346056,0.2134406258382515,0.16395096149973132,0.12945238934338912,0.31438482722979366,58,1653
2023-02-06,0.24200555038957206,0.21356839590843243,0.16458673150946132,0.12742786941461187,0.31321926042385634,58,1653
2023-02-07,0.24211508164190187,0.21266597323544006,0.16470163147528777,0.12812425869165353,0.3140917807661511,58,1653
2023-02-08,0.24266159169046272,0.2144894426510594,0.16482799875678902,0.1297242891182715,0.31591763667797884,58,1653
2023-02-09,0.2424115010915737,0.21446890205746189,0.16510679152327318,0.12839944568619852,0.3159547487490117,58,1653
2023-02-10,0.24334538663905644,0.2172098278146834,0.16513703614024824,0.1293882110869914,0.3174746727475839,58,1653
2023-02-13,0.24265813468359662,0.2157093329214454,0.16508787375160214,0.12939593504875535,0.3185218618453178,58,1653
2023-02-14,0.2425282703627364,0.2157147278769921,0.16510676961434156,0.12921596469323357,0.3169306933132866,58,1653
2023-02-15,0.24321027571636727,0.2156754192265926,0.16524086393646353,0.1279793601760187,0.32003597329575634,58,1653
2023-02-16,0.24302965197581475,0.21493222226736733,0.16495046086503184,0.12935819427300504,0.31902762224456677,58,1653
2023-02-17,0.2428833772245122,0.2157498971165873,0.1641258875539979,0.1297347931655476,0.31744399408842494,58,1653
2023-02-22,0.24287265131828353,0.21573388165561488,0.16426078804497837,0.1293920989584823,0.3179259551979754,58,1653
2023-02-23,0.24371324510614428,0.21649455884591232,0.1640956118196327,0.12979843512849323,0.31858419512744346,58,1653
2023-02-24,0.24349263850331082,0.21636748057712538,0.16407969309523054,0.12941876918961334,0.31844939112677273,58,1653
2023-02-27,0.24344998963125664,0.2173804025307534,0.16409387391878058,0.12885080828855197,0.32058923457814004,58,1653
2023-02-28,0.24331067374223964,0.21727081510973,0.1638460210921425,0.12880019977904347,0.3203963761359872,58,1653
2023-03-01,0.24393881613489118,0.2177681577687385,0.16400648171967933,0.12992173201267537,0.32178350679404283,58,1653
2023-03-02,0.24258165753142374,0.2155940543939456,0.16445180505728144,0.12751414852491008,0.31995177610579734,58,1653
2023-03-03,0.2411686463517774,0.21474803845445758,0.16551253899595456,0.12632809321962915,0.3179023060038045,58,1653
2023-03-06,0.2416754102757204,0.2147301929796841,0.16474843081749777,0.1259983096164605,0.31807089769277525,58,1653
2023-03-07,0.24183156370412795,0.21615089610536745,0.1649264487452001,0.12636796115187768,0.31837206182716143,58,1653
2023-03-08,0.242069072412049,0.21610261315906368,0.1646365559176206,0.12691141260201547,0.31914505484008404,58,1653
2023-03-09,0.2389722957090501,0.21159505769383924,0.16414848684088115,0.12302869423293272,0.315132640644139,58,1653
2023-03-10,0.23762011490710858,0.212203390687813,0.16586865623426264,0.12079367511241669,0.3153027406676175,58,1653
2023-03-13,0.2358616454050264,0.2116420459170747,0.16522837483246602,0.12061802010527008,0.3144526246773599,58,1653
2023-03-14,0.23667953093885147,0.2144975846870222,0.16474642394930863,0.12238400541014846,0.3148837159234109,58,1653
2023-03-15,0.23555429619846632,0.2107122106019428,0.16437621838365488,0.12131010134798623,0.3114837390351616,58,1653
2023-03-16,0.2347939742451878,0.2115158124696548,0.16459151215791948,0.11812259988204334,0.31285988315298774,58,1653
2023-03-17,0.23506553251051018,0.21391654473141974,0.16433218729075744,0.11820766601325931,0.31260990820645906,58,1653
2023-03-20,0.2343958573700659,0.21125614046320618,0.16475298488734513,0.11643265859885223,0.31141121674466404,58,1653
2023-03-21,0.23269503319738732,0.20825144225378237,0.16452741906714585,0.11423343279757943,0.30939309216899497,58,1653
2023-03-22,0.23107636952330726,0.20658810522452914,0.16441857927191744,0.11371786239530386,0.30764828335474964,58,1653
2023-03-23,0.2309111672140444,0.2069192771198957,0.16464071113287718,0.11299034678444506,0.3071746136362277,58,1653
2023-03-24,0.23250824845764773,0.20915131601939946,0.16424813609116098,0.1141502768268681,0.31015767574731734,58,1653
2023-03-27,0.2333158742721661,0.20962157666559508,0.1645411328468557,0.11449908783152506,0.31276797479815954,58,1653
2023-03-28,0.23349237000560244,0.2094431850335603,0.16421194012592547,0.11453325487030948,0.3118998206676443,58,1653
2023-03-29,0.23508969855798922,0.21179349240277198,0.1638072623126207,0.11558738865013371,0.3117601022553339,58,1653
2023-03-30,0.23495838036164485,0.21239009808816808,0.1636546510026775,0.1155730727200874,0.31111075223520407,58,1653
2023-03-31,0.23650084712489794,0.21249549729018077,0.16445614624594235,0.11520147840090068,0.31406390282652874,58,1653
2023-04-03,0.2366159389672578,0.21286055930861378,0.16420471803434952,0.11541555474596084,0.3130535616913985,58,1653
2023-04-04,0.2369485782170084,0.21461816562184446,0.16432543062123428,0.11789102922090812,0.3148355203414633,58,1653
2023-04-05,0.23669541981683448,0.21348410156178496,0.16491618002005456,0.11769454262873415,0.31454812264594656,58,1653
2023-04-06,0.237066838365336,0.21363223685703872,0.16496895870697464,0.11793526968222988,0.31608855633672833,58,1653
2023-04-10,0.23558843221893183,0.2122956981488605,0.16495259634975115,0.11616781388678185,0.313360268170698,58,1653
2023-04-11,0.23624455577795575,0.21407868491694668,0.16524359122845333,0.11516768862025582,0.31500539392158483,58,1653
2023-04-12,0.24052415693732376,0.21864948915751523,0.16665979739013065,0.11566166519714975,0.3235841600954411,58,1653
2023-04-13,0.2405249758468805,0.21774420934507963,0.1672067779331746,0.11617312478289629,0.3236251439623735,58,1653
2023-04-14,0.24032212098341285,0.21766172702327552,0.16713017065343724,0.11705750188415852,0.32247969890694683,58,1653
2023-04-17,0.23983856127981754,0.2161573239581855,0.16699236590938912,0.11606746267626311,0.321824435305823,58,1653
2023-04-18,0.23979394445790472,0.21695708763659896,0.16698631667119565,0.11559046139633106,0.32172540376172065,58,1653
2023-04-19,0.23970916909000403,0.2169115689645095,0.16697908006833237,0.11513187728593759,0.3213402842161879,58,1653
2023-04-20,0.2400755831521982,0.21575962913112195,0.16714001601095746,0.11444386357587326,0.32346360222254705,58,1653
2023-04-24,0.2407777712019784,0.21748024226220924,0.1676413801831847,0.11504191761002237,0.3256867417098596,58,1653
2023-04-25,0.23774040338614413,0.21726882139548445,0.17145686555604833,0.10783601002179384,0.3281846287481628,58,1653
2023-04-26,0.23461974529245347,0.21174674700098534,0.17159312063060725,0.10524627011725016,0.3231956649279422,58,1653
2023-04-27,0.2346321896339309,0.2137251149233157,0.1717763722439096,0.10537594736876985,0.32250123273163817,58,1653
2023-04-28,0.232949014076936,0.21091266383225352,0.1721697296157406,0.10425546476155485,0.3195021571360557,58,1653
2023-05-02,0.2333334766773087,0.2107230944308809,0.17241403687026793,0.10513919025026663,0.3201702221821193,58,1653
2023-05-03,0.23402128567865127,0.21212739053651236,0.1725804461369908,0.10548838796859157,0.3231213707096078,58,1653
2023-05-04,0.23287649028401894,0.21015068187090696,0.1719110204939207,0.10412833184536224,0.32209713332001905,58,1653
2023-05-05,0.23136611603442028,0.20656481359223003,0.17294928164864684,0.10313581187957986,0.3203523054047141,58,1653
2023-05-08,0.23316139228668567,0.20910285286298408,0.17353370635005505,0.10416859149057925,0.3236137625026833,58,1653
2023-05-09,0.2323246117927796,0.20723013293550946,0.17342621604799094,0.10383728372780265,0.3232390327742874,58,1653
2023-05-10,0.231958398745194,0.2102825498500843,0.17300607773778373,0.10343874357375664,0.3218005985573251,58,1653
2023-05-11,0.23207865339590394,0.20730300302090685,0.1735229436311596,0.10479876328295558,0.31988401117357035,58,1653
2023-05-12,0.2309379385878271,0.20638797179349272,0.17423419930248582,0.10501489583526362,0.31989112707691236,58,1653
2023-05-15,0.2311616071890027,0.20591442903100624,0.17387317960864845,0.10505261110456987,0.32055009048116145,58,1653
2023-05-16,0.23117001646550106,0.2085994559280419,0.17371679239299365,0.10544651239053375,0.317117565726928,58,1653
2023-05-17,0.23179388113909813,0.21140674671448514,0.17378923146158307,0.10542276333434561,0.31714465170409734,58,1653
2023-05-18,0.23136363933198933,0.20976610575030052,0.17364299048798737,0.10565105760864009,0.31573378604179525,58,1653
2023-05-19,0.23051959413538103,0.20867251410822016,0.17353487415802515,0.10397426743723098,0.31409870379233257,58,1653
2023-05-22,0.23023435774813436,0.20729555931241433,0.17339454042390348,0.1049643253050666,0.31390366600782554,58,1653
2023-05-23,0.2277534302178322,0.20485003072605626,0.17295890723690927,0.10305066242486774,0.3117150187468286,58,1653
2023-05-24,0.22744061680938074,0.2054486676939539,0.17309685308039724,0.10136870869264991,0.3109491498607576,58,1653
2023-05-25,0.2271134711394359,0.20540250285121514,0.17302045834220198,0.10212825311540023,0.31012182114680725,58,1653
2023-05-26,0.22655312082724968,0.2035770862775193,0.17329394356742706,0.10252782347268688,0.30886475074574077,58,1653
2023-05-29,0.226449497563728,0.2037056960139543,0.17331939164665783,0.10278958174173386,0.308851678551926,58,1653
2023-05-30,0.22677850431069785,0.20398801746689385,0.17341369699608092,0.10310408422153858,0.3091162759266376,58,1653
2023-05-31,0.22763276430428464,0.20542598052855338,0.17368604523427572,0.10168176785200936,0.30939236627378114,58,1653
2023-06-01,0.2275790339740666,0.2049452024768214,0.17353644153968864,0.10259658409333716,0.31043208599059985,58,1653
2023-06-02,0.22788850894980164,0.20526741030742476,0.17344021161049333,0.10289785522137256,0.3111109788098606,58,1653
2023-06-05,0.22964324144090928,0.20663347312293218,0.17386834802360204,0.10458840603761901,0.31443366750721935,58,1653
2023-06-06,0.2299372438423962,0.20637119634503848,0.1740513554904277,0.10466116495592276,0.3138448796052777,58,1653
2023-06-07,0.2312781902386038,0.20427673254498988,0.17366098037543568,0.10583101898726896,0.314025810407047,58,1653
2023-06-09,0.23078446526155943,0.20453235508727002,0.1735094825373488,0.1070452577792968,0.31345054785892834,58,1653
2023-06-12,0.23189889082225035,0.20689730567121645,0.1729886922723811,0.10895102476114546,0.31436225058772316,58,1653
2023-06-13,0.23153581580103827,0.20677708852668802,0.17281261862259514,0.10890895720609334,0.3138509289033367,58,1653
2023-06-14,0.230841381189933,0.2067612488714941,0.17317080304724777,0.10599645358031355,0.3147696139850233,58,1653
2023-06-15,0.2317933010627951,0.20904458492616984,0.1734870980985046,0.10766346916710619,0.31706242510702487,58,1653
2023-06-16,0.23053031513603003,0.2075803571671351,0.1735082293981626,0.10651420073332685,0.31631536832077534,58,1653
2023-06-19,0.22628660291846248,0.20155233952463295,0.17429792988170886,0.10201788929245635,0.3129191688183117,58,1653
2023-06-20,0.22670759634387685,0.20282140614201194,0.17441836412164627,0.10245769746392182,0.31252669147857093,58,1653
2023-06-21,0.2266035154645095,0.2022410720572574,0.17454591856444804,0.1019269667453344,0.3140221685387151,58,1653
2023-06-22,0.22596576206384042,0.20146421906729048,0.17439547895230922,0.09980165899371649,0.3129994500479902,58,1653
2023-06-23,0.22755016973211478,0.20335700983172272,0.1745388778146386,0.10186207745700235,0.31462373646705794,58,1653
2023-06-26,0.22746673074968288,0.20421236076372914,0.1747308900073371,0.10085476830865922,0.3135486341921387,58,1653
2023-06-27,0.22765318841521828,0.20530431278571548,0.17491712720030608,0.10159690384685746,0.31432322419400827,58,1653
2023-06-28,0.22786421704378762,0.2059669235696066,0.17501793023239795,0.10044723823605392,0.31706333899983835,58,1653
2023-06-29,0.22814267314911318,0.20564906021947993,0.17508847654900003,0.10084674577454933,0.3189572205137824,58,1653
2023-06-30,0.22890670912064806,0.204177011579142,0.17430550747617285,0.104437053971294,0.3197884005094659,58,1653
2023-07-03,0.22838319221554834,0.20440199265422185,0.1740747501667106,0.10490967151026807,0.3158826190685439,58,1653
2023-07-04,0.2274954166819178,0.204238383034562,0.17421501801775785,0.10470972598910688,0.31464010334936154,58,1653
2023-07-05,0.22684878320073032,0.20462120633796313,0.1742735421595109,0.10451205542741997,0.31255910478651905,58,1653
2023-07-06,0.227362000125453,0.2057419198469814,0.1744821186351021,0.10500645861985587,0.3125620639234208,58,1653
2023-07-07,0.22776793488165678,0.20615442007638787,0.174570903846883,0.10331245881568314,0.3137014475636344,58,1653
2023-07-10,0.22786231509958352,0.20670388587007912,0.1751717224176572,0.10314379440894172,0.3145233931229873,58,1653
2023-07-11,0.22812790669935487,0.206441475999565,0.17523808618736453,0.10365489845841282,0.31634377035549754,58,1653
2023-07-12,0.22634310742676783,0.20330377210703507,0.17508923331835846,0.10288168225767176,0.3133962528014433,58,1653
2023-07-13,0.2263019735292216,0.20302221683463292,0.17505173441979038,0.10362725849085207,0.31268627057285253,58,1653
2023-07-14,0.22521490724105703,0.20138606746747523,0.17541282829728316,0.09997957065563717,0.3123540594704068,58,1653
2023-07-17,0.22604326487607906,0.20190735776903346,0.17552964292222825,0.10106919581825477,0.3140195874954403,58,1653
2023-07-18,0.22625704299684268,0.20245583665883457,0.17581310930116206,0.10041276990240387,0.31421684711236403,58,1653
2023-07-19,0.22522433375507825,0.20103900816050266,0.1762942288628521,0.09966358432251281,0.31444382166845175,58,1653
2023-07-20,0.22591290478658377,0.20247133987307273,0.17639333846528965,0.10013841202462985,0.3134339726544731,58,1653
2023-07-21,0.22610775780541087,0.20223953874976605,0.1765345804144067,0.10023448432549957,0.31450111040504497,58,1653
2023-07-24,0.22585943631661043,0.20212561983841862,0.17676426335846426,0.09976952443264273,0.3154325981822583,58,1653
2023-07-25,0.22602626308166243,0.20331898097315748,0.17701500591647704,0.09910387146030201,0.3149386448721524,58,1653
2023-07-26,0.22614289659960288,0.20287065353872452,0.17718352630906056,0.09889237406805104,0.31476202381129775,58,1653
2023-07-27,0.22632739942397095,0.20245867022369546,0.17736085389179088,0.0997348373528039,0.3147659457786814,58,1653
2023-07-28,0.22707993118696354,0.2027484569313762,0.1774705800105394,0.10017064133671191,0.3153007151840427,58,1653
2023-07-31,0.2261508517057912,0.20163738634040151,0.1773451179024095,0.10026276282112734,0.3148981944673969,58,1653
2023-08-01,0.22589369723306166,0.20077653797462344,0.17704360736279362,0.09914718610294079,0.3137336655339917,58,1653
2023-08-02,0.22576564011668324,0.20058089927594538,0.17694386782828045,0.09934270620062723,0.31382244423372063,58,1653
2023-08-03,0.22613357932188355,0.20075181065116887,0.17742232115921786,0.0984586362676798,0.3141910242410614,58,1653
2023-08-04,0.22569810826508518,0.20174325727276343,0.17748793557984494,0.09839288432463342,0.313606716473511,58,1653
2023-08-07,0.22523810822275384,0.20179992653109172,0.17723636102267656,0.09869398719619814,0.31457749129420165,58,1653
2023-08-08,0.22628702493410768,0.20366632749322308,0.1770950383584181,0.09861371964919181,0.31500872862807827,58,1653
2023-08-09,0.22401486530839257,0.20050501799325032,0.1766918218273967,0.09729017059697691,0.3125777151099873,58,1653
2023-08-10,0.22469323086439436,0.2008447804285363,0.17663156659805737,0.09863971846072304,0.3130869003115981,58,1653
2023-08-11,0.2242356949978276,0.2003590793660332,0.1765112029205991,0.09795568495005645,0.3123055945584357,58,1653
2023-08-14,0.22361450354821302,0.19957061335296758,0.17654269810514425,0.09893868510486167,0.3110879860862348,58,1653
2023-08-15,0.2232056059098882,0.19978226435574714,0.17664631977343143,0.09749398913775598,0.3116214166199772,58,1653
2023-08-16,0.22413235397753978,0.2007112410232374,0.1759615858548065,0.09948694743684915,0.31184810643428673,58,1653
2023-08-17,0.22295051369338717,0.19896905403672338,0.1759440417538311,0.09804487905103099,0.31095921752829114,58,1653
2023-08-18,0.2235474751606472,0.20027595687206612,0.1760563106625917,0.09821067654511427,0.3118402313140305,58,1653
2023-08-21,0.2240164562401545,0.19994136155697664,0.1760311693041503,0.0991638856784744,0.31337553725226813,58,1653
2023-08-22,0.22455274871465472,0.20133427177894783,0.17625067244918077,0.10070241339877431,0.31271925941112877,58,1653
2023-08-23,0.22563490065465133,0.20253292956118882,0.17631059025186044,0.10054506099053469,0.31436116891784505,58,1653
2023-08-24,0.22527713065071392,0.202073064850669,0.1759857357920713,0.10125907419812763,0.31427612933529236,58,1653
2023-08-25,0.22515867931859443,0.20279296792561397,0.1759969529546227,0.1009481658126292,0.3135979640425167,58,1653
2023-08-28,0.2249133156486812,0.2025608173125689,0.1756842702340419,0.1010549005973561,0.31526637404712593,58,1653
2023-08-29,0.22523148507969168,0.20240579293391128,0.1756805256532879,0.10190277035639318,0.3156171665102684,58,1653
2023-08-30,0.22581617850721344,0.2040529007664313,0.175947234573961,0.10186004392925163,0.3169439277452894,58,1653
2023-08-31,0.22557404736491934,0.20371877295192953,0.17599667950169134,0.1009287791388074,0.3158445490056249,58,1653
2023-09-01,0.2270678113011096,0.205177193942852,0.17650340614216023,0.10182680805409841,0.31812011417177743,58,1653
2023-09-04,0.22723649043148,0.20549163424931557,0.17666525796357455,0.10109684977607251,0.31932106440896935,58,1653
2023-09-05,0.22785371820163455,0.20631853991274018,0.17698439913023423,0.1010070668117792,0.31935133338229493,58,1653
2023-09-06,0.22825357083946204,0.2069851854723832,0.1770363209074841,0.10194879807199493,0.3197074985513459,58,1653
2023-09-08,0.22926176086770297,0.20722425479750148,0.17699701550268154,0.10230987487661353,0.3191226842332375,58,1653
2023-09-11,0.2297665966090219,0.2082008518746049,0.1771491554963645,0.10341296714571917,0.3191197939933029,58,1653
2023-09-12,0.22874002953251005,0.2070272653641502,0.17695783650151176,0.10166999281715362,0.3186862973468105,58,1653
2023-09-13,0.2292889678884872,0.20667705650687376,0.17730870693007755,0.10288565173771992,0.3188283447521052,58,1653
2023-09-14,0.228286575504247,0.20485167926776876,0.1772592250724351,0.10262315650360905,0.31850667003925304,58,1653
2023-09-15,0.22810918946174163,0.20483074634814555,0.17741037366001322,0.1028030290277906,0.3179873726017344,58,1653
2023-09-18,0.22555439890931345,0.2034210427903129,0.17705299302002575,0.10133085652982984,0.3115833014942278,58,1653
2023-09-19,0.2255606288747488,0.2019122269967053,0.17703722950920617,0.10044555844249789,0.3113502084667247,58,1653
2023-09-20,0.22581996461683818,0.2036483196157295,0.17703924035124344,0.1010488012240024,0.3120430828570906,58,1653
2023-09-21,0.22606244021067454,0.20378436546759923,0.17694425687942758,0.10062251218747166,0.31217523122923957,58,1653
2023-09-22,0.2262442399845836,0.20325265211451657,0.17704220196538023,0.10049346347586935,0.3119588734858672,58,1653
2023-09-25,0.22690011919374337,0.2048275846705805,0.17708103673841732,0.09997790272179131,0.3137261393714144,58,1653
2023-09-26,0.2272523067405343,0.2046738840335699,0.1770562347826536,0.09963450439424622,0.31453572690126436,58,1653
2023-09-27,0.2267669762821909,0.20303176784384133,0.17669785504405763,0.10148578067316057,0.31489311515199947,58,1653
2023-09-28,0.22597261268559896,0.20269807497397185,0.177042969499823,0.09922917121374192,0.31516469932238744,58,1653
2023-09-29,0.22286828622023708,0.19722020283398178,0.17635676564950037,0.09732062297870846,0.31200207394076107,58,1653
2023-10-02,0.2228232596632282,0.1972855300776108,0.17630443796380446,0.09767773411949185,0.3130296607283096,58,1653
2023-10-03,0.22391946966640733,0.1975632296648001,0.17699291981641968,0.09921184962111847,0.3149650591958062,58,1653
2023-10-04,0.22536761612611061,0.2011579877687066,0.17726206152628757,0.1013486294514504,0.3155574019586788,58,1653
2023-10-05,0.22289022702485348,0.1970852521320828,0.17735992909662468,0.09678261657861652,0.31401829087966465,58,1653
2023-10-06,0.21297217742111513,0.18742951171162828,0.17571839440186982,0.08870119774225174,0.29913184572185236,58,1653
2023-10-09,0.21379541101316682,0.18895955588189467,0.17521890865693643,0.09019140396028699,0.29791901393269554,58,1653
2023-10-10,0.21384084382864738,0.18950965578615578,0.17518850190859256,0.09033524891668566,0.29645190588789383,58,1653
2023-10-11,0.21429928926681696,0.19058592920641595,0.17552455352841176,0.09055166258189326,0.2980385831131968,58,1653
2023-10-13,0.21389347895475558,0.18938833508723746,0.17546579476940458,0.08895001335463879,0.2978217291665397,58,1653
2023-10-16,0.21488337185729245,0.18996484749191023,0.17594430536498074,0.09009683828273908,0.3007073571326983,58,1653
2023-10-17,0.2158913503869971,0.1907178859802453,0.17588331401481264,0.091525294811307,0.3044000938029688,58,1653
2023-10-18,0.21674331335671382,0.19145031931954778,0.17612299651818097,0.09244556552578628,0.305569941371591,58,1653
2023-10-19,0.2169937269254833,0.19068391799493806,0.17591867648119935,0.09348661444984095,0.3054262156440968,58,1653
2023-10-20,0.21638318859763597,0.19068408968324116,0.1756360506874075,0.09272996337357724,0.30629723753588173,58,1653
2023-10-23,0.21563536399901825,0.18926696025265968,0.17521276233858546,0.09237978742949107,0.3035732212074984,58,1653
2023-10-24,0.21547783726955916,0.18833131791918237,0.1754179136375499,0.0916449487669883,0.30520587944836003,58,1653
2023-10-25,0.21578737349688712,0.18874157993750437,0.1757302219383851,0.09132162872994395,0.305663816768713,58,1653
2023-10-26,0.21437562768231408,0.18722932698796269,0.1755946896873529,0.09123914373654303,0.3044911796425727,58,1653
2023-10-27,0.21606507551094017,0.18961517242466097,0.17658861733888107,0.09233150472996157,0.30589132959479065,58,1653
2023-10-30,0.21580926088117316,0.18850868105224783,0.17706805187488292,0.09125122305564626,0.30555205696875465,58,1653
2023-10-31,0.21362945309972048,0.18617176707318767,0.17679495689482919,0.08887958065055834,0.30140582183946785,58,1653
2023-11-01,0.21280625468639208,0.18625754401508643,0.1758442132005134,0.08962779746618506,0.29882543517118076,58,1653
2023-11-03,0.21449133731979392,0.1895963570187738,0.17549040960946913,0.09059002961201909,0.30159185390367843,58,1653
2023-11-06,0.22071903082266375,0.19878375474112062,0.17500858277215064,0.0955505818786671,0.30832356824486146,58,1653
2023-11-07,0.21982917935553967,0.19850397922048219,0.1758187322899271,0.0954324312667379,0.3086562664694533,58,1653
2023-11-08,0.22038846230714937,0.19772580641853157,0.17625763642654063,0.09493001637394138,0.3104088984097751,58,1653
2023-11-09,0.22273173168214433,0.20100842980719172,0.17514689758085336,0.09455592561266452,0.31406699637094543,58,1653
2023-11-10,0.21843136701816113,0.19447228882304127,0.17433450527353458,0.09360918022281307,0.30881139742724156,58,1653
2023-11-13,0.2183330068391444,0.19452996408338707,0.17402314687367174,0.09412113578225005,0.3082361447393427,58,1653
2023-11-14,0.22013109875745782,0.19635105704270617,0.17611863960505414,0.09270846685921037,0.3157048286572543,58,1653
2023-11-16,0.21779982422330857,0.19505046658940145,0.17483187211042228,0.09079564719385921,0.30856557616995833,58,1653
2023-11-17,0.21962830396498806,0.20062465984916078,0.17342939176974193,0.09185973792736313,0.31408186834564994,58,1653
2023-11-20,0.21986582226562543,0.20012023028242895,0.17368661944407432,0.09220790695548174,0.3144654693914954,58,1653
2023-11-21,0.21786759441382778,0.19792023236217285,0.1727531838856801,0.09054418698475411,0.3117521904222,58,1653
2023-11-22,0.21712622127025424,0.19639789038951364,0.17311542868531957,0.09224725689834422,0.31132707612217186,58,1653
2023-11-23,0.21600802116452633,0.19543326418579843,0.1722698494168004,0.08909645178502397,0.3118953629220333,58,1653
2023-11-24,0.21901946592144492,0.19789071995091517,0.17233512971795673,0.09188320955987396,0.3132248905980894,58,1653
2023-11-27,0.22013107118006267,0.2010663234229782,0.1725482774414291,0.09387683310439668,0.31579910818214557,58,1653
2023-11-28,0.22018593015506563,0.20074885335484038,0.17250274441504174,0.09387683310439668,0.31534525827700927,58,1653
2023-11-29,0.21747804095425144,0.1972934032367388,0.17164290915234473,0.09065234746119204,0.31431536153758916,58,1653
2023-11-30,0.2150681550707211,0.19509173498810023,0.17138602713518877,0.08806889657861673,0.3127137689926375,58,1653
2023-12-01,0.21481281601205085,0.19375453925030187,0.17154299348617033,0.08865863855987109,0.31060332012365555,58,1653
2023-12-04,0.21385103140730077,0.19283245915553993,0.17066567494548146,0.08824054610595612,0.3079763761289095,58,1653
2023-12-05,0.21387465805429673,0.1930593156647481,0.1707531615322658,0.08788029793133291,0.30902238812466637,58,1653
2023-12-06,0.2133813612533299,0.19138665810361105,0.17087581120877415,0.0892006151129232,0.3083428849160831,58,1653
2023-12-07,0.21353599174222399,0.19274761359505813,0.17103734253109595,0.08888367123226022,0.30770318421594783,58,1653
2023-12-08,0.21137783810392496,0.1908750894932736,0.17053645664629893,0.0881239050409719,0.30436525275718757,58,1653
2023-12-11,0.21146943929177742,0.19146878026405784,0.1706582957952558,0.08863366268615507,0.30300558692987795,58,1653
2023-12-12,0.2115745705328219,0.19197797894818797,0.1704656628537057,0.08892720633576806,0.3035466979778982,58,1653
2023-12-13,0.20783251390451732,0.18888045618493118,0.170234931056881,0.08583318164063729,0.2983949906805954,58,1653
2023-12-14,0.21081337137690534,0.1907795701150317,0.17051161764728254,0.08796507274689452,0.30346292571084926,58,1653
2023-12-15,0.20742124610762439,0.1856180061900162,0.1712213419162709,0.08390980214950204,0.3009938801233788,58,1653
2023-12-18,0.20485210815111154,0.18582632753146366,0.17155253792195413,0.08235126795393191,0.29898252345504367,58,1653
2023-12-19,0.20650772330631662,0.18700134795044906,0.1708745430344827,0.08179246900662131,0.3001941281501302,58,1653
2023-12-20,0.2066564243234051,0.18774521008314574,0.17092296866130613,0.08148404639938522,0.2980173717680555,58,1653
2023-12-21,0.20702386850191098,0.1885604418650231,0.17117517583865843,0.08106695434323033,0.2986618342905063,58,1653
2023-12-22,0.20883176592176186,0.19317964264958074,0.1709938619139726,0.08427535824324262,0.3013579130834921,58,1653
2023-12-26,0.20522343108227284,0.18901342505122598,0.17122424587306073,0.0800930761293017,0.2957279332858918,58,1653
2023-12-27,0.20550074062985468,0.1888726134191212,0.1712110615767027,0.079991292689474,0.29778781067519833,58,1653
2023-12-28,0.2057199015878751,0.18897481147311534,0.17110692916073977,0.08107578843484528,0.297438290735945,58,1653
2024-01-02,0.20566288888473916,0.19057851847245594,0.17127622560533276,0.08013401779401508,0.29974774573285135,58,1653
2024-01-03,0.20725853570543706,0.19105760067859626,0.1710982014640558,0.08228344989425011,0.30029901704228484,58,1653
2024-01-04,0.20832756454977694,0.1912620625006912,0.17108829859916075,0.08311909975502789,0.3036577921590575,58,1653
2024-01-05,0.209137736418845,0.19243028059820427,0.1708927243063374,0.08399928535892533,0.305022004102335,58,1653
2024-01-08,0.2091612219273621,0.19215577111592128,0.1713838140051788,0.08462354442464344,0.3044941765784653,58,1653
2024-01-09,0.20546063065791,0.1890875026823739,0.17168970961193436,0.08036902386449728,0.3009240195285902,58,1653
2024-01-10,0.20424551480448924,0.18739041108487794,0.1706124608961883,0.07912550435928979,0.299902211653896,58,1653
2024-01-11,0.20475446040507647,0.18741537580318807,0.17028450026624486,0.08077284335616536,0.3007336602054568,58,1653
2024-01-12,0.202819455424865,0.1832758459321869,0.17052895341987465,0.07902588693338178,0.29827128983847895,58,1653
2024-01-15,0.203165452836447,0.18515307283641852,0.1705163650908871,0.07912528872832807,0.29801534530534146,58,1653
2024-01-16,0.20303740249547225,0.18458320431450334,0.1706581673482548,0.07876574077756586,0.2986805588875895,58,1653
2024-01-17,0.20336739285371003,0.18694090451515982,0.17119587291540017,0.07952616516679198,0.30004628959415036,58,1653
2024-01-18,0.20313851341147376,0.18603546656724748,0.17111100174434965,0.0794886143003975,0.2992172428871359,58,1653
2024-01-19,0.20394425537734032,0.18616573834448,0.17096234605380387,0.0805987885555204,0.29793687075837705,58,1653
2024-01-22,0.20370506637939756,0.18603521439801365,0.17088779613750457,0.07964326957950976,0.29903101984123337,58,1653
2024-01-23,0.20275981431895723,0.18424795920327858,0.17096290256031374,0.07913561257292492,0.29820140246994653,58,1653
2024-01-24,0.20143689648988697,0.1848175594282842,0.1716479374156928,0.07693660984632285,0.29835592754254936,58,1653
2024-01-25,0.20066419982565706,0.18377608663057154,0.17163810547474007,0.0747751090385909,0.2958403958107551,58,1653
2024-01-26,0.20094047021326614,0.18240359565339545,0.1716262266346308,0.07700285626399135,0.29537652775688106,58,1653
2024-01-29,0.20104059010038303,0.1814610071786012,0.17162863197988715,0.07677692135010362,0.2968295364984218,58,1653
2024-01-30,0.20167305134822736,0.18122497567637766,0.17174593023101975,0.0761967437408797,0.29668132403327996,58,1653
2024-01-31,0.2022502357715097,0.18334965680466708,0.17199723354575436,0.07595657684177352,0.29715775001340133,58,1653
2024-02-01,0.20184341735876057,0.1817113848802831,0.171831422136476,0.0765455322676454,0.2967810463723293,58,1653
2024-02-02,0.20193320007742657,0.18150811407572662,0.17186478735443397,0.0750370555139999,0.2964998384829286,58,1653
2024-02-05,0.20102266073274294,0.1801570597609839,0.1716390019642208,0.07546060504962031,0.29588983876062463,58,1653
2024-02-06,0.20099208565181842,0.18083300807975397,0.17157571760488916,0.07466984475563053,0.2959293093093978,58,1653
2024-02-07,0.2008688200875938,0.1815588203800545,0.17191092646721212,0.07475407887469944,0.29557909995983916,58,1653
2024-02-08,0.1973323863542102,0.17917306160610036,0.16985040266114396,0.07383396887440793,0.28797826498262696,58,1653
2024-02-09,0.198106834074146,0.17700214130190325,0.1697587415925469,0.0734763265390498,0.2929237424136477,58,1653
2024-02-14,0.19731975270099802,0.17668774813767504,0.16917204848831138,0.07437834979282959,0.29242981921290223,58,1653
2024-02-15,0.19781120228307522,0.17914688735505702,0.16895421315604814,0.07507989555200227,0.291963367752998,58,1653
2024-02-16,0.19774105734900901,0.17983591033233715,0.16842438688331107,0.07516900959599011,0.29172633586685237,58,1653
2024-02-19,0.1984818417668672,0.1792411936504195,0.16858230128194754,0.07553494814550994,0.28957076008412796,58,1653
2024-02-20,0.1968916204684555,0.175404583066652,0.16815748124188665,0.07498949483358747,0.2871423427150326,58,1653
2024-02-21,0.19845486957385386,0.17846222951754281,0.16892462271684217,0.0754609249594323,0.29022023579906203,58,1653
2024-02-22,0.19841703784397025,0.1777771623299406,0.16894431147873798,0.07551418906919029,0.2921230814168925,58,1653
2024-02-23,0.19858044019479257,0.17790843496134298,0.1692018858851873,0.07545243439869416,0.29120157695625076,58,1653
2024-02-26,0.19974043873875422,0.1777400682395207,0.16968650217713596,0.07562902303944737,0.29360155004084915,58,1653
2024-02-27,0.2003802080079458,0.17845976058529545,0.17009482052135474,0.0760645974636887,0.2946220914494461,58,1653
2024-02-28,0.20207324305571353,0.18008729602021734,0.17072792622836933,0.07693147451711121,0.29685658402020165,58,1653
2024-02-29,0.19905738859489197,0.17492870946448177,0.17088733799644937,0.07180841345513692,0.29325342281501354,58,1653
2024-03-01,0.19943989984917368,0.17615121425648617,0.17073084484685166,0.07355904880530861,0.29398541702804526,58,1653
2024-03-04,0.19834376681086438,0.17316370571884815,0.1701545293876064,0.07393321388735671,0.2923869966403249,58,1653
2024-03-05,0.1996057085038656,0.17590140097268653,0.17051030654324925,0.0745427029062736,0.29541242289016234,58,1653
2024-03-06,0.19972291274978599,0.1752105369230531,0.17071920507729565,0.07449440454476837,0.29549685314199137,58,1653
2024-03-07,0.20134814313802207,0.1786185524337925,0.17055700423048825,0.0750785114049931,0.29784098761214545,58,1653
2024-03-08,0.2013534687975053,0.1788218840301563,0.17040459912774075,0.07660759213039112,0.2979028264671354,58,1653
2024-03-11,0.20054030835754558,0.17615870690053453,0.17052207739077493,0.07487210036253132,0.2981513298615316,58,1653
2024-03-12,0.20149365404109568,0.1780301837830607,0.17020696022882256,0.07727106594745001,0.298934311974012,58,1653
2024-03-13,0.20206950801939869,0.17873519979536212,0.1704397511887617,0.07637790164394068,0.3005676573779306,58,1653
2024-03-14,0.19968244881769515,0.17634382700878873,0.1690216519983365,0.0754146863931628,0.29674656311547204,58,1653
2024-03-15,0.20121396446245543,0.17435987914545362,0.16689559616325683,0.07743234439907513,0.29756143891701975,58,1653
2024-03-18,0.19987353140198033,0.17444559185208602,0.1660460924784782,0.07746868483032801,0.294625865230086,58,1653
2024-03-19,0.19956594052377358,0.17343388800306622,0.16629523838507934,0.07658244842157996,0.29553817031193247,58,1653
2024-03-20,0.2006863708924207,0.17420737566115854,0.16644488644164354,0.07599426638658578,0.2955552215506941,58,1653
2024-03-21,0.20346621982912527,0.17929383857457054,0.16607774691446833,0.07939438008263389,0.29796637954126914,58,1653
2024-03-22,0.2036521986808022,0.17948694151919767,0.1663436949531495,0.07992560105135268,0.300508862837666,58,1653
2024-03-25,0.20285448639102077,0.1770645223543297,0.16548617961115222,0.07967227994440697,0.3012694735856051,58,1653
2024-03-26,0.2028548166766252,0.1786936750473476,0.1657730943818529,0.07911361468950034,0.3011413875996628,58,1653
2024-03-27,0.20284073964559252,0.17765145471528504,0.16607737349938914,0.0795018097465541,0.3003124561533097,58,1653
2024-03-28,0.20406813881661373,0.17923255404451416,0.1665453981534624,0.07990670702096914,0.30150436947156417,58,1653
2024-04-01,0.19922275011242788,0.17595793389096345,0.16742842156556814,0.07438822287392666,0.29838212894486016,58,1653
2024-04-02,0.1979573060110703,0.1757519496419656,0.16787144646470212,0.07239165041619806,0.2969892299923665,58,1653
2024-04-03,0.19741815226655945,0.17671181917742976,0.16758675966604758,0.07260395417171787,0.2952522745863022,58,1653
2024-04-04,0.19580616094704847,0.1723467588957112,0.16798022786205716,0.07188206088133393,0.2934948303612583,58,1653
2024-04-05,0.1959136171892216,0.17383592403862339,0.1679158830283337,0.07045385414646187,0.29453164013941296,58,1653
2024-04-08,0.19424306248278944,0.17265090310352504,0.16683338455308655,0.07000725226143212,0.289858388681059,58,1653
2024-04-09,0.19531211359336095,0.17208789958848883,0.16686225874550134,0.0707623114345094,0.2902212932614079,58,1653
2024-04-10,0.19546292197174114,0.17302460528170735,0.16664455147827373,0.07204427275235321,0.2888092517610533,58,1653
2024-04-11,0.19768616836735892,0.17750795841729308,0.16706378479106557,0.07466174842819262,0.29273174848526157,58,1653
2024-04-12,0.1968396956491859,0.17654046138357565,0.166749801254764,0.07467711206439911,0.293057678668217,58,1653
2024-04-15,0.19900831222814408,0.17821166448747988,0.16666712462242672,0.07761905482777902,0.29556015406422087,58,1653
2024-04-16,0.19784228125920347,0.17712913570333194,0.16583669207285065,0.07938931603860057,0.2917175170806505,58,1653
2024-04-17,0.19259531476933897,0.17009441774021342,0.16198071886292012,0.07819615769347577,0.278956539127825,58,1653
2024-04-18,0.1933636368849612,0.17232721703527157,0.16133594841749518,0.07875468257364938,0.2796439611806046,58,1653
2024-04-19,0.19339954156080053,0.17300300124382223,0.16153469677171967,0.07845208582860724,0.27943777845878076,58,1653
2024-04-22,0.19309345908561173,0.17369840699834496,0.16283038337232322,0.07829802923686205,0.2800573743754745,58,1653
2024-04-23,0.19296413114842242,0.17242605916064643,0.1627936707714668,0.07918115406036469,0.27961559562562105,58,1653
2024-04-24,0.1917782514037935,0.17175870089869255,0.16193337998921378,0.07860371794895489,0.27761623977034927,58,1653
2024-04-25,0.19122163460079816,0.17127006591829358,0.1614647041166799,0.07787126435337484,0.27575566155942155,58,1653
2024-04-26,0.19173311292215156,0.17272315489806475,0.16180325998699055,0.07727970493067665,0.2768003887402969,58,1653
2024-04-29,0.1946505742199845,0.17319047564229617,0.1593451713531173,0.08267846451154894,0.28046182017964644,58,1653
2024-04-30,0.19534520932421576,0.1764195209370824,0.1588606537175354,0.0834352340220823,0.279668386416617,58,1653
2024-05-02,0.1965252930826101,0.1778817711348379,0.15945962452253432,0.08228504412205549,0.281941358841441,58,1653
2024-05-03,0.198576026391486,0.17932338745859042,0.1590263781923062,0.08492021407047917,0.2832446781563263,58,1653
2024-05-06,0.1988497234064132,0.1804369539100905,0.1590277781490082,0.08412350461426585,0.2821065322511479,58,1653
2024-05-07,0.19661923877637352,0.18018050828705479,0.15894237515847232,0.08351175997256262,0.280165252574434,58,1653
2024-05-08,0.19703658276556513,0.1814171808217023,0.15903802546831808,0.08279049384834516,0.28089492236127295,58,1653
2024-05-09,0.1985552488756641,0.18477703017757588,0.15884820087385,0.08275875399620454,0.28311361818469855,58,1653
2024-05-10,0.19558201450360185,0.17840325889623002,0.15806566242978587,0.08212312709797137,0.27915041721326045,58,1653
2024-05-13,0.19625887168891928,0.1773947785978008,0.15802718687156084,0.08323806083428929,0.2817617674241648,58,1653
2024-05-14,0.19561213950335013,0.17632684369172136,0.1584996373472516,0.0822249655931797,0.2809195433622006,58,1653
2024-05-15,0.19555032504026224,0.17846585263497805,0.15860557696369798,0.08234301345527142,0.2821753973136112,58,1653
2024-05-16,0.1951490654330292,0.1777066410275345,0.159028200769249,0.08144455619726397,0.28117505608639526,58,1653
2024-05-17,0.19620020873569838,0.17924837968369256,0.15902254869842056,0.08083335337693719,0.28217214868517454,58,1653
2024-05-20,0.19658745817884488,0.1789616241878477,0.15815076690017388,0.08395134277604183,0.2841917235191348,58,1653
2024-05-21,0.19562169232561083,0.17675047369175437,0.15708301668092298,0.08606274648306689,0.2820935987140189,58,1653
2024-05-22,0.19478298416430798,0.17816706812316868,0.15679505340977737,0.08396951036363622,0.2804303983564169,58,1653
2024-05-23,0.1973584020623639,0.18186605563357,0.15695931155170545,0.08713561508768977,0.28257009484307044,58,1653
2024-05-24,0.19752751146662434,0.18185760932170186,0.15709584075962724,0.08638979533873357,0.2824325361168608,58,1653
2024-05-27,0.19836282620464699,0.1830941828727165,0.15730536026823505,0.08838390614455088,0.2832795021228201,58,1653
2024-05-28,0.1990520020621137,0.18302383968048364,0.15701404471542982,0.08844191463058533,0.28257487280347354,58,1653
2024-05-29,0.19904544356890402,0.18418888336270395,0.1566772825917662,0.08876814165569263,0.28443467258363203,58,1653
2024-05-31,0.19926817025397517,0.18478531410740917,0.15619758863785704,0.09032201504249218,0.2847237218083456,58,1653
2024-06-03,0.20046356080189293,0.18686838914567647,0.15641362779929274,0.09065004059801701,0.28462872392367305,58,1653
2024-06-04,0.19997018945987463,0.18580970015100798,0.15620473310984032,0.09001375729411983,0.2817399385676813,58,1653
2024-06-05,0.19904539696911205,0.184906793009138,0.15603893602689112,0.08945009381504371,0.2809444986447562,58,1653
2024-06-06,0.19919649901966713,0.18506561890632123,0.15614655982657125,0.09170402307822169,0.2808397874059613,58,1653
2024-06-07,0.19885869120243133,0.18491609154427543,0.15605875696865718,0.0906169648531138,0.28032005601053567,58,1653
2024-06-10,0.1986601688859939,0.18310399647901576,0.15625608990834045,0.08877554006793854,0.2800995251074369,58,1653
2024-06-11,0.1987065432613214,0.18275478081280153,0.1565525318513775,0.08808054106186995,0.28040002758077454,58,1653
2024-06-12,0.1969792275793241,0.18241326984324768,0.15759718741388365,0.08632681306014586,0.2799805230541442,58,1653
2024-06-13,0.19811507002993028,0.1828148974875215,0.1575161661565783,0.08858825807935984,0.2816621763403637,58,1653
2024-06-14,0.19614490966259318,0.18046022018908112,0.15863429418295877,0.08655083250655488,0.28122001343754216,58,1653
2024-06-17,0.1966286719535924,0.18213976739165114,0.15902123684924233,0.08546502198424955,0.28260606437209856,58,1653
2024-06-18,0.1964552879571093,0.1823022869133838,0.1588357854238536,0.08414344652395583,0.282290190836037,58,1653
2024-06-19,0.1933781864335961,0.17814193819145235,0.15847441968922021,0.08272101611966824,0.27807992592816155,58,1653
2024-06-20,0.1936145287793093,0.17940276729623233,0.1588097329197147,0.08224397503780151,0.27758117408954164,58,1653
2024-06-21,0.19324039483878952,0.17825310230680258,0.1587497381000114,0.08174050641179297,0.27715662785897327,58,1653
2024-06-24,0.19273754686478528,0.17652648449975275,0.1583529857424669,0.08123118372384071,0.2768297006921142,58,1653
2024-06-25,0.1935687559243374,0.17859324127686652,0.1586766282500572,0.08061244856727018,0.2791246855815024,58,1653
2024-06-26,0.19404930698624054,0.17958790458645627,0.15873006002883128,0.08196684997215753,0.2791954937325219,58,1653
2024-06-27,0.19176587167546805,0.17716778914449566,0.15876881010918667,0.07936950002097057,0.276309822663667,58,1653
2024-06-28,0.19393765332740812,0.17800860893669548,0.15822496960075302,0.08089011693418664,0.2781714831590625,58,1653
2024-07-01,0.19425173921884886,0.1787892822026352,0.1581414767075767,0.0815865558012102,0.27888178586823437,58,1653
2024-07-02,0.1928995181042839,0.1789029122231473,0.1580559082360637,0.07967112033686705,0.27754087223779167,58,1653
2024-07-03,0.19294541677374283,0.17921358810648458,0.15794482709826563,0.08054199203994196,0.27798377510971406,58,1653
2024-07-04,0.1919543873504499,0.17733492786943672,0.15817098320830048,0.07883997734649267,0.27929628401794054,58,1653
2024-07-05,0.19380537554155716,0.17785889320574816,0.15873692905869757,0.08049433848925046,0.28272110757199553,58,1653
2024-07-08,0.19423193002715863,0.17866042986250327,0.15888850939323135,0.07949549836288519,0.2843835829014591,58,1653
2024-07-09,0.19465538656949133,0.17886964104924413,0.15878405971843362,0.07997462393605541,0.28407881240991867,58,1653
2024-07-10,0.19558111525265748,0.1788113447919148,0.1586590670265666,0.07952679213471868,0.2853849859459323,58,1653
2024-07-11,0.19399558716792126,0.17819158869513466,0.15885107376258983,0.07932914915291835,0.2836288167573105,58,1653
2024-07-12,0.19378889537130625,0.1772261760681016,0.15838718908064608,0.0801243069241938,0.28181841410057334,58,1653
2024-07-15,0.19360127477660197,0.17612112487069542,0.15819444395506901,0.07932648424340139,0.2816004111680705,58,1653
2024-07-16,0.1936971014075533,0.1772804962829297,0.15814601352709742,0.07983800582346257,0.28142791402198586,58,1653
2024-07-17,0.19396598428603137,0.17833464458704898,0.15825982833752925,0.08074453588407209,0.2821112052410801,58,1653
2024-07-18,0.19352190276172207,0.17628237007051525,0.1580662241860356,0.08037503127392513,0.2810793505917824,58,1653
2024-07-19,0.1957895247496452,0.17912383770767112,0.15908299653407296,0.07940817082732401,0.2856805001735761,58,1653
2024-07-22,0.19567021383697744,0.17931682707796304,0.15888305181372167,0.08016592436077473,0.2856952263302332,58,1653
2024-07-23,0.1957177657351366,0.1791877165254652,0.15935173240079523,0.08015364131355465,0.2872332108226045,58,1653
2024-07-24,0.1967605071616327,0.1805647812743014,0.16059602648717589,0.07995512395829053,0.2906838619532537,58,1653
2024-07-25,0.1971273486797213,0.18038953712679712,0.1604188761623743,0.08025895404954979,0.2912383373890876,58,1653
2024-07-26,0.19593083624544905,0.17974663862609544,0.1601975530739594,0.08012405175430332,0.2892784415379364,58,1653
2024-07-29,0.19267379526913578,0.1757924738401064,0.15946268735886443,0.07668236459169936,0.2872939398923091,58,1653
2024-07-30,0.19282495492854887,0.17537903590023238,0.15915376344540597,0.07662036563286605,0.28898988747292814,58,1653
2024-07-31,0.19248613540211568,0.17408128943461737,0.15924274910130837,0.07551809528560019,0.2878557715724198,58,1653
2024-08-01,0.1906412126078946,0.1729018779590158,0.15899766038581364,0.07481113294148556,0.2866319322859408,58,1653
2024-08-02,0.19058433370083477,0.1722907475162406,0.15868015548685394,0.07475075912937926,0.2834338572869548,58,1653
2024-08-05,0.18844125889668836,0.16998670313133682,0.15780721522207763,0.0738442930017075,0.2797476379138487,58,1653
2024-08-06,0.18793654974031887,0.16783618920715548,0.15721598696812697,0.07317707138894089,0.27758848016197685,58,1653
2024-08-07,0.18857213895669314,0.16892365925430564,0.157252122934438,0.07326607991201911,0.2792782698671315,58,1653
2024-08-08,0.18851631031265306,0.16883058356465788,0.1570949231355865,0.07337738608653131,0.2785083025698958,58,1653
2024-08-09,0.18924887847866106,0.17090871329746815,0.15718776416324692,0.07488247534072395,0.27854839673106074,58,1653
2024-08-12,0.19005488240597107,0.17095730444503568,0.1568890105211894,0.07552429966696886,0.28088469282870615,58,1653
2024-08-13,0.19030967854522068,0.17120541328160965,0.15684631722581557,0.07480700249116264,0.2805363751348746,58,1653
2024-08-14,0.1897870001678955,0.17068778868339002,0.15686961051370527,0.0738687745849956,0.2808061872955353,58,1653
2024-08-15,0.1878536863208576,0.16927619842060332,0.15546082340510015,0.07535525850516502,0.2804176434107343,58,1653
2024-08-16,0.18882534735015385,0.16936561513986473,0.15573857461050436,0.07592211557652348,0.28224437762971755,58,1653
2024-08-19,0.18889311951242668,0.1686544314293145,0.15565771374068185,0.07507419390188502,0.28050885083864074,58,1653
2024-08-20,0.1901554715574593,0.17067116405333677,0.1573700455058268,0.07463531086012223,0.2820314203630822,58,1653
2024-08-21,0.1904512441620093,0.17027409896814347,0.15776633830727665,0.07443467429848476,0.2843898958990319,58,1653
2024-08-22,0.1905627745741555,0.17050317227329934,0.1577626514867986,0.07523688032868578,0.28415493898407634,58,1653
2024-08-23,0.19151827159921886,0.17249099803190576,0.15830051021650995,0.07589309801741809,0.28719678230963225,58,1653
2024-08-26,0.1914641519021242,0.17290616993127036,0.1586478061039956,0.07601786599707329,0.28797050842169364,58,1653
2024-08-27,0.18996358652154624,0.17082766640273606,0.15855287288527656,0.07532171873449084,0.28472749067400843,58,1653
2024-08-28,0.18840903981161494,0.1693454529044865,0.15930506108105288,0.07316130825978873,0.2848108014223731,58,1653
2024-08-29,0.18781793536649088,0.16866505653032698,0.15932835245911542,0.07214554258715843,0.2822676674946008,58,1653
2024-08-30,0.18766414051437835,0.1684937864245757,0.159369242643309,0.07183364324195045,0.2812817277981661,58,1653
2024-09-02,0.1872878025296799,0.16864592330704445,0.1591743663515927,0.07237391572833107,0.2820024682045417,58,1653
2024-09-03,0.18635810978701142,0.16890590404832367,0.15891701267860148,0.07041695379050555,0.280882456170985,58,1653
2024-09-04,0.18595631813153626,0.1679978368567158,0.1589472067430747,0.07094774636817995,0.2790748238266431,58,1653
2024-09-05,0.186312602902922,0.168827364853855,0.1587075318831159,0.07119161606916805,0.2811738122008992,58,1653
2024-09-06,0.18459402926740853,0.16723216113870956,0.15826691689407535,0.0701058207542708,0.2770707336808204,58,1653
2024-09-09,0.1855506163974809,0.16895860802725005,0.15848406664891324,0.07183820993372428,0.27818509014135984,58,1653
2024-09-10,0.18545926682953895,0.1680972724706717,0.15794673608923573,0.07132185037201459,0.27750229842572577,58,1653
2024-09-11,0.18439114461322312,0.167491676071197,0.15726992692617703,0.07224289270602953,0.2756147981628478,58,1653
2024-09-12,0.1840372367637566,0.16743348200724248,0.15730292521547978,0.07084055785166647,0.2759918323245627,58,1653
2024-09-13,0.18346728480525218,0.167645279998121,0.15705624529137044,0.0701306907549148,0.27519418197035195,58,1653
2024-09-16,0.18399516000842142,0.16892122852336755,0.1571661265899049,0.07136372274980089,0.2764585054345602,58,1653
2024-09-17,0.18404927981399843,0.1681894824213247,0.1572421157654903,0.07173153452883961,0.27652021363532503,58,1653
2024-09-18,0.1846602674152722,0.16853210274578698,0.15718710613187678,0.07231663491024745,0.27888889236335523,58,1653
2024-09-19,0.1849659625361848,0.1680704454654664,0.15743204082418746,0.07384113663963439,0.27813714203277284,58,1653
2024-09-20,0.18559682083608248,0.16971618080733022,0.15728582840673763,0.07506277722824786,0.2794204585735364,58,1653
2024-09-23,0.1883358776073336,0.1719459239016017,0.15821048639808324,0.07515443253067979,0.2809174548083574,58,1653
2024-09-24,0.1881306356058662,0.1707935879222719,0.15844117763618032,0.07501199823307603,0.281349489026116,58,1653
2024-09-25,0.1859266612688192,0.16886228520545343,0.15853469328779182,0.07570092096153681,0.2780487488585501,58,1653
2024-09-26,0.18545260876982728,0.16846407444738842,0.15864790517647318,0.07546105302415856,0.2786357317427536,58,1653
2024-09-27,0.18646069057235434,0.1674851379302845,0.15997222298034525,0.0739492664805245,0.27915512074902876,58,1653
2024-09-30,0.1851877640637816,0.16516787994976295,0.16025713388218027,0.07283460043817726,0.2769312744866248,58,1653
2024-10-01,0.1857226307612188,0.16690061845438023,0.15982857691720143,0.07417154455872134,0.2782409728108102,58,1653
2024-10-02,0.18494877746884172,0.16582506650805925,0.1595914481875119,0.07223286972773214,0.27724809977569786,58,1653
2024-10-03,0.1855176977009777,0.16624011468463618,0.15990201412524496,0.07365862258115227,0.2772747818565326,58,1653
2024-10-04,0.18634618775224152,0.1687014523076616,0.16048563104517352,0.07373007259067443,0.279372356687449,58,1653
2024-10-07,0.18384736705092236,0.16617402643468843,0.16037865170970791,0.0712138438755639,0.2748618246080556,58,1653
2024-10-08,0.18432674450143005,0.16826241127053937,0.16034593479044862,0.07299188793696683,0.275610674078735,58,1653
2024-10-09,0.18407735588663235,0.1672036611189073,0.16015796003405372,0.07268893753217764,0.27437981037529985,58,1653
2024-10-10,0.184869723549821,0.16840376230145146,0.16069672915152122,0.07146662223375318,0.2771505537121309,58,1653
2024-10-11,0.18508476907030227,0.1681660823502325,0.1608043807380993,0.07435937835495157,0.27870909148093626,58,1653
2024-10-14,0.18456636525056158,0.16785225376087698,0.16034954744226687,0.07254516510466612,0.27803082130893925,58,1653
2024-10-15,0.18488272407354334,0.16921139707094582,0.1606417574888771,0.07323899246339649,0.2788448176083801,58,1653
2024-10-16,0.18395769796781353,0.16708887384027477,0.15908458934244862,0.07501132144558652,0.2777186281160754,58,1653
2024-10-17,0.18384772824449372,0.16632292542487773,0.1590648269520339,0.07397068082139985,0.2764597002972431,58,1653
2024-10-18,0.1834463493236646,0.16552566567165317,0.15848329996757113,0.07301371655781676,0.27428461446495744,58,1653
2024-10-21,0.18022229290090283,0.1623387344632877,0.1578221493784853,0.07324517807282101,0.26999200676152224,58,1653
2024-10-22,0.1806535693493112,0.16436220514745045,0.15811780916015813,0.07342807504533695,0.27083272098132766,58,1653
2024-10-23,0.18038239325236596,0.1648122871433334,0.15812956376487486,0.07309072171306921,0.2698427087115821,58,1653
2024-10-24,0.18123206394891006,0.1645751391050763,0.15742268161948036,0.07263573608663847,0.27064043447027747,58,1653
2024-10-25,0.1820058258582418,0.16436923636225695,0.15725097631335969,0.0736787075033138,0.2714753046867548,58,1653
2024-10-28,0.1809432037781463,0.16281009796889423,0.15712972948150172,0.07146319509565147,0.2704606082180849,58,1653
2024-10-29,0.17983966850550115,0.1604778250252673,0.15562785270713464,0.06981456547955693,0.2673331196956885,58,1653
2024-10-30,0.1799452693665424,0.16412734936156503,0.1543893723328493,0.07246371418222954,0.26745541984968885,58,1653
2024-10-31,0.17989728696102877,0.16376846900684752,0.15459622589023955,0.07211557105039437,0.2669263163605394,58,1653
2024-11-01,0.1803834086575576,0.16507388847661914,0.15447586243748115,0.0740283741327319,0.2664980559491717,58,1653
2024-11-04,0.18116296438089957,0.16543942643042386,0.15522755454855997,0.07211935232185879,0.27028593501340714,58,1653
2024-11-05,0.1742383223634377,0.1569894610278006,0.15589705232707413,0.0646668715884854,0.2625876181208524,58,1653
2024-11-06,0.17435206368787692,0.15726304433814597,0.15561668278636,0.064720687488159,0.26481299180405204,58,1653
2024-11-07,0.17221238369036806,0.15586162751559185,0.15377450880762528,0.06459306424065722,0.2614165254177274,58,1653
2024-11-08,0.17224484441202398,0.15559097472907038,0.15382493106692274,0.06608961610213064,0.2608775390652151,58,1653
2024-11-11,0.17395810066034212,0.15698641195494464,0.15527034279769725,0.06741293240111983,0.26460530894229817,58,1653
2024-11-12,0.17325008001421963,0.1574730318283102,0.1555198519507072,0.0656132321655462,0.264729302758369,58,1653
2024-11-13,0.17362616107455348,0.15767492617796464,0.15544397738042293,0.06484460934416734,0.2643648859516846,58,1653
2024-11-14,0.16847652897174728,0.1518191978545271,0.15325802952876008,0.06229440505698207,0.2559564445156009,58,1653
2024-11-18,0.16579557810860415,0.14793698878611525,0.1518158697225632,0.06212842201170394,0.2513927829904884,58,1653
2024-11-19,0.16476716569205518,0.1476723113817113,0.1511723127597149,0.059834922713530435,0.24726471652151444,58,1653
2024-11-21,0.16575356339736788,0.14906279531032984,0.15191786059872284,0.05939119952737681,0.24893644837105397,58,1653
2024-11-22,0.16609462580715365,0.14870255403298607,0.15322770266350103,0.058798443634266236,0.251545273475364,58,1653
2024-11-25,0.16802316422527783,0.15216171111060595,0.1545099988594497,0.0583548845955353,0.2548657482428487,58,1653
2024-11-26,0.168110541533397,0.15212501377005097,0.15433844540182357,0.0589048607025964,0.25293287902010114,58,1653
2024-11-27,0.1685480436553527,0.15124870835716164,0.15437516074968174,0.059509489025015294,0.2500136420301531,58,1653
2024-11-28,0.16980931377973488,0.149964904368233,0.1554757134198223,0.05977791339200458,0.24943355183083527,58,1653
2024-11-29,0.17522039805271422,0.15511445796812362,0.1564761865758812,0.06557278121550794,0.25062760892146657,58,1653
2024-12-02,0.17581046676319598,0.1559878433902671,0.1564599793855849,0.06565975821898315,0.25246128943793533,58,1653
2024-12-03,0.17621306620975244,0.15697987201060526,0.15689662445246055,0.06574108398944002,0.2560832998433664,58,1653
2024-12-04,0.1767401444070767,0.1582617649583059,0.15693886981491165,0.06535670795646029,0.2578337479876941,58,1653
2024-12-05,0.17633855112762653,0.15819263563695488,0.15692703566645935,0.064354041828574,0.2558745644568033,58,1653
2024-12-06,0.17722501995251863,0.1610502800788549,0.1567832964045857,0.0656974260090736,0.2553322678060073,58,1653
2024-12-09,0.18032065210092257,0.16349623029372476,0.1566883404581126,0.06939343936550271,0.25874059570770425,58,1653
2024-12-10,0.1798941813350485,0.162418438390747,0.15698830992649132,0.06838022850833428,0.2564955841384186,58,1653
2024-12-11,0.1808363635556636,0.162388802146247,0.15720727414205746,0.07097244651461951,0.25788972342806565,58,1653
2024-12-12,0.18146875539500607,0.16339835372279443,0.15746732061278182,0.07118087017650816,0.25876764065108643,58,1653
2024-12-13,0.18727596832425475,0.16926690816144757,0.15843814324876945,0.07703569062843474,0.26677533073301024,58,1653
2024-12-16,0.18522809129133322,0.16916485847315163,0.15739525950990757,0.077014803887268,0.26430402280989973,58,1653
2024-12-17,0.18549196429642417,0.1684366732399472,0.15749432862313772,0.07663140774168915,0.26304954954161963,58,1653
2024-12-18,0.18637164030373543,0.16864954469374135,0.15775450619173742,0.0763198499118284,0.2646559548322708,58,1653
2024-12-19,0.1950882318630653,0.1739307487867594,0.15711678605448992,0.08514312768238841,0.2754101616100444,58,1653
2024-12-20,0.19507054353687128,0.1748927965791851,0.15759325082042153,0.08642642195774355,0.27494211051400436,58,1653
2024-12-23,0.19538783552217928,0.17521629113116055,0.15746817453158823,0.08663340892807717,0.27450329087922876,58,1653
2024-12-26,0.19571522429256133,0.1765802950551529,0.15830130298920048,0.0855064485749051,0.2751422919639021,58,1653
2024-12-27,0.19589848872123486,0.17601078975843223,0.15802506176910955,0.08527246927583139,0.2756786246450761,58,1653
2024-12-30,0.19566774550091198,0.17669349427254843,0.1580289199964442,0.08422869420490937,0.27493785307244933,58,1653
2025-01-02,0.1953552826532268,0.17657734122601934,0.15800152398038755,0.08465964976146996,0.2746460346030543,58,1653
2025-01-03,0.19548356715337076,0.17641793313950155,0.15795594174007033,0.08418769708698304,0.27317086247050815,58,1653
2025-01-06,0.19560767647428937,0.1763582426463418,0.156609180941123,0.08532073252621132,0.2720367591860185,58,1653
2025-01-07,0.1971424383054976,0.17871098598668836,0.15710091857650021,0.08493386859916509,0.27520055242012453,58,1653
2025-01-08,0.19552527306595346,0.17718337646993446,0.15699475168703922,0.0845621004422688,0.2727280368796435,58,1653
2025-01-09,0.1966070635781414,0.17767582958234143,0.15750511841172654,0.08638336974160936,0.2761296137104139,58,1653
2025-01-10,0.19636393428312005,0.1783533722994462,0.1572612854379586,0.08558909657795623,0.27492611636000663,58,1653
2025-01-13,0.19699569739326359,0.17954205436003068,0.15718237205132393,0.08842225707765566,0.2765390388780227,58,1653
2025-01-14,0.19685369405358935,0.18062894727229717,0.15720578373868843,0.08708750427304178,0.27642292366621696,58,1653
2025-01-15,0.19650399285750755,0.1800953464678816,0.15716157764969999,0.08753746751111731,0.27621189473250407,58,1653
2025-01-16,0.2028606853440508,0.18690854535174745,0.15972234565544954,0.09039236917569611,0.2875242398116424,58,1653
2025-01-17,0.20330142181614963,0.1870847003883166,0.1601879015919723,0.09052961450629168,0.28931721303628616,58,1653
2025-01-20,0.20188112214472215,0.18389906253845276,0.15994479395653202,0.08906885988232777,0.286469851250156,58,1653
2025-01-21,0.20172225924045806,0.18416279629991303,0.16004165777827142,0.08811102636938815,0.28721552852030907,58,1653
2025-01-22,0.2022232512402762,0.18674999432115572,0.15982575994395218,0.08852272677218177,0.28884127003148596,58,1653
2025-01-23,0.2014517646580725,0.18530641279521298,0.15974721929992883,0.08787500361677401,0.28741258693636523,58,1653
2025-01-24,0.20103366124734923,0.18578846456734532,0.1592585440965516,0.08850189876977144,0.2870931165167045,58,1653
2025-01-27,0.2002450930679251,0.18490702968788147,0.15898701055898115,0.08725214688347836,0.2857453417777638,58,1653
2025-01-28,0.20403637559999807,0.18963351878641707,0.15977746203738344,0.09112517303507248,0.28949783783080724,58,1653
2025-01-29,0.20411465439388427,0.18860496022800002,0.1599909191654809,0.09009992080720629,0.28941052410552076,58,1653
2025-01-30,0.20440249335793872,0.18887956953476803,0.1599649128229767,0.09019639280049394,0.28972883998977816,58,1653
2025-01-31,0.21085644254717797,0.1963782730385476,0.15888946610749266,0.09909233454106399,0.2951585767282222,58,1653
2025-02-03,0.20993521587689595,0.1961407383928991,0.15965142600425128,0.09695292495662435,0.29535412155449225,58,1653
2025-02-04,0.2093213526837443,0.19583598089810583,0.15959875726065859,0.09622724868780255,0.29539478072401926,58,1653
2025-02-05,0.2096094563922001,0.196710035573871,0.15927834717454664,0.09506918902489775,0.2935967726634141,58,1653
2025-02-06,0.2090445276914064,0.19732366468165982,0.15952675817818163,0.0934844268661213,0.2937398684471557,58,1653
2025-02-07,0.20946136697580592,0.19720067688652798,0.1598789347190822,0.09355547885169221,0.29363927715908716,58,1653
2025-02-10,0.20936941181475263,0.19534238164793744,0.15967221215992805,0.09340142430849488,0.2945205862652066,58,1653
2025-02-11,0.2136363887672347,0.2007159782137863,0.16192952815745745,0.0931724432557648,0.3022685492636385,58,1653
2025-02-12,0.2112940346312695,0.19652862873831747,0.16275193420554498,0.08922737799893585,0.3012135631700721,58,1653
2025-02-13,0.21535687074491075,0.19988030918519067,0.16271703269110438,0.09423010884311639,0.3062581294848975,58,1653
2025-02-14,0.21570672218805667,0.2009180715876713,0.16271537054098975,0.09357447884566697,0.3067888401744406,58,1653
2025-02-17,0.2199642556517853,0.20350003982046136,0.16330517730832247,0.09711352295660622,0.3100972610491599,58,1653
2025-02-18,0.2193722809398526,0.204530338832586,0.16338648040453688,0.0985091635578431,0.3097603867715787,58,1653
2025-02-19,0.2192154444624154,0.20397475440494384,0.1635703276355878,0.09839117670682586,0.30886033281990055,58,1653
2025-02-20,0.21991658478422121,0.20431370358875597,0.16293398872899992,0.09978193961222674,0.3104851428120133,58,1653
2025-02-21,0.21983515598295547,0.20446109815447752,0.16272280478856843,0.099874116340116,0.3105286390605506,58,1653
2025-02-24,0.21957561602990106,0.20475743391962248,0.1618599644314012,0.10075322514347133,0.30857220356425896,58,1653
2025-02-25,0.2202775532622004,0.20506340814472176,0.16224937276428708,0.10086726705018872,0.3106500904812497,58,1653
2025-02-26,0.22023755597102435,0.204420643974252,0.16216117556243195,0.10106468067622068,0.3101211952663393,58,1653
2025-02-27,0.21798962992059548,0.20309777774016627,0.16170961471338796,0.10038062859573145,0.30631606562081254,58,1653
2025-02-28,0.217866067086993,0.2028781073114897,0.16133246094921871,0.10129021948049842,0.30798515095744966,58,1653
2025-03-05,0.21739344215907702,0.20204051837705989,0.16128782538857095,0.09908639610388963,0.30665658884470676,58,1653
2025-03-06,0.21694864275921655,0.20197045045405898,0.16152040305603377,0.09827154912404353,0.305947863514788,58,1653
2025-03-07,0.21540302765572256,0.19838536721603917,0.16149610797833672,0.09800140172292958,0.30452483158277893,58,1653
2025-03-10,0.2164870916068303,0.19917384974105654,0.16215772926175487,0.09787759838297687,0.30543078321013245,58,1653
2025-03-11,0.21712644694113917,0.20108748919003347,0.16211186887791762,0.097612199720216,0.3071048177105243,58,1653
2025-03-12,0.21783391944255442,0.20054752803616113,0.16236398025901325,0.09787124714992305,0.30954878239848777,58,1653
2025-03-13,0.21871082460649305,0.20175921114905043,0.16157761181652971,0.10228241510696715,0.30992213953396536,58,1653
2025-03-14,0.21886077126262804,0.20192239439164159,0.16174455907880878,0.10127366418204599,0.31126984452671314,58,1653
2025-03-17,0.2213193273291036,0.2068474433216666,0.16200364046178994,0.10490146527248702,0.31335009927915636,58,1653
2025-03-18,0.22255660224220963,0.2079993239523393,0.1621612159748377,0.10620379796990186,0.31479007541709475,58,1653
2025-03-19,0.22284590782004088,0.20750561322686895,0.1620295527913889,0.10542301815250367,0.31586990017636374,58,1653
2025-03-20,0.22397867508974734,0.2105447141962801,0.16291081310794278,0.10573588351145527,0.3188001429634997,58,1653
2025-03-21,0.22525073130884218,0.21062549364138347,0.16318091207125304,0.10691771590156085,0.32046104502860334,58,1653
2025-03-24,0.22427142455093704,0.2099992616524704,0.1630768236730661,0.10574372620281587,0.3189566306021186,58,1653
2025-03-25,0.22243782134684587,0.20761225941570424,0.16289823137764498,0.10331727354825565,0.31698821920572967,58,1653
2025-03-26,0.22263223397774634,0.2081272581410193,0.1630812240619927,0.10463688894717184,0.3175552921429972,58,1653
2025-03-27,0.22245019440145816,0.2086514134114695,0.16260216934798621,0.1050210188022126,0.3155545641749304,58,1653
2025-03-28,0.22243969095042418,0.20672572218691712,0.1624918026761581,0.10423666865974596,0.3152202764230633,58,1653
2025-03-31,0.22304024473788522,0.20718403442128425,0.16280270875098823,0.1051896905969952,0.31796480733726157,58,1653
2025-04-01,0.22435364377109837,0.208656051342224,0.1627337914067564,0.10629666680336541,0.3186830316252106,58,1653
2025-04-02,0.22449405522051324,0.20885650360678448,0.16286928338455472,0.1062581945632018,0.3189506730321454,58,1653
2025-04-03,0.22504928455916423,0.209427878971457,0.16217089340423346,0.10658408766206164,0.3186364134997875,58,1653
2025-04-04,0.22399066496022407,0.20952947983484374,0.16278596971786613,0.10696258432006434,0.31647421393903064,58,1653
2025-04-07,0.2290446298549875,0.21300760782778247,0.16313426320908989,0.11238887796216346,0.3218278568760763,58,1653
2025-04-08,0.23119181683939313,0.21449651490493696,0.1626990008490302,0.116048046779278,0.3230963415261238,58,1653
2025-04-09,0.23095688195033415,0.21598485219356994,0.16286793245718995,0.11472599889225465,0.32259462521171134,58,1653
2025-04-10,0.23455865373962223,0.21887617599719503,0.16504727247318543,0.11413220432527336,0.3299973060892355,58,1653
2025-04-11,0.234283604022028,0.21906589172223134,0.16478679280782418,0.11599772675677471,0.3295031324109176,58,1653
2025-04-14,0.23427070216544227,0.21933587255324072,0.16394213519673073,0.11840273920353328,0.32921180429833957,58,1653
2025-04-15,0.23591131046992037,0.22042558146411456,0.1649701682681427,0.1189889866064165,0.3322004849300038,58,1653
2025-04-16,0.23334330622328553,0.21704679168410637,0.1652508506725086,0.1174234166435343,0.32793476559066875,58,1653
2025-04-17,0.23428423124150266,0.21845151416032255,0.1651924274370767,0.11788465852564406,0.33043516356252356,58,1653
2025-04-22,0.2338351794689672,0.21716674757576768,0.16537339059434703,0.11664640395170099,0.3290844219297569,58,1653
2025-04-23,0.23417824292839678,0.21822841767804602,0.16543252320886082,0.11839348629827359,0.32957116165623773,58,1653
2025-04-24,0.23495438243236094,0.2190881001492772,0.1654723352186807,0.11885323680557125,0.3313265943934693,58,1653
2025-04-25,0.23679222647828935,0.2194086172571346,0.1649332071914426,0.11895458543963905,0.33271101756596666,58,1653
2025-04-28,0.2368615259408344,0.22156242541556168,0.16475565415129836,0.11890288707156604,0.33159112870068225,58,1653
2025-04-29,0.23769071918456874,0.22371913494823942,0.16483161281558822,0.11975900569758896,0.3328610994751122,58,1653
2025-04-30,0.23749523601936487,0.22334286347135446,0.16472956975968572,0.11884623674232134,0.3346224618476306,58,1653
2025-05-02,0.23679157095116224,0.22124300478400286,0.1646300632958918,0.11840387523064748,0.3334244594877539,58,1653
2025-05-05,0.23548829416889736,0.2206408378487265,0.16439299182803566,0.11731805257603811,0.3314660051063021,58,1653
2025-05-06,0.23639180917185953,0.221510157846795,0.16413198356802325,0.11864779821714751,0.3339545590099226,58,1653
2025-05-07,0.23574333989475374,0.2201014598001781,0.16364980335775195,0.1186119148317426,0.33090259814726825,58,1653
2025-05-08,0.23311085492316597,0.21738452486726986,0.16442743513117178,0.11682843962797436,0.328452522606017,58,1653
2025-05-09,0.2329988298765448,0.21435443690877265,0.16265115114324746,0.11872836616890546,0.3273836292299762,58,1653
2025-05-12,0.2310841726819912,0.21319645189344477,0.1614159896557106,0.11907462402823106,0.32128927631847437,58,1653
2025-05-13,0.22984364167900603,0.2117668240847903,0.16180948598053954,0.11759116769139222,0.31931602088264194,58,1653
2025-05-14,0.23051161025036151,0.21186915772597,0.16162675484528402,0.11891755900858847,0.3206154057465364,58,1653
2025-05-15,0.23024658319624286,0.21268585002425008,0.1614561442933273,0.11838229450020182,0.3191122814497225,58,1653
2025-05-16,0.22936519575251346,0.21300088033204007,0.1615482146268235,0.11604432216329089,0.3205135157141695,58,1653
2025-05-19,0.22712143210571842,0.21023070069731364,0.16052985854571514,0.115567884486752,0.3167283786970865,58,1653
2025-05-20,0.2274232080141472,0.20889416762607624,0.15991407292406745,0.11570144168770384,0.31582749320273734,58,1653
2025-05-21,0.2287336719578515,0.20926661688249143,0.1597972737876009,0.11820221920809673,0.31673813229608905,58,1653
2025-05-22,0.23100009083160683,0.21219198861657645,0.1602653112981376,0.11963484578253036,0.32153127186844144,58,1653
2025-05-23,0.23091619423182647,0.2126356883584456,0.16013156786245897,0.11801098236371803,0.32033224014108064,58,1653
2025-05-26,0.23146439030505492,0.2139336430017142,0.1608078197081366,0.11891457669509252,0.32125036365832194,58,1653
2025-05-27,0.2320487482963071,0.21380847831871672,0.16105979366387752,0.1204793691807115,0.32193544590529716,58,1653
2025-05-28,0.2311397011273979,0.21528434771440014,0.16153704176251038,0.11798983897320969,0.3224154768238395,58,1653
2025-05-29,0.23152596344034393,0.21463211100464163,0.16123604093516625,0.11807883557611408,0.32210564778095235,58,1653
2025-05-30,0.23129197800348422,0.2150367583072825,0.16120472556878299,0.11912863400890505,0.3201391932203673,58,1653
2025-06-02,0.23170692655366126,0.2149287526432769,0.1610343793715681,0.1192704552021776,0.3186899042391404,58,1653
2025-06-03,0.2310746598044287,0.21431218221592782,0.16079179986385309,0.12143456136550128,0.31915544328300055,58,1653
2025-06-04,0.23070461865148786,0.21297553375505804,0.16125176155457446,0.11922263795314941,0.31915350665219555,58,1653
2025-06-05,0.230215886127465,0.212822874506292,0.1614613551830915,0.11896863247268355,0.3192333225136029,58,1653
2025-06-06,0.23121505260279188,0.21513926625134092,0.16079218584525828,0.11982030410983134,0.3201022492211917,58,1653
2025-06-09,0.23110134299284688,0.2155678965429209,0.16093142664107174,0.1199027663000064,0.3198452244323026,58,1653
2025-06-10,0.23072844465415548,0.21527317440152183,0.16098167181381778,0.11816618460701545,0.31933511722697633,58,1653
2025-06-11,0.23064041204787533,0.2158676514409149,0.16057429767543752,0.11766819781912441,0.3197047843318886,58,1653
2025-06-12,0.22916845854506185,0.21190578826200485,0.15926476006560403,0.11819103838372945,0.3163023334752754,58,1653
2025-06-13,0.22917121057401937,0.21245246885522975,0.1594646615772899,0.11923914308443846,0.31515387967770464,58,1653
2025-06-16,0.22883257554040254,0.21054677012917866,0.1593298071763535,0.11919980354556176,0.3150211400942823,58,1653
2025-06-17,0.22841529904566837,0.21044752151152035,0.16039255021091736,0.11856242672432041,0.3147142115092536,58,1653
2025-06-18,0.22843628372781385,0.20981734633807955,0.16053658402268997,0.1183067669088489,0.31544116716227955,58,1653
2025-06-20,0.22758369210494142,0.20909303273338112,0.16108148937674951,0.11753473290777022,0.3154742577241822,58,1653
2025-06-23,0.22779781342175512,0.2088224726366723,0.16110006292145593,0.11700660438147138,0.31526924615952184,58,1653
2025-06-24,0.22859047824282855,0.2104736079217436,0.16071829780231806,0.11683837785764016,0.31475173295431547,58,1653
2025-06-25,0.22847880002238458,0.20994478709195735,0.1607343926425242,0.116904679721624,0.3141156281435113,58,1653
2025-06-26,0.23001813677153013,0.21131196939667313,0.16150874181900982,0.11771559137724595,0.3187495490714334,58,1653
2025-06-27,0.23060656004569913,0.21416055521696162,0.1618135300019444,0.11773498596352903,0.32023004098956237,58,1653
2025-06-30,0.23079312876250188,0.2136114184691952,0.1607708996659915,0.119769789092134,0.3185046904505068,58,1653
2025-07-01,0.23108098373223512,0.21385322999464157,0.16132890690926616,0.1186372084006641,0.32084528378676463,58,1653
2025-07-02,0.23137688673898202,0.21313829959084227,0.16139792094721409,0.1189669678296532,0.3214342972673719,58,1653
2025-07-03,0.22975832428075008,0.20672300450958195,0.1615066713779485,0.11574136633846094,0.31787526233433355,58,1653
2025-07-04,0.23150877836037534,0.21008153516035966,0.16167904921125634,0.11759513161435156,0.32033573634824763,58,1653
2025-07-07,0.23268415666743952,0.21043405847941676,0.16174657830869663,0.11705073784345167,0.32071395110356504,58,1653
2025-07-08,0.23328035745569697,0.2127780106220448,0.1618422262387243,0.11864779615544598,0.3219673603319149,58,1653
2025-07-09,0.23276622349752402,0.21223741951115466,0.1622094109650453,0.11794060640190925,0.32153847540402447,58,1653
2025-07-10,0.23261092032021685,0.21280945746118274,0.1619600768902412,0.11850556418997532,0.3204275589095692,58,1653
2025-07-11,0.23237003174074192,0.21075802051562179,0.16203090487571215,0.11847727451060285,0.3184286934525199,58,1653
2025-07-14,0.23263989066459542,0.21124115842284094,0.16241678015562389,0.11819889312705983,0.31997370888716414,58,1653
2025-07-15,0.23208090055296263,0.21057180366495207,0.16254300410404962,0.11787294945521347,0.3190208885592554,58,1653
2025-07-16,0.23216743436902224,0.21052031035589913,0.1624953943519716,0.1179020663481033,0.31931478721226586,58,1653
2025-07-17,0.23135749125038177,0.20871241259050322,0.1628624698177886,0.11744840588997552,0.3184369484205426,58,1653
2025-07-18,0.23256498283563656,0.21072596960141665,0.16308518152262388,0.11786686642530876,0.3207960231079593,58,1653
2025-07-21,0.23465518957929835,0.21387062163579243,0.16350330002597802,0.1198071773645106,0.32528876661195083,58,1653
2025-07-22,0.23341255195179883,0.21361818213293435,0.16511878979605812,0.11963977459174155,0.3223698759928352,58,1653
2025-07-23,0.23253984679365625,0.21272550814496988,0.16619603923476492,0.11883327872942996,0.3230853472593623,58,1653
2025-07-24,0.23147889785550257,0.20991898088831126,0.16456174313688565,0.11721327059079113,0.31858890235589216,58,1653
2025-07-25,0.23296532583512763,0.21184770889877932,0.16500647394274223,0.11869743217047035,0.3224330676441176,58,1653
2025-07-28,0.23262554743652494,0.21169199904664435,0.16530987291650925,0.11942051469684861,0.32204950356631207,58,1653
2025-07-29,0.23269135539641683,0.2126287391246421,0.1654864583280085,0.1195954587102832,0.32108106787636786,58,1653
2025-07-30,0.23280422072517123,0.2122271537163842,0.16582252078761003,0.11898627463642156,0.3233387991629504,58,1653
2025-07-31,0.23441163255792585,0.21242744513608472,0.16496332376989045,0.120756771719833,0.32554110963830385,58,1653
2025-08-01,0.2371782245096949,0.21464539280290057,0.16702026021801078,0.12184968222174569,0.3312686410568502,58,1653
2025-08-04,0.23756801966613034,0.2167378510019572,0.1671135921028228,0.12207974073144268,0.33060805591939035,58,1653
2025-08-05,0.2374070152318458,0.21761837581182,0.16942941814498605,0.12224311768497596,0.33217678097469167,58,1653
2025-08-06,0.23991496412641433,0.21692587733622112,0.17065777820035524,0.12112086115373856,0.33464760807221683,58,1653
2025-08-07,0.24105157146953926,0.2169210853271592,0.17207376810904831,0.12261935630256297,0.33509782622536305,58,1653
2025-08-08,0.23865713886188925,0.2142354280053622,0.17278547446933612,0.12268476293643124,0.3344662456393138,58,1653
2025-08-11,0.235132106600925,0.21418738320978004,0.17812072045962804,0.1198895561453107,0.3353018758148897,58,1653
2025-08-12,0.23561081058812708,0.21347536061135935,0.17686929389156594,0.12089979673304482,0.33570203965550605,58,1653
2025-08-13,0.23668534277673503,0.21665182506989464,0.1802061440896746,0.12140172266669293,0.3383775755384004,58,1653
2025-08-14,0.23325743898349952,0.21627451091795527,0.18587243987783145,0.11937093515331378,0.3385195844529259,58,1653
2025-08-15,0.23041294039809604,0.21398800586798267,0.19603152359327503,0.11652654174386573,0.33533309217936486,58,1653
2025-08-18,0.22872744444787865,0.21371312561149816,0.2125025877910437,0.11759263642448602,0.3369466147942134,58,1653
2025-08-19,0.2300994655064907,0.21953652265421747,0.25383113437840327,0.11866503944883353,0.3415879883560955,58,1653
2025-08-20,0.2464910230254246,0.22257477785467433,0.16485937534853148,0.12850280749300128,0.3437654013016295,58,1596
2025-08-21,0.24703660247489037,0.22272604421194425,0.1649817799829284,0.1296183733892434,0.3427473736701168,57,1596
2025-08-22,0.24716991757470544,0.22253173600319276,0.1652932979039818,0.12955200086906185,0.34358066373486534,57,1596
2025-08-25,0.2488263871579838,0.22455810588578917,0.16497309623468479,0.1304164687247262,0.3446789587014737,57,1596
2025-08-26,0.24889700879998108,0.22477533897719032,0.1651304349174048,0.13020071657305254,0.3448411949532969,57,1596
2025-08-27,0.24917349136283212,0.22520467210992998,0.16496505118287036,0.1299859123064838,0.3440957270419154,57,1596
2025-08-28,0.24918341553340254,0.22523341035744102,0.1648718230874952,0.1303572959303706,0.34487372482270534,57,1596
2025-08-29,0.2500283131529151,0.22646851304593277,0.16443057609566517,0.1323379973167956,0.3431755411141211,57,1596
2025-09-01,0.2509822712721072,0.2281110109575139,0.16392233428725042,0.13378651198897512,0.3443766809085855,57,1596
2025-09-02,0.25101820888356247,0.22881347384614453,0.16405151613412122,0.13252367305446824,0.34366591655689627,57,1596
2025-09-03,0.2511666471795512,0.2283382928501462,0.16429215591781518,0.13229455882881613,0.3435698201874005,57,1596
2025-09-04,0.25121881840917926,0.22692051669248986,0.1641832476165471,0.13135422783290002,0.3438965318292705,57,1596
2025-09-05,0.2521969265470084,0.22939628111507065,0.16457501719370404,0.1310902471840296,0.34552590712359355,57,1596
2025-09-08,0.25279690065606464,0.2297217156058594,0.1652152408104233,0.13148209496436233,0.34870811124883494,57,1596
2025-09-09,0.25339922326708575,0.22987487237308368,0.16542009836568883,0.131714069983828,0.35225838504504836,57,1596
2025-09-10,0.25060553170811084,0.22709949605233706,0.16565322577582203,0.12853282733222884,0.3500535408745423,57,1596
2025-09-11,0.2504866098491332,0.2274307718374575,0.16573481643046065,0.12806674113610253,0.3493339638791877,57,1596
2025-09-12,0.2500004478393699,0.22559699339441924,0.1653455780595406,0.12756846149532228,0.3488022300813848,57,1596
2025-09-15,0.2502633927107336,0.22628514154620913,0.16531070305925366,0.12783445488717232,0.3489375386602156,57,1596
2025-09-16,0.2503811228404649,0.22601443117212455,0.16552610594511974,0.12925894636777063,0.34786835425628204,57,1596
2025-09-17,0.2505750189354122,0.22720353610637062,0.16568245111400642,0.13028522740654297,0.34832881168501306,57,1596
2025-09-18,0.25073825993001136,0.22756186278012452,0.16597938990065725,0.12954157562439705,0.3481544339616662,57,1596
2025-09-19,0.2498547106357301,0.22585155400491735,0.16588754677803974,0.12822940327766075,0.34761097867188656,57,1596
2025-09-22,0.24950206615694234,0.22593021031093177,0.16571508081377134,0.1271041629582908,0.34625134429595295,57,1596
2025-09-23,0.24961961598957996,0.22600905228424972,0.16566529329249816,0.12711236666021583,0.3458597924509281,57,1596
2025-09-24,0.2503701457681753,0.22744324594628001,0.16565161649511964,0.12899697121173648,0.3464349699270174,57,1596
2025-09-25,0.24991155151112934,0.22561185010374551,0.16558744114910232,0.12753451926597284,0.3445738987404117,57,1596
2025-09-26,0.24836090078245357,0.22414413989008009,0.1655407821598138,0.12666348368249958,0.34270712352874394,57,1596
2025-09-29,0.2475614620333084,0.2239278686258342,0.16581333960607333,0.12503832447505367,0.3416393819857887,57,1596
2025-09-30,0.24804926622141457,0.22499472314651875,0.16495799041846218,0.126512764802348,0.34070519729617743,57,1596
2025-10-01,0.24849924483451818,0.2239354296180621,0.16509364998942558,0.12723989536574049,0.3421280737947128,57,1596
2025-10-02,0.24758755144091069,0.22374086404449242,0.16463115655651797,0.12669054627245285,0.340423988856997,57,1596
2025-10-03,0.24745418299963098,0.22391929223632745,0.16490805731863287,0.12569955451355105,0.3405008656712545,57,1596
2025-10-06,0.2474611576970507,0.2238885725738759,0.16522911321676328,0.1251374676429729,0.3415820978061588,57,1596
2025-10-07,0.24732483096503496,0.22312270798624273,0.16533917966798653,0.12602498823417763,0.34042827126480646,57,1596
2025-10-08,0.24759975351662078,0.2233480189372089,0.16597931331516258,0.12611717322636745,0.34025996610682224,57,1596
2025-10-09,0.2453510464622023,0.22086107666120935,0.16538627989497595,0.12368945221413881,0.3364718270682896,57,1596
2025-10-10,0.24547877390965672,0.22163547694190047,0.16541211593493413,0.1239896332360578,0.3360327437617444,57,1596
2025-10-13,0.24609072136933247,0.22220186242240708,0.16520773872085134,0.12583765018612675,0.33639163460392296,57,1596
2025-10-14,0.24642006525189222,0.2229264511609177,0.16549833874734168,0.1256869888159361,0.3347029805603556,57,1596
2025-10-15,0.24547068194885197,0.22309547665097512,0.16548980097221064,0.1252825625690156,0.3345022250517818,57,1596
2025-10-16,0.24815786294518338,0.22452053080881454,0.16765425969936132,0.12548527152871491,0.3400780767480107,57,1596
2025-10-17,0.24833242700588226,0.22478233960928384,0.16806531185161186,0.12635581096199186,0.3412444118938722,57,1596
2025-10-20,0.24793067810901337,0.22347152451033866,0.16775669217839628,0.12562772417652082,0.34131689478569577,57,1596
2025-10-21,0.24878047368170186,0.2255939534154015,0.16842761619202995,0.12679570599833245,0.3415317487011933,57,1596
2025-10-22,0.24875888261831278,0.22584959154082285,0.16862912255579277,0.1272209073635383,0.3419103077458359,57,1596
2025-10-23,0.24822699693131745,0.22494971833112332,0.16850482969344568,0.12506076169633445,0.3417571129336656,57,1596
2025-10-24,0.24843852384800388,0.22561323297464092,0.16896273222958735,0.12481202187397697,0.3426332876775611,57,1596
2025-10-27,0.2486260264327107,0.22578808654249088,0.16892759433839838,0.12459005546620158,0.34191525179074583,57,1596
2025-10-28,0.24814223326241283,0.22573092620458787,0.1689607884534868,0.12481112237615483,0.3413554833181461,57,1596
2025-10-29,0.247684010927894,0.22469204096217332,0.1693390014834114,0.1232555279593893,0.34141500952748394,57,1596
2025-10-30,0.24693834741571594,0.22303234242790054,0.16981236140197065,0.1237276367254688,0.33884217946761197,57,1596
2025-10-31,0.24685511971321633,0.2230679265430346,0.16937646437977988,0.12399145788606365,0.33659743234127515,57,1596
2025-11-03,0.24644578388798424,0.22155733809496952,0.169255292140092,0.12444788406568402,0.3360370646895255,57,1596
2025-11-04,0.24566984577295603,0.2205423838845646,0.1697126970511639,0.12403680329195442,0.3347141401857038,57,1596
2025-11-05,0.24566784215882817,0.22135928848954173,0.16998602629716156,0.12397166797301301,0.33441777605029666,57,1596
2025-11-06,0.24727801152608,0.22364965171167878,0.17141124699328406,0.1251499451453143,0.3367742500304312,57,1596
2025-11-07,0.24465671909530406,0.22248841925204654,0.17179383000617393,0.12348255552241628,0.3329414582439692,57,1596
2025-11-10,0.23713429320842183,0.21660441051634285,0.17562568277845184,0.1203391529219876,0.32660130591762343,57,1596
2025-11-11,0.2368491531417825,0.21557981520634478,0.17849905629183271,0.12152891162826202,0.3273990382440384,57,1596
2025-11-12,0.23948119021492667,0.21850990401850795,0.18032634529453576,0.12300763597063281,0.3302267853628155,57,1596
2025-11-13,0.2381317990991818,0.21714393825304978,0.1860028273442396,0.1225456279910998,0.33058980984474834,57,1596
2025-11-14,0.2415344112335857,0.21898233720558327,0.19144389879918344,0.1250277099581347,0.33246953121526623,57,1596
2025-11-17,0.24050280325866744,0.21794814931466044,0.2139706256591401,0.1264732359154647,0.3335507354032933,57,1596
2025-11-18,0.23059697196500617,0.2181599798142197,0.2532566950824247,0.12298414866705626,0.32971631724601014,57,1595
2025-11-19,0.242182898378136,0.21869968090187353,0.16494996474946366,0.12774928150900838,0.327207076656601,57,1540
2025-11-21,0.24355730547898632,0.21978194819581665,0.16531598025928634,0.12767459926886662,0.3289273284487255,56,1540
2025-11-24,0.24495042821371316,0.2209942542781786,0.16554515475465717,0.12906935712937528,0.3320349240348018,56,1540
2025-11-25,0.24482923466885853,0.22171383130876282,0.16533210516181393,0.12886787110475584,0.33070242931559907,56,1540
2025-11-26,0.24477568024478066,0.22224762497853695,0.16450245188295645,0.13052857127141246,0.32795511552624523,56,1540
2025-11-27,0.24484475296783906,0.22098714079071058,0.1643165749593464,0.1316540633399993,0.32752167905595575,56,1540
2025-11-28,0.24519301304274918,0.2215241186473744,0.1647321181710206,0.13152618406106026,0.3274946694522869,56,1540
2025-12-01,0.24467457388858063,0.22162247141934288,0.16456803185663746,0.13019104276869253,0.32747776357701847,56,1540
2025-12-02,0.24442394202992376,0.22290967158513408,0.16326604826919705,0.13059417714808674,0.328770980474597,56,1540
2025-12-03,0.24042186541934624,0.22247216588404975,0.16223896177937883,0.12586515584367777,0.32569488769347,56,1540
2025-12-04,0.23892875905502978,0.21948375525818054,0.16396098782484164,0.12417755777041734,0.32440517492815124,56,1540
2025-12-05,0.23966696001785998,0.220941949346676,0.16435518770160767,0.12509958872232196,0.32705656160340907,56,1540
2025-12-08,0.24688787147136507,0.23035834727961296,0.1664703290040603,0.12980063564224267,0.33371657994935167,56,1540
2025-12-09,0.2470727916334348,0.22983452317123132,0.16666033136158007,0.12830656662505965,0.33427878457978094,56,1540
2025-12-10,0.24633563065401426,0.22942972965847278,0.16660028744327518,0.12720039171075942,0.33311430371674494,56,1540
2025-12-11,0.24374850435985296,0.22608756320787365,0.167016127536539,0.12309311119286032,0.33039862087765104,56,1540
2025-12-12,0.24481299988709848,0.2266644821429702,0.16674042243875936,0.1254658993128005,0.3331972454260767,56,1540
2025-12-15,0.2444953467987921,0.22668210588321935,0.16655260097687039,0.1251831825956825,0.3328602440995287,56,1540
2025-12-16,0.24420064976367445,0.22669207785858742,0.1663426827474011,0.12332293429035898,0.3337498756753433,56,1540
2025-12-17,0.2386836289022951,0.2206992429560941,0.16543371475693666,0.1196588022897546,0.32692849520890593,56,1540
2025-12-18,0.23802255197754443,0.21925780974253073,0.16516730266659024,0.12098438813603592,0.32516339789077564,56,1540
2025-12-19,0.2373076974707627,0.21691480612429775,0.16491103509228797,0.11958551376327226,0.32558371292728794,56,1540
2025-12-22,0.23698242186590077,0.217332577525024,0.16488780210330245,0.11911288305303797,0.32580450901144903,56,1540
2025-12-23,0.22767704794860721,0.20885185967215084,0.16449318082895398,0.10970497426795094,0.31335311310010405,56,1540
2025-12-26,0.22883978017248993,0.211029221609326,0.16477656257960543,0.11105523108892675,0.31609072709583275,56,1540
2025-12-29,0.22936436463914758,0.2113180483895671,0.16440200489727266,0.11102259508510524,0.31601052507381266,56,1540
2025-12-30,0.22739687440812983,0.21014450773436538,0.16342331910705205,0.11198311326534459,0.3129333974384865,56,1540
