date,BBDC4,PETR4,VALE3
1998-03-17,0.02257432203853918,0.0072464085207673,0.02613214027684796
1998-03-18,-0.008968669982760386,-0.00542987759436947,0.021590632592367487
1998-03-19,0.008968669982760386,0.0,
1998-03-20,0.05218575317057031,0.012624153228396495,0.02113431207397387
1998-03-23,0.020965128465044808,-0.0035906681307286137,0.0071983641002594245
1998-03-24,0.0,-0.010850016024065712,-0.018670765262496336
1998-03-25,-0.020965128465044808,-0.011090686694158247,0.0
1998-03-26,0.0,0.011053921312437376,
1998-03-27,0.0,0.007362805473793699,-0.01902600586776204
1998-03-30,-0.005097717071668784,-0.029631797606371135,-0.02019470728551931
1998-03-31,0.0008514261902175108,0.01862251209800181,0.003992021269537571
1998-04-01,0.0,-0.003696861881326119,-0.003992021269537571
1998-04-02,0.0,0.02559554718896373,-0.016129381929883557
1998-04-03,-0.012793351459909466,-0.02189868530763761,
1998-04-06,0.012793351459909466,0.025502292810936134,0.047628048989254546
1998-04-07,-0.02575249610241477,0.00716848947861265,-0.011696039763191224
1998-04-08,0.02150620522096354,0.02120220765060271,0.019418085857101586
1998-04-13,-0.008547060578458235,0.010400274617789529,0.011472401162236912
1998-04-14,-0.004301081899390741,0.020549372022532653,0.026267926820610188
1998-04-15,0.0,3.389887964516669e-05,0.0
1998-04-16,-0.013015368112070269,-0.01365208916832733,-0.0074349784875180625
1998-04-17,-0.01318700428195374,-0.0034423441909728902,-0.001867414174795523
1998-04-20,0.007933051740795838,-0.010398707220898473,-0.009389740349838971
1998-04-22,-0.02579066914080222,-0.017575144821507627,-0.011385322225125338
1998-04-23,0.0,0.0035044903917580417,-0.046883585898850555
1998-04-24,0.0,0.02101512678256051,0.0
1998-04-27,-0.06513930217096156,-0.03346017433264542,-0.04980282248381818
1998-04-28,-0.019418085857101697,0.029993966356159252,0.06187540371808753
1998-04-29,0.028987536873252506,-0.003478264376324758,0.0
1998-04-30,0.0,0.010398707220898473,0.0
1998-05-04,0.009569451016150615,-0.03509131981126984,0.019802627296179764
1998-05-05,-0.019231361927887575,0.0,0.0
1998-05-06,-0.029558802241544446,-0.025317807984289897,-0.019802627296179764
1998-05-07,-0.005012541823544436,-0.033522692038643664,-0.04040541463503877
1998-05-08,-0.00503779402995691,-0.0037950709685515838,0.038403411964365586
1998-05-11,-0.030771658666753854,-0.02307794728254481,-0.0040160696548897645
1998-05-12,-0.042559614418795855,-0.01964699738379644,-0.010111309604320606
1998-05-13,0.0,-0.0059701669865038776,-0.004073325387635829
1998-05-14,-0.016438726343159793,-0.0019980026626730263,-0.008196767204178501
1998-05-15,0.005509655810969627,0.01783991812833091,
1998-05-18,-0.01104983618658506,-0.06703016231910258,-0.07651669542786199
1998-05-19,0.027398974188114433,0.010449415874341006,0.021534561010508768
1998-05-20,0.005390848634876488,-0.014659948410684742,0.0
1998-05-21,0.010695289116747997,-0.008474626990972123,0.0
1998-05-22,0.021053409197832162,-0.008547060578458221,
1998-05-25,-0.021053409197832162,-0.034938051361280587,0.0
1998-05-26,-0.03243527575315386,-0.06899287148695143,-0.06744128079553258
1998-05-27,0.0,0.023530497410193973,-0.023530497410194084
1998-05-28,0.04301738508369074,0.0674412807955328,0.0
1998-05-29,-0.010582109330536882,-0.03540192705091605,0.014184634991956435
1998-06-01,-0.022100347000665932,0.013423020332140712,0.00934586241823765
1998-06-02,0.005571045049455325,0.06036314972709056,0.027524673390090237
1998-06-03,0.0,-0.008403410796379629,-0.05105517080028432
1998-06-04,-0.005571045049455325,0.01257878220686015,0.06899287148695143
1998-06-05,0.03297001923756976,0.012381366888405076,0.030636969461889763
1998-06-08,0.01608613775162443,0.008237920314330793,-0.01783043541467133
1998-06-09,-0.02150620522096358,-0.02479465861321639,
1998-06-10,-0.010929070532190222,-0.042741548377271066,0.009172372671556794
1998-06-12,0.0,-0.04922694076515066,
1998-06-15,-0.04495138786226649,-0.05172796151182668,-0.04445176257083383
1998-06-16,0.0,0.004770978424055605,
1998-06-17,0.06130052586379586,0.05153365011518307,0.0
1998-06-18,-0.027398974188114433,-0.04673747785168991,
1998-06-19,0.0,0.03294415571935405,
1998-06-22,0.03278982282299098,-0.023420274208098668,-0.00045464879164602845
1998-06-23,0.021277398447284712,0.028039220064393078,0.022927504643704633
1998-06-24,0.0,-0.00461894585629441,0.0
1998-06-25,0.010471299867295503,-0.009302392662313697,0.008849615276982581
1998-06-26,0.0,-0.018868484304382704,
1998-06-29,0.0,0.020269371762062782,-0.03223197551188173
1998-06-30,0.0051948168771041026,0.003261125648131191,-0.06970806283111264
1998-07-01,-0.024949319047948726,0.01843370168883829,0.02409755157906035
1998-07-02,0.0,0.0045558165358605685,0.03692871123310548
1998-07-03,0.019802627296179542,0.035718082602079204,0.009591304401787348
1998-07-06,-0.035718082602079204,0.03448617607116933,0.022472855852058604
1998-07-07,0.01063839820505591,0.03742640551911702,0.06453852113757119
1998-07-08,0.015748356968138977,0.020202707317519386,0.0
1998-07-10,-0.021053409197832162,0.003992021269537349,0.02061928720273576
1998-07-13,-0.010695289116747941,0.0,
1998-07-14,0.010695289116747941,0.031375122567754044,
1998-07-15,-1.6653345369377348e-16,0.003853569315989902,0.0
1998-07-16,0.021978906718775393,0.02656702738472183,-0.043802622658393076
1998-07-17,0.03208831455150052,0.007462721201589639,0.022766581959314802
1998-07-20,0.0,0.025653253574862256,-0.0020863767217760287
1998-07-21,0.0,0.007256480513935626,-0.027097339558172062
1998-07-22,0.01566611674439944,0.0,-0.004301081899390824
1998-07-23,-0.010416760858255603,-0.04412480490893794,-0.008658062743114536
1998-07-24,0.0052219439811515,-0.015151805020602371,-0.0004348771540595431
1998-07-27,0.030771658666753854,-0.007662872745569038,-0.021544029564715683
1998-07-28,-0.02040887163120736,0.00383877630716567,-0.022927504643704633
1998-07-29,0.0,-0.007692345623155572,0.00498980395703752
1998-07-30,0.02040887163120736,0.011554609272112992,0.017937700686667113
1998-07-31,-0.010152371464017929,-0.027119125813224787,
1998-08-03,0.006172859107081041,-0.03955645578304051,-0.008928630744301391
1998-08-04,-0.015504186535965386,-0.03364694824025449,
1998-08-05,-0.04255961441879588,-0.029980832211935593,-0.06054054463353142
1998-08-06,0.0,-0.03540192705091605,1.1102230246251565e-16
1998-08-07,-0.010929070532190222,-0.06518738024977055,
1998-08-10,-0.027856954502966158,-0.02922230422130412,-0.03822121282019786
1998-08-11,-0.03448617607116927,-0.014962872676712258,-0.061599122462013156
1998-08-12,-0.023669744085904776,-0.028078993176655187,0.021858793812499
1998-08-13,0.04106148679777383,0.023041199146698,-0.02739897418811421
1998-08-14,0.0,0.005037794029957188,0.04348511193973881
1998-08-17,-0.03509131981126995,-0.028027312254656045,-0.016086137751624596
1998-08-18,0.0,-0.005181358741997433,-0.021858793812499
1998-08-19,-0.018018505502678306,-0.018296230014974157,-0.01615184097020994
1998-08-20,-0.06899287148695155,-0.054414117872109924,-0.02328989108108681
1998-08-21,0.025642430613337708,-0.05748709091768145,-0.14842000511827314
1998-08-24,0.006309169193264741,-0.05472489968924654,0.03278982282299081
1998-08-25,0.006269613013595299,-0.025317807984289842,0.0
1998-08-26,-0.031748698314580215,-0.07312226482896278,-0.026145280104322266
1998-08-27,-0.08759805931798598,-0.14045183546909623,-0.02684725003618804
1998-08-28,0.0,-0.007968169649176904,-0.003407158321614423
1998-08-31,-0.07302513501488994,-0.040821994520255256,0.02227564262599735
1998-09-01,0.028987536873252395,0.09531017980432499,0.03412404583612738
1998-09-02,0.0071174677688640164,0.058840500022933506,-0.03278982282299081
1998-09-03,-0.0659579677917973,-0.05129329438755059,
1998-09-04,-0.0787808778531145,-0.038240742353735646,
1998-09-08,0.02429269256904476,-0.05623519905805696,-0.06899287148695166
1998-09-09,-0.05762911283663641,-0.02518856234429645,-0.015113637810048042
1998-09-10,-0.216807732865124,-0.1857171457950928,-0.09821504749695498
1998-09-11,0.12825433552367893,0.14242034004176873,0.023716526617316047
1998-09-14,0.1300531282481977,0.1167992677462506,0.023167059281534286
1998-09-15,0.08565544457849394,0.1663815387486769,0.13477108190740061
1998-09-16,0.0,-0.10529384676883868,-0.04712377484864483
1998-09-17,-0.022642476749760054,-0.16034265007517945,-0.0212022076506031
1998-09-18,0.03745756253490051,0.03838424300831522,-0.03562717764315093
1998-09-21,-0.046660081466062264,-0.029726180265200686,0.03562717764315093
1998-09-22,0.016807118316381375,0.025533302005164904,
1998-09-23,0.08701137698962957,0.14813019204567524,0.03509131981127034
1998-09-24,0.0,-0.059719234701622215,-0.0069204428445739374
1998-09-25,-0.015395685477973542,-0.05535009508316491,-0.028885417904565225
1998-09-28,0.014005831188919293,0.027978898287032594,-0.0007150518717256027
1998-09-29,0.0013898542890542487,-0.003881346707972133,0.0007150518717256027
1998-09-30,-0.02817087696669629,-0.032342832790831944,-0.09674079521284429
1998-10-01,-0.06062462181643469,-0.09440887284831212,0.03861483612777983
1998-10-02,0.07522342123758763,0.05264373348542217,0.058840500022933284
1998-10-05,-0.01459879942115272,-0.04814934389758263,-0.03636764417087468
1998-10-06,0.01459879942115272,0.04814934389758263,0.0
1998-10-07,-0.021978906718775337,-0.017241806434506124,-0.022472855852058604
1998-10-08,-0.03774032798284699,0.008658062743114536,-0.015267472130788384
1998-10-09,0.074107972153722,0.0666107260853861,0.0
1998-10-13,0.014184634991956213,0.05880593442606874,0.07410797215372167
1998-10-14,-0.021353124470568807,-0.0076336248550712416,-0.09745533615071311
1998-10-15,-0.007220247973487082,0.055880458394456545,0.023347363996991444
1998-10-16,0.0,0.007220247973487082,-0.001539646185592769
1998-10-19,0.014388737452099676,0.02135312447056892,-0.021807717811398675
1998-10-20,0.0,0.07461086379117465,0.01949379468100121
1998-10-21,-0.014388737452099676,0.08755589102431971,0.0
1998-10-22,0.042559614418795855,0.005851112280725879,-0.0038684767779200158
1998-10-23,-0.02817087696669618,-0.06759911934917295,0.007722046093910251
1998-10-26,-0.028987536873252395,-0.07257069283483553,0.0
1998-10-27,0.0,-0.013861812937471907,-0.007722046093910251
1998-10-28,-0.01481508578514057,0.013793322132335861,0.03053672386008155
1998-10-29,-0.04893942904022197,-0.04554202044691613,
1998-10-30,0.06375451482536254,0.0725706928348353,2.220446049250313e-16
1998-11-03,0.08320512277804926,0.08617769624105243,0.0
1998-11-04,-0.006600684031351944,0.038926621453370336,-0.04002103332405049
1998-11-05,0.05664319651725014,0.06275741947514735,0.023735291453264917
1998-11-06,0.10786051695991083,0.01633002478318535,-0.022934971282495775
1998-11-09,0.01781784331679387,0.01091961766419014,-0.03252319170556017
1998-11-10,-0.040546094394350085,-0.02173998663640586,-0.007465816510803247
1998-11-11,-0.05918887139033069,-0.01662088123604044,-0.04252341335810095
1998-11-12,-0.05644131090495169,-0.05158736879049308,-0.0008691873645867432
1998-11-13,0.01916991610772023,0.02841594497429456,0.042559614418795855
1998-11-16,0.03727139479723146,0.05072137558442924,0.040821994520255256
1998-11-17,0.006079046076382433,0.03203568158746306,-0.0008003201707691421
1998-11-18,0.006042314455962483,0.02078362176894799,0.02451684678808519
1998-11-19,-0.0305834233720802,-0.036646444110810084,-0.015748356968139143
1998-11-20,0.024541108916117715,-0.01503220569046071,0.015748356968139143
1998-11-23,-0.024541108916117715,0.009670262549075326,-0.015748356968139143
1998-11-24,0.012345835822299478,-0.005444904149903396,-0.02409755157906046
1998-11-25,0.04204823624349935,0.02672230259718822,0.039845908547199604
1998-11-26,0.041480601120718774,-0.03208831455150041,0.014734659756936663
1998-11-27,0.010106767669774308,-0.008185584586439476,-0.010836019341279313
1998-11-30,-0.028330506626225938,-0.06508661651988623,-0.027615167032973398
1998-12-01,-0.036282505181423286,0.02026118513982178,-0.027576767770234545
1998-12-02,-0.025016194349067267,0.01985880864960332,-0.013245226750020711
1998-12-03,-0.02318590746881044,-0.09418721505970096,0.0
1998-12-04,-0.050643732818754894,-0.018692133012152445,0.0
1998-12-07,0.031951599806602504,0.04308358613631169,0.016529301951210496
1998-12-08,-0.04502368137395535,-0.03681397312271639,-0.008230499136515412
1998-12-09,-0.025659746780577586,-0.04473589384139154,0.0
1998-12-10,-0.00824180489510351,0.0,0.0
1998-12-11,-0.035091319811270116,-0.04000533461369904,-0.09531017980432477
1998-12-14,-0.058840500022933506,-0.10008345855698253,-0.06575137756278049
1998-12-15,0.001514004831214999,0.036904556935450916,0.0182785271726158
1998-12-16,-0.06403436181254907,-0.04445176257083383,-0.0019083975257603303
1998-12-17,0.03174869831458027,-0.007604599385219402,-0.006708218735118621
1998-12-18,0.04431588377451123,0.01507661422392026,0.009569451016150587
1998-12-21,0.01438873745209912,0.05493355134872879,0.0645385211375713
1998-12-22,-0.007168489478612261,0.03152625364677375,-0.0008932559772150128
1998-12-23,-0.03068173465248536,0.013698844358162043,-0.0741767172126977
1998-12-28,-0.013443070256452638,-0.05236798551731603,0.010531452052341406
1998-12-29,-0.007547205635383136,-0.04022480131050887,0.03738753207162038
1998-12-30,0.015037877364540653,0.022141125877213508,0.027150989065950926
1999-01-04,0.022141125877213397,-0.029631797606371135,-0.008222979180432022
1999-01-05,-0.0074906717291577385,0.03675961889620871,0.027150989065950704
1999-01-06,0.0,0.0322332525907425,0.0
1999-01-07,-0.007547205635383025,-0.026307951636000748,-0.04567003683318838
1999-01-08,0.0,-0.0360154807634161,0.04119575643826745
1999-01-11,-0.07061756721395318,-0.06471280873744956,-0.013544225107757324
1999-01-12,0.008097210232619223,-0.05318226546030913,-0.05608946665104342
1999-01-13,0.0,-0.10163264554381213,0.10054122922187725
1999-01-14,-0.13815033848081693,-0.2115827289131338,0.0
1999-01-15,0.08855339734144507,0.1879569888722663,0.2984929885559966
1999-01-18,0.04959694113937185,0.04661525826556634,-0.06600195702910439
1999-01-19,0.016000341346441238,0.01801850550267825,0.00618346181819418
1999-01-20,0.031252543504104335,0.056414089280091284,0.03367321510658794
1999-01-21,0.007662872745568983,-0.021322769468821168,-0.006644542718668767
1999-01-22,-0.015384918839479123,-0.044059989794030585,0.0645385211375713
1999-01-26,0.03653374333245607,0.03113195411291403,0.0896121586896872
1999-01-27,-0.02881169723854593,-8.73324309538237e-05,0.08223809823697215
1999-01-28,0.013751171612824575,0.12688270142563374,0.05129329438755048
1999-01-29,0.03136926366764514,0.04519736131612406,0.024692612590371477
1999-02-01,0.08455738802806312,0.10462495107887237,-0.05001042057466143
1999-02-02,0.06808912086059465,0.04847475650241084,-0.09967868219039533
1999-02-03,0.012578782206859984,-0.01589858606779815,-0.031657319870691536
1999-02-04,0.0,-0.00643089033029054,0.04011999378942521
1999-02-05,-0.006269613013595243,-0.04284015867649227,-0.002812941376614697
1999-02-08,0.02484599858653086,0.0620100747842125,0.06805346324501582
1999-02-09,-0.018576385572935616,-0.02240093668916665,-0.005277057100843807
1999-02-10,-0.012578782206859984,0.00323102058144642,-0.00956945101615081
1999-02-11,0.04335044087361378,-0.009724549891994783,-0.017241806434506124
1999-02-12,0.006042314455962594,-0.022998608486452854,0.03208831455150074
1999-02-17,0.0,0.013178562305477426,0.0
1999-02-18,0.0,0.01954459607297021,0.0
1999-02-19,0.0,0.037979248065216464,-0.04301738508369102
1999-02-22,-0.018237587549780776,0.06025919151819692,-0.01104983618658495
1999-02-23,0.012195273093818182,-0.01176484157958646,0.01104983618658495
1999-02-24,0.01801850550267836,-0.03308572458576542,0.007662872745569205
1999-02-25,-0.011976191046715767,-0.053387873418061504,-0.008212474298287864
1999-02-26,-0.014563364187896555,0.03866224458364875,0.011478672084908936
1999-03-01,0.03837401288161518,0.05957619499976463,-0.005449604767564509
1999-03-02,0.01176484157958646,-0.01176484157958646,-0.016529301951210718
1999-03-03,0.0046674530474952736,-0.01664666584005481,-0.0005557099337230031
1999-03-04,0.04662584134005526,0.06289768349081049,0.0005557099337230031
1999-03-05,0.04242071588395219,0.016807118316381264,0.0
1999-03-08,0.006369448285479862,0.04879016416943194,-0.011173300598125158
1999-03-09,0.005277057100843696,-0.002649008171576872,-0.011299555253933224
1999-03-10,-0.0010531859846586444,0.049169023806469814,-0.011428695823622936
1999-03-11,0.0010531859846586444,0.024938948347252077,-0.0500841043974114
1999-03-12,-0.011646505386323558,-0.004888777915417197,0.026827242233144366
1999-03-15,-0.012861913642407852,0.08075452869013078,0.045985113241823194
1999-03-16,0.0349797188960268,0.0,-0.04011999378942521
1999-03-17,-0.0010422095784437535,-0.009174376276041452,0.012205905679503637
1999-03-18,-0.030706488736136406,0.009174376276041452,0.017182553319996963
1999-03-19,0.0,0.018100041643617892,-0.011422168728017157
1999-03-22,-0.021739986636405917,-0.03653374333245618,0.030545361154190154
1999-03-23,0.0,-0.014051753455650129,-0.021397212735281945
1999-03-24,0.0,-0.03118890372023364,-0.015486400695272406
1999-03-25,0.0,0.06526605845594813,0.011494379425734946
1999-03-26,-0.01104983618658506,-0.0022753138371354176,-0.028987536873252173
1999-03-29,0.03278982282299098,0.032716339338370926,0.03468555798788997
1999-03-30,0.021277398447284768,0.04403376248421553,0.016901810802603112
1999-03-31,-0.03208831455150046,0.004168339333662119,0.022100347000665987
1999-04-05,0.0054200674693391515,0.05318226546030924,0.010869672236903938
1999-04-06,0.005361943141385106,0.04281522583771885,0.021391189981317504
1999-04-07,0.026386755173195053,0.04485994141856747,0.031252543504104335
1999-04-08,0.0,-0.0032900779084109044,0.000512689065318872
1999-04-09,-0.010471299867295392,-0.04149352471856249,0.004602411601451695
1999-04-12,0.019802627296179653,0.011385322225125394,-0.004089985251525263
1999-04-13,-0.009331327428884262,-0.0090978641175265,0.009179054758996386
1999-04-14,-0.02745684623303929,0.005317141277620452,0.03980625040041974
1999-04-15,0.001070091059844236,-0.0037950709685516393,0.07061756721395329
1999-04-16,-0.02710192977779108,0.024414358171287398,0.07864312731911327
1999-04-19,-0.022223136784710218,-0.01683856436282971,-0.008438868645864628
1999-04-20,-0.0284919557943063,-0.04835818201546127,-0.06295785015248134
1999-04-22,0.026242236060290858,0.0020178447567592572,0.01077209698191095
1999-04-23,0.002249719734015443,-0.011928570865273769,-0.00044652825033053567
1999-04-26,-0.011299555253933335,-0.02429269256904454,-0.022127793788208394
1999-04-27,0.0,-0.01657096948595682,-0.056352936551131716
1999-04-28,0.028013036227673926,0.01040445457029271,-0.0024183808642816995
1999-04-29,0.004410150477552555,-0.02289937603972525,0.016807118316381264
1999-04-30,-0.009950330853168043,0.11952078577810266,0.018868484304382704
1999-05-03,-0.011173300598125102,0.0033638603949414647,0.032186686495901395
1999-05-04,-0.0284919557943063,-0.022642476749759832,0.0045146803545267344
1999-05-05,0.029614920538929945,0.015001417773157333,0.12277555725950451
1999-05-06,0.08495164402661909,0.009467747773233726,0.023623145763435716
1999-05-07,0.006166514915664112,0.020314437080582337,0.0
1999-05-10,0.048009219186360724,-0.01841672678623113,0.026494158614058794
1999-05-11,0.05324451451881235,-0.003724399090982433,-0.0072257397481816366
1999-05-12,0.022884293833587782,-0.007490671729157572,0.011385322225125338
1999-05-13,0.039916607405442506,0.03907611044895881,0.044287680201116175
1999-05-14,-0.030907537463076576,-0.005801321564086637,0.010772096981911283
1999-05-17,-0.02727441791965919,-0.029147977550656068,-0.021661496781179457
1999-05-18,0.013730192811901853,-0.03466353519429777,0.0
1999-05-19,-0.03704127168034904,-0.023530497410194084,-0.02400854005200903
1999-05-20,-0.023867481406643354,0.0020217643801710428,
1999-05-21,-0.06486063420204116,-0.026119315959231615,-0.04824825495399143
1999-05-24,-0.04211148535012654,-0.033144899405355255,-0.08128579723791085
1999-05-25,-0.010810916104215751,-0.04767724474121149,-0.03905051487187294
1999-05-26,0.07333127308554968,0.07265883350740587,0.05885314216805271
1999-05-27,-0.057158413839948824,0.02024450972247538,
1999-05-28,-0.016172859245600857,-0.016154524470950338,-0.02321269027672168
1999-05-31,0.005420067469339207,0.026145016773148733,0.04058285405825768
1999-06-01,0.016086137751624374,0.0020258601935476683,0.016670440943107545
1999-06-02,0.01617285924560108,-0.016000341346441127,-0.012170535620255163
1999-06-04,-0.00859296372283197,0.012024192966801683,0.016194685919980523
1999-06-07,0.002155173247983533,-0.02415391309349002,-0.03681397312271628
1999-06-08,0.0010758473334631646,-0.008237582697745438,
1999-06-09,0.0,-0.033050487794524575,0.0
1999-06-10,0.01600034134644107,0.020627967795967428,0.0037429862788344037
1999-06-11,-0.005305052229693075,-0.008368249670516636,0.03467612362511041
1999-06-14,-0.023682484643559265,0.004234718388909764,-0.04259448131442556
1999-06-15,-0.014262446920564165,0.004550111166823134,0.030898441551234224
1999-06-16,0.043249983793816504,0.04638748631258638,-0.006103782938017721
1999-06-17,-0.018153194707542175,0.01773445493976855,0.004073325387635829
1999-06-18,0.0128481424778491,0.015504186535965248,0.028057952795157326
1999-06-21,-0.021506205220963692,0.0422117975272569,0.02729214228800758
1999-06-22,0.042559614418795855,0.024727685147852563,0.007662872745569094
1999-06-23,-0.026386755173194887,-0.012669852741051812,-0.0003817522474306445
1999-06-24,-0.03815176596437625,-0.027702602549335875,-0.06670454096893919
1999-06-25,-0.0055710450494554364,-0.026567027384721775,0.0
1999-06-28,-0.005602255548669721,0.010331065675966367,0.016194685919980523
1999-06-29,-0.0204320388172059,0.008754864431805343,-0.016194685919980523
1999-06-30,0.03160533941533106,0.03700353654327182,0.020202707317519386
1999-07-01,-0.011173300598125158,0.012646961700767512,0.0
1999-07-02,0.027398974188114378,0.014295888822742742,0.003992021269537571
1999-07-05,0.016086137751624485,-0.008924345020831781,0.02401217514005982
1999-07-06,-0.021763644636359658,0.0159436503971358,-0.006242704628084739
1999-07-07,0.022839491969822878,0.0017559267022648206,0.013605652055778683
1999-07-08,-0.03278982282299103,-0.02486806657801316,0.007692345623155794
1999-07-12,-0.03275278647180785,-0.010850016024065934,-0.003838776307165781
1999-07-13,0.004581909505111781,-0.007299302481611536,0.007662872745569094
1999-07-14,0.0,0.014581811433782732,0.015151805020602316
1999-07-15,-0.008032171697264445,-0.007282508952171196,0.0405211974056392
1999-07-16,0.013730192811902076,0.014440684154794492,0.014337163146407317
1999-07-19,0.011299555253933335,0.0,0.01413451093490481
1999-07-20,-0.022728251077556272,0.0,-0.003867116789725067
1999-07-21,0.004587164006906064,-0.005390848634876488,0.038353292860894395
1999-07-22,0.006841531816716873,0.0018001805041479302,0.030052345066401864
1999-07-23,-0.011428695823622936,-0.04412480490893811,-0.016584128015535216
1999-07-26,-0.004608303086194199,-0.03053672386008166,-0.047954393122035976
1999-07-27,0.016036998909817135,0.011560822401075976,0.0031529190596155665
1999-07-28,0.0,0.0018373914218355325,-0.013735028390152615
1999-07-29,-0.011428695823622936,-0.025055038668743146,-0.021868589714873043
1999-07-30,-0.01156082240107581,0.008201248811103512,-0.013868835434039828
1999-08-02,-0.005830920310793297,-0.020035239623114542,-0.015182665278343777
1999-08-03,-0.017493157447517005,0.031174399473627434,-0.011257154524634605
1999-08-04,-0.032280148807292186,3.8462278125539484e-05,-0.019432884338777656
1999-08-05,-0.025847592810555542,-0.009661910911736793,-0.01903339648901836
1999-08-06,-0.027814688182876968,-0.05180441118886436,0.0
1999-08-09,-0.039220713153281295,-0.02904768544023084,0.0
1999-08-10,-0.03390155167568143,-0.018271168998358345,0.0
1999-08-11,0.025869379978417095,0.041576426845740255,0.019802627296179653
1999-08-12,-0.005390848634876377,-0.025412740186946503,0.09352605801082348
1999-08-13,0.006734032181343941,0.021290722808881668,0.0
1999-08-16,-0.012154099650683148,-0.014981553615617038,0.0071174677688640164
1999-08-17,-0.02894757603486864,-0.008421102396408253,-0.01428595724747661
1999-08-18,-0.028370697129215472,-0.006320141501700571,-0.06655494123603112
1999-08-19,0.028370697129215472,0.014741243898108825,0.03364520714723318
1999-08-20,0.0,0.059020178399124434,0.057777800666811374
1999-08-23,0.005578815027039052,0.0,0.007341406858367927
1999-08-24,0.08271379211863922,0.0,0.020342021890048967
1999-08-25,0.030267127578877562,-0.009930568202600631,-0.01029168603654751
1999-08-26,-0.018809331957496178,-0.01003017435993736,0.0
1999-08-27,-0.015306421282675675,0.019960742562537992,0.0504308536268917
1999-08-30,-0.023408090898014933,-0.003960401216096865,0.016583049498991753
1999-08-31,0.0,0.01964699738379644,-0.0003225286272112715
1999-09-01,0.00655740054615922,0.03065374109100244,0.031748698314580215
1999-09-02,-0.012987195526811102,0.02603547492805447,-0.02211780525361895
1999-09-03,0.0,0.02181984090635891,-0.025891413932741747
1999-09-06,0.012987195526811102,-0.008997513227666343,-0.016529301951210496
1999-09-08,-0.014295240186826541,0.003623192369420325,0.0033277900926748094
1999-09-09,0.06829454743622654,0.012543067283375564,0.009917436657345902
1999-09-10,0.032474290754426816,3.57149234845866e-05,-0.006600684031352055
1999-09-13,-0.011904902506318316,0.014184634991956158,0.0033057881344995543
1999-09-14,0.0,-0.001762114993399233,-0.01663931900396487
1999-09-15,-0.040323116984341045,-0.005305052229693241,-0.010118130165584494
1999-09-16,-0.00876649321218248,-0.0021299262578248213,0.0
1999-09-17,0.02484599858653086,0.05058230964377175,0.0
1999-09-20,0.06069679532157224,0.02172182314683574,0.0037218787677257836
1999-09-21,-0.008115986578179746,-0.0016873732270414887,-0.00033778078348511986
1999-09-22,0.006960584947624027,0.01970587872971985,0.020067563050809145
1999-09-23,-0.004635002504148611,-0.009788006366162838,-0.006644542718668656
1999-09-24,0.04207556387446887,-0.006578971098042452,0.006644542718668656
1999-09-27,0.03501451784510218,0.0,0.013158084577511109
1999-09-28,0.0,-0.005294519316974,0.02898753687325234
1999-09-29,0.00749869609112036,-0.006323868636891217,-0.02247285585205855
1999-09-30,-0.019397159882735104,-0.04263220179588284,-0.00978800636616306
1999-10-01,0.010822616458151413,-0.007343974255758501,-0.03333642026759165
1999-10-04,0.03174869831457999,0.02461556076441912,0.0
1999-10-05,-0.010471299867295392,-0.013793322132335806,0.0
1999-10-06,0.015666116744399494,0.041521749634528426,0.03333642026759165
1999-10-07,-0.0051948168771041026,0.005944787604395263,-0.03333642026759165
1999-10-08,0.019598358068628308,0.001654260096026483,0.016473729415143468
1999-10-11,0.041026263747806435,-0.0370412716803491,0.0003333889012376856
1999-10-13,-0.010842885924707696,-0.022550825521896634,-0.03390155167568121
1999-10-14,-0.019010077224973193,0.006993035490970745,-0.01039870722089875
1999-10-15,-0.02557684178964975,,-0.006993035490970634
1999-10-18,-0.0315815720502991,-0.031861102068983904,-0.01805678374724251
1999-10-19,0.009579636856813678,0.019591009477169463,-0.006811282830770926
1999-10-20,0.015764908737937622,0.022668799812713025,0.01428595724747661
1999-10-21,0.0020833340868541272,0.01029168603654762,-0.01428595724747661
1999-10-22,-0.006263068489561874,0.04667513857012984,0.007168489478612594
1999-10-25,-0.010526412986987643,0.012945164592036984,-0.01801850550267825
1999-10-26,0.04550940412896942,-0.0032206147000422014,0.018732536236335307
1999-10-27,0.0,0.012502166368715761,0.020138465425359353
1999-10-28,-0.029761047160830334,0.0006369426966933434,0.034717354995794536
1999-10-29,-0.0052219439811514445,-0.011527505171067653,-0.0378702740554101
1999-11-01,0.0052219439811514445,0.014388737452099676,0.017391742711869385
1999-11-03,0.04580953603129431,0.06155789299943337,0.017094433359300054
1999-11-04,0.04380262265839299,0.029413885206293178,0.033664235382804164
1999-11-05,0.04652001563489275,0.03419136474827947,0.04768140407114818
1999-11-08,0.0,0.02489755162172716,0.04281999718292817
1999-11-09,-0.013730192811901937,0.0135687292060689,-0.027315810646962924
1999-11-10,0.0027611614413280416,0.0026917916657114155,0.018293193047325462
1999-11-11,0.0009186955170724376,-0.006201988330560362,-0.010630320301756369
1999-11-12,-0.017601195477008613,-0.005968547289694884,0.0015255533088370798
1999-11-16,0.021267560720586748,0.0027173929764999216,0.03593200922606349
1999-11-17,0.0018281540740625324,-0.017796499803620164,0.005865119452398093
1999-11-18,-0.01379332213233564,0.061599122462013156,0.051293294387550536
1999-11-19,0.0,0.040718093018785075,0.03278982282299098
1999-11-22,-0.013986241974740077,0.0,0.008032171697264057
1999-11-23,-0.0009394082419356686,0.0,-0.01126319227871081
1999-11-24,-0.013245226750020572,-0.01507566240544743,-0.0021598280534298464
1999-11-25,-0.0076482208382569195,-0.019169916107720127,0.0
1999-11-26,0.002874942085599047,0.006559087240920455,0.0
1999-11-29,0.02364176305704055,-0.010437566569491338,-0.027398974188114378
1999-11-30,0.004662013105811241,0.006455800342871326,0.03144483270765813
1999-12-01,0.033839534248764624,0.0035971261808493277,0.027871744448761393
1999-12-02,0.0017699119664584262,0.015523915265929028,0.02072613051711686
1999-12-03,0.042412241343590035,0.006293286975789243,0.0
1999-12-06,-0.0257524961024148,-0.0012554929458320832,-0.012903404835907906
1999-12-07,-0.0444517625708339,0.005012541823544284,-0.0012995453420854841
1999-12-08,-0.009132483563272564,-0.0025031302181185294,0.0012995453420854841
1999-12-09,0.00822297918043205,-0.0025094116054257543,-0.007822725681208953
1999-12-10,0.04449132344513436,0.012484556662245395,0.0
1999-12-13,0.05172836074203105,0.0,-0.005249355886143781
1999-12-14,0.07174390485884129,-0.00997514505681964,-0.005277057100843918
1999-12-15,0.007662872745569047,-0.030536723860081647,-0.02139118998131745
1999-12-16,0.022642476749760027,0.012837146760680727,-0.013605652055778628
1999-12-17,0.08576682175742502,0.02020270731751945,0.027028672387919284
1999-12-20,-0.006920442844573979,0.019949675307620318,0.05701025471677976
1999-12-21,-0.03605904981570239,0.03949778333579965,0.03222087901116297
1999-12-22,-0.013043663192029362,0.00821118983039484,-0.019705071079332365
1999-12-23,-0.015435808129839336,-0.008281863705826207,0.019705071079332365
1999-12-27,0.0,-0.0058360178399587785,-0.02469261259037145
1999-12-28,0.011049836186585067,0.016451604892005058,0.012422519998557119
1999-12-29,0.02531780798428973,0.03661736323822345,-0.0049505051598563166
1999-12-30,0.01206972408733055,0.03315220731690037,0.04131814933073108
2000-01-03,-0.01206972408733055,0.02144237339652219,0.0
2000-01-04,-0.0719628158073338,-0.061358980801964745,-0.024097551579060433
2000-01-05,0.058994334343673765,-0.005672164952466391,0.0
2000-01-06,0.007945148331435725,-0.0034188067487856064,0.0
2000-01-07,0.0,0.004555816535860714,0.03593200922606338
2000-01-10,0.0071684894786124415,0.02027043229685837,0.07913732055872379
2000-01-11,-0.04754094476900006,-0.02478058777474458,0.0021715535135079095
2000-01-12,0.02222313678471033,-0.018479362746812528,0.009714053720473112
2000-01-13,0.07342746855481722,-0.009345862418237684,0.03275517338863956
2000-01-14,0.10399811762693076,0.01398624197473989,0.018538120998911
2000-01-17,-0.024845998586530832,-0.011641575015485864,0.020202707317519514
2000-01-18,0.030962225603966637,0.004672905699392417,-0.030459207484708584
2000-01-19,-0.05001042057466121,-0.007017572658646443,-0.004132237284910523
2000-01-20,-0.03922071315328132,-0.011806512586989113,-0.006230549750636034
2000-01-21,-0.006688988150796521,-0.011947573421118025,-0.021053409197832287
2000-01-24,-0.026523146055317,-0.007237667300230528,0.021053409197832287
2000-01-26,-0.02018864252100179,0.012033839563723558,-0.008368249670516636
2000-01-27,0.025686938159599507,-0.0023952107259549754,0.008368249670516636
2000-01-28,0.07396108973283563,-0.014493007302566844,0.0
2000-01-31,-0.07259122650492181,-0.007326040092072907,
2000-02-01,-0.04122134415616413,0.019418085857101697,-0.021053409197832287
2000-02-02,0.007017572658646831,0.019048194970694477,-0.06595796779179751
2000-02-03,0.04110167568555173,0.041576426845740366,0.02247285585205866
2000-02-04,0.010016778243471386,0.011248712535870807,0.03708167490453193
2000-02-07,-0.0033277900926746984,0.015538603427779046,0.04807613343577483
2000-02-08,0.014560151331329818,0.013129291441792701,0.056534636564909875
2000-02-09,-0.014560151331329818,-0.02197890671877524,-0.016529301951210697
2000-02-10,0.039220713153281184,-0.022472855852058597,-0.060624621816434805
2000-02-11,-0.016155440222285183,-0.056089466651043564,-0.053708489325978145
2000-02-14,-0.03311560878449735,-0.002406740030564985,-0.013054726833704206
2000-02-15,0.0026899814472088612,0.030844675351098493,0.0242036017408864
2000-02-16,0.0006713662554957978,0.06117422336915372,0.0
2000-02-17,-0.0067340321813439685,-0.011049836186585074,-0.021978906718775185
2000-02-18,-0.044912556680822655,-0.01229752781040623,0.0
2000-02-21,-0.01423511582187216,-0.0011705385813378655,0.0
2000-02-22,-0.0035906681307283916,-0.004469634294923218,-0.02247285585205866
2000-02-23,0.007168489478612414,0.006786871746164887,0.02247285585205866
2000-02-24,0.02120220765060303,0.02660851866901219,-0.011173300598125324
2000-02-25,-0.04286370443178245,0.025918817687714868,-0.011299555253933335
2000-02-28,-0.033398280401847974,-0.021573880120044825,-0.02298951822469869
2000-02-29,-0.0416084672308685,0.002176279422595434,-0.052518034283446424
2000-03-01,0.0966682444138959,0.027847757136255813,-0.019802627296179653
2000-03-02,0.0,-0.030024036558851247,-0.0005001250416824532
2000-03-03,0.014084739881738986,0.050966443592027344,-0.012331853773695861
2000-03-08,0.0,0.023530497410194168,0.005555569844602093
2000-03-09,-0.01054491317661485,0.0345821424007709,-0.020608794518759632
2000-03-10,0.007042282625412885,-0.02953926736690904,-0.02340809089801471
2000-03-13,-0.01769957709940098,-0.03897929360517263,-0.026668247082161367
2000-03-14,0.04196419909903207,-0.027573326904099582,-0.02767679055328498
2000-03-15,-0.03484673133016811,0.021277398447284712,0.003051743247895755
2000-03-16,0.0070671672230924465,-0.0021074823395646203,0.013755375068485454
2000-03-17,-0.02712514626769126,-0.010604553248797235,-0.008506019182341784
2000-03-20,-0.012377296708554884,-0.030305349495328746,-0.06518169660881745
2000-03-21,0.02173998663640566,0.019587133275304744,0.030700354876927016
2000-03-22,0.028270433938255637,0.0023678840037960752,0.018089809292505032
2000-03-23,0.010398707220898487,-0.004568579621091265,0.02216157180285233
2000-03-24,-0.0006898930939377712,0.005109807049681697,0.05334598070529273
2000-03-27,0.0006898930939377712,0.07257069283483532,0.025642430613337597
2000-03-28,-0.003454234868087644,-0.042907501011276605,-0.030850775720475954
2000-03-29,-0.028072018778686356,-0.0041631423817360125,0.018624439008365135
2000-03-30,-0.01795380361659564,-0.023351820903533244,-0.0010256411155505907
2000-03-31,0.04116976012974165,0.012793351459909508,0.025830760034521644
2000-04-03,-0.037553119659553255,-0.008489322374823416,0.02469261259037145
2000-04-04,-0.04412480490893791,-0.005377566493610153,-0.050010420574661374
2000-04-05,-0.015151805020602486,0.0410367942203613,0.037740327982847044
2000-04-06,0.015151805020602486,0.01432982555482501,0.01227009259181433
2000-04-07,0.012700955194564462,0.008097210232619362,-0.01227009259181433
2000-04-10,-0.019490871888038504,-0.024491020008295783,-0.013172801389261357
2000-04-11,0.029095674207772135,-0.025084734914827878,-0.00025021894287932667
2000-04-12,-0.026827242233144036,0.020943942248796477,
2000-04-13,-0.0900370979061669,-0.021007502244156817,-0.02431730765070636
2000-04-14,-0.1044426633675973,-0.0568419001730127,-0.052643733485422006
2000-04-17,0.01728101212717756,-0.03863779270541389,-0.027398974188114378
2000-04-18,0.0662840662188646,-0.006947152602985698,0.0
2000-04-19,-0.021322769468821293,-0.04569658088243628,-0.025317807984289897
2000-04-20,0.0246926125903717,0.002453988961566709,0.04865448816352552
2000-04-24,-0.007598179231071409,-0.019802627296179594,-0.009543358046899875
2000-04-25,0.012631746905900382,0.08617769624105232,0.04001070661108852
2000-04-26,0.0041753714104807715,-0.01385703466142621,0.04905335669628344
2000-04-27,0.020619287202735745,0.0,-0.027956077266590024
2000-04-28,0.07469089260158916,0.0002325311020825102,0.030459207484708622
2000-05-02,-0.030771658666753667,0.025027135657155267,0.0027462256680250707
2000-05-03,-0.026160826038672296,-0.0045454623716746426,-0.007758767491569507
2000-05-04,0.004008021397538954,0.002275313837135598,-0.007566240383315798
2000-05-05,-0.01612938192988369,-0.002275313837135598,0.012578782206860234
2000-05-08,0.0,0.0011383040500604902,-0.012578782206860234
2000-05-09,-0.0016273396593754624,0.0009097112294421394,-0.012739025777429691
2000-05-10,-0.03143352260151254,-0.01812184011056356,0.025317807984289925
2000-05-11,-0.0008406894147932609,-0.02432115381194905,-0.030459207484708622
2000-05-12,-0.029012273734887878,0.006807571319240691,-0.012970350442627565
2000-05-15,0.038221212820197664,0.01751358249270836,0.015544354437800334
2000-05-16,0.040821994520255166,0.03189336377595374,0.025382073271417255
2000-05-17,-0.05340077672711533,-0.010118282175932886,0.01936024728454147
2000-05-18,0.0033698431215503782,0.003369100201004366,0.019956856056293354
2000-05-19,-0.0500104205746614,-0.022832042042645793,0.0238106486937186
2000-05-22,-0.0017699119664584817,-0.029293248589487043,-0.0238106486937186
2000-05-23,-0.03515458892647261,0.006636668113875395,-0.04939275532957646
2000-05-24,0.022676708671029833,-0.01259971500212177,-0.012739025777429691
2000-05-25,0.03524593906167478,0.016607736399660407,0.0
2000-05-26,0.03988649213925881,-0.011596390749080353,0.017789541563498407
2000-05-29,0.014864022632149365,0.009240677056621393,-0.0050505157860687155
2000-05-30,0.006535970979785505,0.0030613470276301645,0.04939275532957646
2000-05-31,0.0032520353863775345,-0.014923882337450303,-0.012121360532344777
2000-06-01,0.06138827210173188,0.046651271936875474,0.026475673984027948
2000-06-02,0.047323888246904505,0.05757972777629942,-0.0023781224049675143
2000-06-05,-0.009583560264057503,-8.601965554426438e-05,0.023530497410194195
2000-06-06,-0.02171556691014979,0.03489033125841201,-0.02376862099746052
2000-06-07,0.03569152076612345,0.03766186638399022,0.01207258123426927
2000-06-08,0.009451179039166535,0.00417145457947013,0.011696039763191252
2000-06-09,-0.0014482261763649196,-0.0001394325099114413,0.02298951822469869
2000-06-12,0.014388737452099551,-0.005994023940210619,-0.06818151241607212
2000-06-13,0.01418463499195638,0.004000005333346296,-0.027128667388252647
2000-06-14,-0.020633958671863475,-0.016096927042174858,0.02469261259037145
2000-06-15,0.033925514963924985,-0.004065046248169529,-0.01227009259181433
2000-06-16,0.004160893659164611,0.028094499304579662,0.02919915469226242
2000-06-19,0.010327114155849693,-0.001962359027731536,0.026036973782995076
2000-06-20,-0.013793322132335958,0.009871748479154202,0.027651531330510154
2000-06-21,0.027398974188114544,0.011718884113213396,0.02247285585205866
2000-06-23,0.013423020332140628,-0.0017457089100232637,0.0
2000-06-26,0.006644542718668656,0.0017457089100232637,0.0
2000-06-27,-0.019392115541171207,0.030536723860081633,0.0
2000-06-28,0.019392115541171207,0.024142305321599583,0.021978906718775185
2000-06-29,0.02032190551114582,-0.024142305321599583,-0.011148874907182194
2000-06-30,0.018644063022237783,0.024142305321599583,-0.011052278728831771
2000-07-03,0.006349227678658975,0.022676708671029777,0.00022224691723878032
2000-07-04,0.006269613013595271,0.025676488045524082,0.021978906718775185
2000-07-05,0.0037429862788342094,-0.02478002899848697,0.0
2000-07-06,0.005609238764510582,0.0001791954130769824,0.021506205220963664
2000-07-07,-0.01250798045566709,-0.039471595723634845,0.00021274332598050782
2000-07-10,0.011264199200796576,0.003720934525690278,0.004033547555470612
2000-07-11,-0.04844797007982887,-0.06007927379546993,-0.03888178754420753
2000-07-12,-0.03320358138988508,-0.017706619972893384,0.002200220909602507
2000-07-13,-0.05624529866444866,-0.02788417149725908,-0.015504186535965359
2000-07-14,0.06297479916138832,0.031490667091370744,-0.04800921918636045
2000-07-17,0.038807895148553984,-0.01430178471085955,0.127158670882682
2000-07-18,-0.010376227986090891,-0.005900922606659864,-0.05271619462816596
2000-07-19,-0.042616302154419416,0.0081301260832502,
2000-07-20,0.016863806052004687,0.05148558359110422,-0.021978906718775185
2000-07-21,0.009983443984183243,-0.005978226270597575,0.014341117270657608
2000-07-24,0.006600684031352083,-0.02348444523306928,0.01844870555233319
2000-07-25,-0.013245226750020683,-0.0414409979445389,0.010482500521413737
2000-07-26,0.055119299221079554,0.00842672749281917,0.00021278859533431504
2000-07-27,-0.013977355889904314,-0.017966409959440294,-0.010695289116748052
2000-07-28,-0.0006400000218453605,-0.02831972857680143,-0.04396312342111612
2000-07-31,-0.010943141067785572,0.003637534769412046,0.0
2000-08-01,-0.022914259522875707,-0.0316798026432681,0.0
2000-08-02,0.006600684031352083,0.02072726107316389,0.0
2000-08-03,0.051293294387550536,0.007100621549576469,0.0
2000-08-04,0.009950330853168154,-0.013817145553141966,0.02660910872796457
2000-08-07,0.015961050931332765,0.03293006544295278,0.023784905023441924
2000-08-08,-0.004272206681019686,-0.03728737081190871,-0.0021390382487492393
2000-08-09,0.009132483563272564,-0.014515319730749474,-0.01946007355471248
2000-08-10,0.033901551675681124,0.10025223136808337,-0.0045956968947890725
2000-08-11,0.04497336564273108,0.0,0.03045920748470847
2000-08-14,0.019565155494840225,-0.004016069654889931,0.00424629088145112
2000-08-15,-0.009419221916491693,0.0139862419747398,0.01472161182535972
2000-08-16,-0.04847475650241112,0.019646997383796466,-0.008385793376273931
2000-08-17,0.017071983898647447,0.034796093088423685,0.020834086902841935
2000-08-18,-0.031076881023608283,-0.027044116284105746,-0.020834086902841935
2000-08-21,0.0006713662554958533,-0.016545389596703403,0.0
2000-08-22,0.023873812904897374,0.010737048000956595,-0.006335818449085789
2000-08-23,0.020110959989596056,0.02284387655150391,0.00843886864586453
2000-08-24,-0.00450596192070607,-0.0036125146236163364,0.007951496174174205
2000-08-25,0.022329476398088743,0.018868484304382788,0.0002083984586057075
2000-08-28,-0.00632913505164745,-0.009201078902246224,-0.0018771514532847228
2000-08-29,-0.03160533941533128,0.023122417420854385,-0.00628274317949519
2000-08-30,-0.013192803484563365,0.038866166083444176,-0.01694955831377333
2000-08-31,0.015810606026642415,-0.02331944234514427,-0.012903404835907684
2000-09-01,0.021339316034995448,0.002718624238993328,-0.013510774270155138
2000-09-04,-0.005748977826921742,-0.0016302874727611716,0.01567293727465019
2000-09-05,-0.00707171060213968,-0.006365393867076019,0.015005640617870311
2000-09-06,0.025479085300984916,0.03742268207426008,0.03758271114904278
2000-09-08,-0.0006291286775611526,-0.007054702979889804,-0.03758271114904278
2000-09-11,-0.015219063562462387,0.021016535361658595,0.00424629088145112
2000-09-12,-0.022618088587772534,-0.01836518604003856,-0.0085106896679088
2000-09-13,0.012987195526811157,-0.02611021002260544,-0.006430890330290373
2000-09-14,-0.026145280104322433,-0.02198293322121425,-0.01735401469315155
2000-09-15,-0.005978098175507984,0.005725382709694027,-0.015435808129839246
2000-09-18,-0.041488439063415566,-0.026120888075636006,-0.027028672387919395
2000-09-19,0.04082199452025512,-0.005307063252107114,-0.018433701688837956
2000-09-20,-0.010050335853501513,0.01677227671106668,-0.023530497410194195
2000-09-21,-0.017663502714014373,-0.018864924673445332,-0.011976191046715656
2000-09-22,0.03832401767953145,-0.013806547213967929,0.0
2000-09-25,0.028610534041265567,0.004046638145627279,0.026160826038672147
2000-09-26,0.005115100666770622,0.023002630026850712,-0.002350177344953547
2000-09-27,-0.011545990997060884,-0.0011282438203210343,-0.016607736399660622
2000-09-28,-0.006472514505617477,-0.004714765923703262,0.004773278752657678
2000-09-29,-0.009132483563272675,-0.003787883316937052,0.0011897681355887424
2000-10-02,-0.023873812904897318,-0.006472514505617422,-0.0011897681355887424
2000-10-03,-0.006688988150796438,0.004573178701965025,0.0
2000-10-04,-0.0053835930834726375,0.007575793808457659,0.023530497410194195
2000-10-05,0.017391742711869218,0.004518079974789063,0.02298951822469869
2000-10-06,-0.018742181809740688,-0.027419844261473675,-0.02298951822469869
2000-10-09,0.0,-0.0019323677510538484,0.0
2000-10-10,-0.017036187152567772,0.0219999308018633,
2000-10-11,0.0,0.002834201235875161,-0.04640927979512524
2000-10-13,0.0034305350967891446,0.01200314486135598,0.022878782384931046
2000-10-16,0.01022155407153802,-0.03297626824163494,-0.011976191046715656
2000-10-17,-0.03098354551996718,-0.047346120597198255,-0.012121360532344777
2000-10-18,-0.06500483030899576,0.010050335853501319,-0.02469261259037145
2000-10-19,-0.018832948333092236,0.017839918128331078,0.007472014838700802
2000-10-20,-0.03797434190774357,-0.017839918128331078,0.0049505051598563166
2000-10-23,-0.04938275677936606,-0.04186420409869865,-0.025001302205417353
2000-10-24,-0.04151379669243251,-0.04195228199441184,0.012578782206860234
2000-10-25,0.012037978559478815,-0.003922428214896398,-0.025317807984289925
2000-10-26,0.02114243657380936,0.0654933053606871,0.0
2000-10-27,0.020704673361691114,0.009565555789945224,0.08594242980072475
2000-10-30,-0.008230499136515267,0.026780177536156274,0.030814438500346514
2000-10-31,-0.025105921131076344,-0.0019739445809411615,0.0038711194875434285
2000-11-01,0.012631746905900496,0.011199645505656108,-0.04414189322992537
2000-11-03,-0.006700192569819539,-0.02132782264082353,-0.01435431345168317
2000-11-06,0.01666705248521158,0.021523192378672645,0.033178398697318645
2000-11-07,0.0024762703532633934,0.01953829441910132,0.0023282897595912067
2000-11-08,-0.006617063019294711,-0.01719682993471966,0.0
2000-11-09,0.008264509849893506,-0.025862659525727444,-0.023530497410194195
2000-11-10,0.04427282367798806,0.006180859075081202,0.023297912224822
2000-11-13,-0.01587334915629003,0.009692490081208927,-0.028071190977479676
2000-11-14,-0.04499736593073591,0.00392927813988958,0.004773278752657678
2000-11-16,0.012474174225175695,0.015564516541111573,-0.03636764417087476
2000-11-17,0.0,0.0019286409064056542,-0.009925639799969965
2000-11-20,0.0945585826250128,-0.005603338011207243,-0.0024968801985871536
2000-11-21,0.03472827751285537,0.01136704272795741,0.014888612493750564
2000-11-22,-0.00509647990648443,-0.001917546129271891,-0.002466092495193445
2000-11-23,0.0,-0.021339316034995504,-0.012422519998557119
2000-11-24,0.018083675433295393,-0.00965429624436448,-0.012578782206860234
2000-11-27,-0.019544596072970127,-0.03526103186689053,-0.012739025777429691
2000-11-28,-0.005865119452398038,-0.0074104908904847056,-0.03125254350410456
2000-11-29,0.03964483134724042,-0.00041330854070484313,-0.007968169649176793
2000-11-30,-0.04628447211713935,-0.018356794141285715,-0.013423020332140656
2000-12-01,-0.019432599539876222,-0.006335818449085734,0.052643733485422006
2000-12-04,0.0,-0.0021208915691375285,0.025317807984289925
2000-12-05,0.03717900324175402,0.014543411567694675,0.04879016416943188
2000-12-06,0.020231903971585086,-0.06908255356404838,0.011834457647002944
2000-12-07,0.029298272802004754,0.013141964397169692,0.0
2000-12-08,0.036644265867323944,0.00022126341499741076,0.04598511324182328
2000-12-11,0.04448127894504461,-0.005546325920556275,-0.011299555253933335
2000-12-12,-0.017027261410280825,-0.003342621496689943,0.0
2000-12-13,0.011165961660289658,0.04793946228911926,0.0
2000-12-14,-0.01646398729784493,0.010582109330536826,0.0
2000-12-15,-0.017415041601678005,-0.0044308543848111115,-0.02298951822469869
2000-12-18,0.010084119066625985,-0.012983049237429184,0.011560822401075949
2000-12-19,0.02314152856169449,-0.007741974153615383,0.011428695823622742
2000-12-20,-0.019802627296179875,-0.019841488154880127,-0.02298951822469869
2000-12-21,-0.010050335853501347,-0.015758843490336502,0.0
2000-12-22,0.010050335853501347,0.006688988150796701,0.02298951822469869
2000-12-26,-0.018928009885518904,-0.006688988150796701,0.0
2000-12-27,0.03443219642148415,0.01112358521866244,0.044451762570833844
2000-12-28,0.07410797215372195,0.0127502276862351,0.010810916104215612
2001-01-02,-0.02898753687325245,0.028213349731042642,1.1102230246251565e-16
2001-01-03,0.034222487824486725,0.05293772623571828,0.06280090123903027
2001-01-04,0.0028591870800452335,0.007024614936964407,-0.033152207316900384
2001-01-05,-0.007882520212269428,-0.009444458827999602,-0.011299555253933447
2001-01-08,-0.007220247973487082,-0.0028305720476129725,-0.011428695823622728
2001-01-09,0.010093813169218702,0.020838261536100466,0.011428695823622728
2001-01-10,-0.026900931485599966,-0.0067648487191084294,-0.00022729855763266305
2001-01-11,0.009534358987301372,0.014074967214910666,-0.01696510198274019
2001-01-12,-0.03339828040184806,0.009794397592287729,-0.005797117684325823
2001-01-15,0.015724771784350722,0.0,0.011560822401075949
2001-01-16,-0.0007432181687336836,0.02178819440771748,-0.011560822401075949
2001-01-17,0.010355122115204063,0.01795719739193677,0.022989518224698677
2001-01-18,0.015334364000106848,0.01339804187605767,0.05526267867504954
2001-01-19,0.0028943580263643964,0.02139607999273585,0.0
2001-01-22,-0.02339287957470554,-0.012196383094312258,
2001-01-23,0.009569451016150754,0.021919182049482844,0.025479085300984878
2001-01-24,-0.018484814674102956,-0.012803348641473311,0.02668479775618789
2001-01-26,0.0,-0.013705102591650475,0.0012239903608886674
2001-01-29,-0.0067390745498454585,0.0009195402946785558,0.029133150269942065
2001-01-30,-0.008298802814695194,0.0009186955170725764,-0.009950330853168161
2001-01-31,0.026169717733385,0.0011013216972198814,0.01980262729617987
2001-02-01,-0.03759841355700755,-0.013110703908450816,-0.01980262729617987
2001-02-02,-0.031010236742560315,0.0,-0.010050335853501312
2001-02-05,-0.011881327886752668,-0.0037243990909822666,-0.014242356715543233
2001-02-06,0.003976148379639444,0.011316325195490473,0.0
2001-02-07,0.015748356968139254,-0.0018463816176029768,-0.01652930195121047
2001-02-08,-0.004698520781554194,0.029140652378080334,-0.007318380807679867
2001-02-09,-0.019018005835761742,0.005370582189016759,0.007318380807679867
2001-02-12,-0.01694272073031214,-0.005191097310136061,0.014478019180653286
2001-02-13,0.004060094899298289,0.022712118922945224,0.006141268022082338
2001-02-14,-0.006504087969176314,0.021005893449093982,0.0
2001-02-15,0.00893225589633101,-0.005167080045945793,-0.01005033585350152
2001-02-16,-0.03454290802687679,-0.0262436334858136,-0.00020616431368765745
2001-02-19,-0.02628383607422785,-0.013564370030330841,-0.030352931912048887
2001-02-20,0.00940579828687621,0.023969190112996253,0.013720531862906999
2001-02-21,0.013525142777040755,-0.020381742319340368,-0.012658396871923456
2001-02-22,-0.01097520514376818,0.0026821652199394697,0.029290796921065346
2001-02-23,0.010135221894043284,-0.005371543801910794,0.03842737713388551
2001-02-28,-0.03419136474827958,-0.014284665642457228,-0.02817087696669633
2001-03-01,0.0,0.01786889887027221,0.020202707317519393
2001-03-02,0.029955170835788025,0.01067625799134192,0.003992021269537481
2001-03-05,-0.0033783815916270388,0.007054702979889804,-0.004192041272204551
2001-03-06,-0.010204170174241967,0.0008783487609060892,0.0002000200026670701
2001-03-07,0.05406722127027602,0.0061269338275025675,0.003992021269537481
2001-03-08,-0.012220111334775408,0.0,-0.06586742498762489
2001-03-09,0.008975988457151196,-0.0034965070587291702,0.021053409197832395
2001-03-12,-0.06113246805151293,-0.046236509833632644,-0.010471299867295485
2001-03-13,-0.014789308270864887,0.00876557840413894,0.010471299867295485
2001-03-14,-0.0008768084735344406,-0.018349138668196485,0.020619287202735623
2001-03-15,0.015666116744399328,-0.06998542739970304,-0.019578162694325264
2001-03-16,-0.03515300441789607,0.014198621494981134,-0.0010411245084103599
2001-03-19,-0.0438827262590927,0.0003915426831540836,-0.020627967795967414
2001-03-20,0.010227890183256552,-0.023567780585233594,0.041247254998703034
2001-03-21,0.03989649699931218,0.01984192079900407,0.0
2001-03-22,-0.0756818596377481,-0.06074741913960763,-0.020619287202735623
2001-03-23,0.08453147491473062,0.012242086700391536,0.0
2001-03-26,0.02951603155656532,-0.010471299867295475,0.020619287202735623
2001-03-27,0.009365755987642332,0.022688037377216225,0.00020406081082952054
2001-03-28,-0.004246290881451398,-0.005779169851496485,-0.00020406081082952054
2001-03-29,-0.004264398786457624,-0.027490976856256732,0.00813012608325027
2001-03-30,-0.001710864403629303,-0.0006385016711548119,0.002022245380767812
2001-04-02,-0.06911518816498287,-0.04395833912127431,-0.02040887163120726
2001-04-03,-0.026317308317373292,0.0,-0.042111485350126765
2001-04-04,0.00947874395454365,0.02959120017455899,0.010695289116747927
2001-04-05,0.0505854967881062,0.05667833701843819,0.03141619623337884
2001-04-06,0.026550232094120912,0.0360760564738096,-0.010362787035546446
2001-04-09,0.017316450011461065,0.006279455484843155,-0.00020835503773677586
2001-04-10,0.025425098365809945,0.006434652210779379,0.0
2001-04-11,-0.01687803778735167,-0.015671231585366263,0.00020835503773677586
2001-04-12,0.03347592919638959,-0.0229665611200478,0.0
2001-04-16,-0.05064373281875495,-0.01855492115683291,0.0
2001-04-17,-0.015707129205357884,0.015520017461678803,0.0062305497506359026
2001-04-18,0.03712122370917448,0.048452383385946735,-0.008316056241657297
2001-04-19,-0.009365755987642166,-0.03536714383729114,-0.0020898649194592746
2001-04-20,-0.09787977436595552,-0.034591444769619284,0.003967016372743893
2001-04-23,0.004705891037412591,0.04434373621229751,0.010571142073283222
2001-04-24,0.020446808977683834,0.026000878263139654,-0.00020620682617638816
2001-04-25,0.025432796773009775,0.02251573841815785,-0.001857777394675117
2001-04-26,0.065098902211356,0.014981553615616816,0.002063984220851505
2001-04-27,0.03711766295650251,-0.007275472816059836,0.0
2001-04-30,0.012872261404833663,-0.00018724838552969247,0.0
2001-05-02,-0.037463664542155856,0.010802861623709414,0.0
2001-05-03,-0.008298802814695055,0.031366539343379796,0.0
2001-05-04,-0.0008336807485773978,-0.0035971261808495636,0.010256500167189177
2001-05-07,0.011608753916535847,-0.031109553584650118,0.0
2001-05-08,-0.044676624843639934,0.003710579396535685,-0.0164612770540719
2001-05-09,0.033901551675681485,0.02919915469226242,0.04661431522475945
2001-05-10,-0.01426797179770492,0.03011742246415705,0.019608471388376264
2001-05-11,-0.017910926566530427,-0.014059985568298516,-0.029558802241544425
2001-05-14,-0.0368139731227162,-0.012466768765130087,0.009950330853168161
2001-05-15,0.0071174677688640164,-0.003590668130728447,0.009852296443011707
2001-05-16,0.05098296255166371,0.016057436895858535,-0.009852296443011707
2001-05-17,0.0025241914959072687,0.006878940610160811,0.0
2001-05-18,0.007534568921939155,0.019151003125793042,-0.003968259175620659
2001-05-21,-0.0033416906619033737,0.012339488187745495,0.0
2001-05-22,-0.0151773571053343,0.013366242475489454,0.01185784645078343
2001-05-23,0.023510738664478753,0.0033557078469723667,-0.004923692861784512
2001-05-24,0.004140792666031373,-0.01179457649283705,0.02630448788673498
2001-05-25,-0.004140792666031373,-0.018820059326769945,-0.009661910911736973
2001-05-28,-0.012526259819180235,-0.0051948168771039915,0.007736982502152545
2001-05-29,0.004192878260035782,0.0017346058122084118,0.0019249284095844282
2001-05-30,0.0008364701449661283,0.010344919842392664,0.0
2001-05-31,-0.0033500868852819887,0.025403567600139343,-0.0048192864359489496
2001-06-01,0.014987790965491687,0.007496911414178409,0.0048192864359489496
2001-06-04,0.02791642698209404,0.03506270300461756,0.0
2001-06-05,0.004040409537004908,-0.022691411202070633,0.019048194970694418
2001-06-06,0.00803217169726439,-0.03147374933703312,-0.0018885746878681553
2001-06-07,0.033821548475510554,-0.010373360598467385,0.0018885746878681553
2001-06-08,-0.01794819931922048,-0.013769580723756836,0.0
2001-06-11,-0.015873349156290073,0.013769580723756836,0.0
2001-06-12,0.03536714383729128,-0.013769580723756836,0.0
2001-06-13,-0.01949379468100121,0.00879998776959029,0.013121087962697259
2001-06-15,-0.023905520853554463,-0.02610659925770753,-0.013121087962697259
2001-06-18,-0.04790346063303899,-0.0054814035219235,-0.02871010588243139
2001-06-19,-0.001693480506332945,0.012334958157951437,-0.009756174945364557
2001-06-20,0.013468217050866593,0.021655242070600433,0.0
2001-06-21,0.0033389012655145878,0.005809995837677995,-0.001962709167848936
2001-06-22,0.016529301951210496,-0.02571545618449078,0.029234489257597848
2001-06-25,-0.0032840752011898677,-0.022989518224698857,-0.019459240352955404
2001-06-26,-0.02161347642053721,-0.008984786407815248,-0.008793412792385477
2001-06-27,0.004192878260035865,-0.03284397591379179,0.0005886392792353728
2001-06-28,0.004175371410480716,-0.012765331969550098,-0.009460062666655111
2001-06-29,0.008298802814695055,0.019828558360299398,0.048318577270807656
2001-07-02,0.020450610471290792,-0.026267926820610132,0.022388994893478675
2001-07-03,-0.0287967244889496,-0.016291687598185778,-0.05694137640013827
2001-07-04,-0.022795415077677295,-0.008733679968754654,0.025073637552115752
2001-07-05,-0.009438079497307267,0.013552966404703631,0.009478743954543845
2001-07-06,-0.021787354184907265,0.00383877630716567,0.018321694037736702
2001-07-10,-0.01330396562636263,0.025720025934378665,0.00037043897441579876
2001-07-11,-0.004474280394921093,0.017398180846226574,-0.011173300598125116
2001-07-12,0.01865891538687739,-0.004597709248629345,-0.007518832414027385
2001-07-13,0.05480823649499514,-0.008329525252830261,-0.019048194970694418
2001-07-16,-0.025317807984290064,-0.030190972279145634,-0.015504186535965178
2001-07-17,-0.0008550663197332831,-0.005763704716750057,-0.003913899321136352
2001-07-18,-0.02512042008352719,-0.029129222077303507,0.0
2001-07-19,0.011338978880517742,0.009673355461937483,-0.007874056430905982
2001-07-20,0.02314719719065156,0.04042898999564484,0.01763023137627054
2001-07-23,0.0,0.01961763053309551,0.017324783657305942
2001-07-24,-0.0344861760711693,-0.010227890183256483,-0.0310102367425603
2001-07-25,0.00786373646021446,0.011152531950475109,0.032916815013141906
2001-07-26,-0.0008707009692438261,-0.01339804187605792,0.0
2001-07-27,0.010398707220898362,0.0022455099255828115,-0.005730674708984876
2001-07-30,-0.006052763831351254,0.005591813265777845,-0.013500687218902671
2001-07-31,0.01035384573074205,0.00740744127786197,0.024929383042525316
2001-08-01,-0.012959144642505194,-0.017307587516692813,-0.015267472130788343
2001-08-02,0.014661754666289606,-0.026247227549259622,0.0
2001-08-03,0.005975263190087093,0.019655245867106708,0.0038387763071656977
2001-08-06,0.04574602178820372,0.0018709079358116831,0.0
2001-08-07,0.004056800695614482,-0.009578437397290057,-0.0038387763071656977
2001-08-08,-0.004056800695614482,-0.0016998776404170413,0.0038387763071656977
2001-08-09,0.01212136053234486,0.0018885746878681275,-0.0038387763071656977
2001-08-10,0.0,0.007331548959973011,0.019048194970694418
2001-08-13,-0.029341958284015313,-0.005446534264201719,-0.009478743954543845
2001-08-14,0.013147272364034734,0.013096538919845524,0.009478743954543845
2001-08-15,-0.028987536873252256,0.009434904879015327,-0.0075757938084575205
2001-08-16,-0.012685159527315748,-0.00036832412939430403,-0.01204949072331378
2001-08-17,-0.024990529303574344,-0.03162392817369547,0.0005770895610768823
2001-08-20,0.006089622994373878,-0.00667622889874378,-0.0019249284095844282
2001-08-21,-0.011338978880517714,-0.0005743275739376608,-0.005990934915284449
2001-08-22,0.02597548640326039,0.01953224131855172,-0.007588323211096301
2001-08-23,-0.015504186535965164,-0.004517229589819788,0.00019529342899662905
2001-08-24,-0.014866911340333577,0.052367985517315946,-0.00019529342899662905
2001-08-27,-0.013303965626362657,0.003395589001138233,0.0
2001-08-28,0.02990548277890459,-0.0008924587830196895,0.005842275624228205
2001-08-29,-0.0034722257107490107,-0.0017873105740957018,0.0
2001-08-30,-0.0008699435085400831,-0.005381178904516781,0.0
2001-08-31,0.0008699435085400831,-0.010850016024065767,-0.003891055492966644
2001-09-03,-0.0008699435085400831,-0.0036429912785012064,-0.015519415696762559
2001-09-04,0.005203827875026962,0.03408401677973677,0.009654296244364646
2001-09-05,-0.006944472352811065,0.02266879981271286,0.0270809586026705
2001-09-06,-0.02469261259037156,-0.038489945746077225,-0.021995870391071384
2001-09-10,-0.00896866998276033,-0.016439716284857298,0.02390244866165299
2001-09-11,-0.06513930217096153,-0.016529301951210496,-0.04221184880930935
2001-09-12,0.014320053774748598,0.02378886196401464,-0.018650896594391744
2001-09-13,-0.06561334816229883,-0.06152918994686157,-0.03501902629958134
2001-09-14,-0.054067221270276,-0.01941808585710167,-0.012658396871923456
2001-09-17,0.03568059501983632,0.08094727580396324,0.05975000440577392
2001-09-18,0.04040953833787673,0.021467729624106202,0.02371652661731622
2001-09-19,-0.009950330853168002,-0.007104825623744593,0.0
2001-09-20,-0.01612938192988366,-0.041862345360911934,0.00971824946892122
2001-09-21,-0.04574602178820385,-0.012908232733430919,-0.007767029337659659
2001-09-24,0.051825067864586155,-0.049402288967827335,0.013745255608257359
2001-09-25,-0.03077165866675387,-0.027069321968217902,-0.00211721761313817
2001-09-26,0.0,-0.008163310639161092,0.0
2001-09-27,0.039821494186671746,0.032260862218221525,0.0019249284095844282
2001-09-28,0.060212359965429445,0.017699577099400843,-0.029270382300113237
2001-10-01,-0.005671092703816175,-0.036728694108002585,0.009852296443011707
2001-10-02,-0.0019212301778939178,-0.005068434570458691,0.011696039763191154
2001-10-03,0.004796172263493048,0.004056800695614204,-0.004856736112949844
2001-10-04,-0.029128272923023585,0.016064602503806813,-0.008802012818090246
2001-10-05,-0.019901154317295014,0.000995520241501624,0.017334156879323173
2001-10-08,-0.02647812526782655,-0.0027899579675518815,
2001-10-09,0.006172859107081097,0.015445851629108054,-0.00561527276610968
2001-10-10,0.0,0.031146728996836792,0.00580834159574696
2001-10-11,0.056816475043660906,0.018868484304382704,0.0019286409064055848
2001-10-15,0.02677024106460464,0.027833332985405912,0.011494379425735002
2001-10-16,-0.01808711849114389,-0.017790473795368633,0.0
2001-10-17,0.01808711849114389,-0.005380846084225954,0.01905538272563534
2001-10-18,-0.013295542481244552,-0.026964959858828907,0.009115494241061006
2001-10-19,0.022685282831083606,-0.00421375838962193,-0.009302392662313391
2001-10-22,0.024920532819278335,0.023709028988441044,0.005591813265777706
2001-10-23,0.011780834031149573,0.004675090328993936,-0.005591813265777706
2001-10-24,-0.010869672236903744,-0.011634584232832729,-0.018868484304382954
2001-10-25,0.007259560012804145,-0.005299028296606889,0.00966740540213673
2001-10-26,-0.014572206859090886,0.0,-0.00018866144759288606
2001-10-29,-0.05467902918168112,-0.019157674032933114,-0.019048194970694418
2001-10-30,-0.03651120888291545,-0.016577659019814617,-0.0001923261858029629
2001-10-31,0.0297051544139159,0.020438667677273925,0.019051824109046267
2001-11-01,0.02219097330847876,-0.01945586661536583,0.00018869704745111404
2001-11-05,0.047540944769000185,-0.00393701295933957,0.005832017282547869
2001-11-06,0.021202207650602933,-0.024963852528416264,-0.0287337815692323
2001-11-07,0.026737254638516145,0.011060947359424894,-0.01360565205577853
2001-11-08,-0.012848142477849045,0.03246719013750138,-0.0019588644853329867
2001-11-09,-0.004319661144516179,0.04615913031768812,-0.005899722127188339
2001-11-12,0.012903404835907545,-0.048873362305841855,0.005703624469926935
2001-11-13,0.023649750883593168,0.002133230712973916,0.011892137420452559
2001-11-14,-0.006700192569819741,-0.04375636143280914,-0.011696039763191154
2001-11-16,0.02489755162172702,-0.07586874173751929,0.02497951547571345
2001-11-19,0.02828471383858222,0.02138541375798561,0.004008021397538655
2001-11-20,-0.016064602503806702,0.019261893016170706,-0.009569451016150574
2001-11-21,-0.0016207458977331446,0.022798914964805878,0.009569451016150574
2001-11-22,0.005661155434738108,0.041346447134872094,-0.009569451016150574
2001-11-23,0.008831851867828588,-0.019055757236500492,0.014478019180653154
2001-11-26,0.022916846446751793,-0.01412737925921051,0.01629363948610038
2001-11-27,-0.007843177461025974,0.003854351054270899,-0.02040887163120715
2001-11-28,-0.056695343676545246,-0.02024816082994743,-0.004132237284910467
2001-11-29,-0.04255961441879594,0.00020659022901692303,0.0
2001-11-30,-0.015775962594167553,0.014152630848872083,0.024541108916117618
2001-12-03,0.016645149958754407,0.039533996363863594,0.014042357123038862
2001-12-04,-0.0034393843019095427,-0.008256386590809461,-0.003992021269537432
2001-12-05,0.024671604407683623,0.027068150487448678,-0.01005033585350143
2001-12-06,0.04518222279323281,-0.023324672566408855,0.00604231445596265
2001-12-07,0.005763704716750251,-0.023881732003387474,-0.01619468591998069
2001-12-10,-0.017391742711869163,-0.012158204479809476,0.01015237146401804
2001-12-11,-0.010075651988741774,-0.008188377379357986,0.002018164156237262
2001-12-12,-0.008474626990972095,-0.007220247973487026,-0.002018164156237262
2001-12-13,-0.024990529303574316,-0.019864741026439703,-0.014242356715543122
2001-12-14,-0.013175421158564488,0.0031628914085082838,0.016260520871780385
2001-12-17,0.0,-0.008456710018223429,-0.002018164156237262
2001-12-18,0.05001042057466146,0.023086020034182475,0.039609138095045876
2001-12-19,-0.033350675333486346,0.01646127705407191,-0.004086006268513492
2001-12-20,-0.00873367996875446,-0.022913583756108497,-0.035523131826532384
2001-12-21,0.030239885189718152,0.007903535317883598,0.06264278597267206
2001-12-26,0.0042462908814513145,0.019083373825860894,-0.003802285949738554
2001-12-27,0.029229638314938355,0.030032287098874955,0.013245226750020628
2001-12-28,0.028399474521697943,0.008836581800497983,-0.022814677766171354
2002-01-02,-0.0016012813669740167,0.001953125620882068,-0.019418085857101586
2002-01-03,0.018290768366989063,0.0068060544689996505,0.015564516541111462
2002-01-04,-0.007911433670040435,-0.006220859875102541,0.02101318959881643
2002-01-07,0.004754367117273395,0.02160577871458172,0.0
2002-01-08,0.003944778291016304,-0.008047562113652179,0.0018885746878682108
2002-01-09,-0.01827623377260046,-0.01316827703662038,0.0
2002-01-10,-0.034261099755281105,-0.006453527824773542,0.01869213301215239
2002-01-11,0.027017607319786113,-0.015222197654266717,-0.0037105793965356293
2002-01-14,-0.006483004878078347,-0.03754880479838024,-0.04369165949804818
2002-01-15,0.000812677817990326,-0.006015991590980485,-0.021987536745226355
2002-01-16,-0.004886003205626099,0.0008319468033926858,0.0023790653568500075
2002-01-17,0.012170535620255218,0.014448135747385932,0.009852296443011666
2002-01-18,0.004024150299725415,0.002660392441930781,-0.005899722127188339
2002-01-21,-0.0032180236942007667,-0.012959144642505221,-0.013902905168991425
2002-01-22,0.007226045091739741,-0.006230549750636055,0.009950330853168099
2002-01-23,0.003992021269537405,-0.006269613013595382,0.02927038230011325
2002-01-24,-0.02012140319942124,-0.015422297855391828,0.028437935320533375
2002-01-28,0.004056800695614371,0.03493713761900784,0.014842573037928936
2002-01-29,-0.028749413285985792,-0.01930521812989594,-0.0036900410874538825
2002-01-30,-0.007528266420791518,-0.0023082582906412685,-0.03959046727100843
2002-01-31,0.011686276569455173,0.010449415874341145,0.00383877630716567
2002-02-01,-0.026914997271279828,0.0020768439448391185,0.03575169096384276
2002-02-04,0.016736792355523694,-0.006243516639685059,0.007366515816762509
2002-02-05,0.014827289762417206,-0.00041762372709708284,0.005489492284771497
2002-02-06,0.005707312679290699,0.016981149398771767,-0.018416726786231158
2002-02-07,0.00405680069561426,-0.008247469430017251,0.01476041558312069
2002-02-08,-0.00405680069561426,-0.015439488835945925,0.01111021354509395
2002-02-13,0.0,0.04199876190830082,-0.0038109110634824417
2002-02-14,0.02409755157906046,0.008032171697264223,0.04965559044586082
2002-02-15,0.019646997383796605,0.006975613736425218,-0.0017316021642778123
2002-02-18,-0.014106817008181172,-0.01098363513396422,-0.012205905679503748
2002-02-19,-0.005540180375615433,0.0,0.0240933744608961
2002-02-20,0.019646997383796605,0.007003530377337475,0.010392801610273283
2002-02-21,0.019268418865876824,0.017787030202729953,0.03333642026759165
2002-02-22,0.0045696956900653785,0.016513245561168344,0.0
2002-02-25,0.054706914239474935,0.0221045585377507,-0.008230499136515468
2002-02-26,0.007168489478612594,0.0138501184581451,0.01639380977567645
2002-02-27,0.0035650661644962,0.029125604877273947,0.0032467560988700406
2002-02-28,-0.01795380361659571,0.012736740483637987,0.00999847065115056
2002-03-01,0.013674196514230741,0.03158157205029899,0.023470788788251484
2002-03-04,-0.001450326577646821,0.008598505255231814,0.015552413007484667
2002-03-05,-0.027963558628646745,-0.02426462199963131,0.013793322132335917
2002-03-06,0.011131840368844403,-0.014134510934904754,-0.01843370168883801
2002-03-07,-0.011131840368844403,0.005323881252749851,-0.049255388648629994
2002-03-08,0.0007459903367215137,-0.0037237386764599756,-0.0066999188447319225
2002-03-11,-0.023388467086481346,0.014462333200836397,-0.026415689939765674
2002-03-12,0.026366875840742376,0.009411014038296306,0.042840158676492324
2002-03-13,0.02568948611531091,0.007775417142797669,0.008671966984603707
2002-03-14,0.000724375258041754,0.01180610855629799,-0.024932487856384078
2002-03-15,0.01366436219405781,0.02053944258725776,0.0
2002-03-18,0.021901263953100825,0.00482088873171832,0.003273325344969269
2002-03-19,0.016632400049142015,0.0,-0.02649161544697637
2002-03-20,0.010256500167189098,-0.0083264427765537,0.021905953955656976
2002-03-21,-0.013698844358161821,-0.01686380605200477,0.033414455606876614
2002-03-22,-0.020906684819313737,-0.0068259650703997865,-0.017455803943287218
2002-03-25,-0.021353124470568863,-0.0015860431556349308,0.0016142053545410984
2002-03-26,0.03186110206898396,0.013140793561058295,0.00963089306096132
2002-03-27,-0.020416055823111123,0.01125065956310084,0.014274627792593086
2002-03-28,0.002840911001603552,-0.00604231445596265,0.0
2002-04-01,0.034846731330168135,0.02158357166717445,-0.009652737343234019
2002-04-02,-0.026408761973297,-0.012104827712630717,-0.009425742762004474
2002-04-03,-0.00423430413878817,-0.008613317678114851,-0.012924250980935303
2002-04-04,0.025140988958101962,0.0034542348680874913,0.016129381929883613
2002-04-05,-0.010398707220898584,-0.013889112160666961,0.015873349156290184
2002-04-08,0.0069444723528110375,0.01043487729257947,-0.00031501024043772974
2002-04-09,0.017153079226249424,-0.03396121220727444,0.01594032814351859
2002-04-10,0.012170535620255274,0.002324127264091924,0.0
2002-04-11,0.02127739844728488,-0.005371543801910905,0.0
2002-04-12,-0.006600684031352166,-0.008654940431229996,0.0072604010907127425
2002-04-15,-0.02345166103504981,0.008834457530715711,0.00046164500319756385
2002-04-16,-0.01022155407153802,0.007154385730156532,0.013751171612824575
2002-04-17,0.0013689256073416978,0.01398129136940457,0.009063506153346834
2002-04-18,-0.008241804895103733,-0.008471635558434942,-0.02589634430357962
2002-04-19,-0.0027624326959100887,-0.008901607648295284,-0.010081512296583384
2002-04-22,0.0027624326959100887,-0.00394195099231659,0.02843065096478009
2002-04-23,-0.006920442844573771,0.005371543801910905,0.007547205635382914
2002-04-24,0.017212128881121336,0.005342844410495429,-0.007547205635382914
2002-04-25,-0.038265538078953665,-0.017017875990998743,-0.0229895182246988
2002-04-26,0.007067167223092308,-0.021364822497696834,-0.0032611256481314133
2002-04-29,-0.004941767910778827,0.015021348575521842,0.0032611256481314133
2002-04-30,-0.012820688429061533,-0.001455604332700644,-0.0015515906914188027
2002-05-02,-0.04696387586035433,-0.032007172145544105,0.003100777678248068
2002-05-03,-0.026567027384721775,0.018441427902722907,0.01383573185265019
2002-05-06,-0.018634079544892823,-0.020134908409055963,0.013646913841182051
2002-05-07,0.022472855852058604,-0.0018850146957713476,-0.001507159290571547
2002-05-08,0.0007659900795826124,0.029741969198737617,0.017937700686667446
2002-05-09,-0.04382547954002963,-0.018298264911413065,0.005908436686166252
2002-05-10,-0.008838948667204416,-0.011632401334775555,0.008797710703529082
2002-05-13,-0.016273752147870968,-0.025032357030324304,0.0215186294332686
2002-05-14,0.03228690456307576,0.013835731852650024,-0.00014288776190612973
2002-05-15,0.03894573186555267,-0.007662872745569149,-0.006882734368795607
2002-05-16,0.019667804924449972,0.0377403279828471,-0.007220247973487082
2002-05-17,-0.007518832414027343,0.0018501392881613565,-0.0021762794225956283
2002-05-20,-0.022129861508102422,0.01649899938003513,-0.0021810259463599935
2002-05-21,-0.010081512296583717,0.007246408520767078,0.01588481054002311
2002-05-22,-0.01808936467011263,-0.0036166404701882815,0.010829401930209037
2002-05-23,0.006329135051647505,0.019731581862594938,0.009029406719394228
2002-05-24,0.009419221916491693,-0.00355872261699397,0.0
2002-05-27,0.013964540350372423,-0.0035714323675972715,0.005602255548669777
2002-05-28,0.0030769255044792443,-0.0017905107737882786,0.012491487894029263
2002-05-29,0.025029748065835244,-0.008639362590707689,0.03256732866254475
2002-05-31,-0.01129955525393328,-0.014566899968225466,0.014447862158519675
2002-06-03,-0.015267472130788495,-0.00036690515913362365,0.0
2002-06-04,-0.01082763865206332,0.0181823190831904,0.022253504691908343
2002-06-05,-0.024401053231680514,-0.001803426999150759,-0.0025773210143006375
2002-06-06,-0.036515212975097466,-0.0218986853076375,-0.007772059847702906
2002-06-07,0.009049835519917948,-0.015057445933505609,0.0
2002-06-10,0.03144152583481902,0.007650004655643805,-0.0052151356791082515
2002-06-11,-0.025724891238436076,-0.014981553615616927,0.011696039763191446
2002-06-12,-0.02975426108179255,-0.01616773210534045,0.00900327624995867
2002-06-13,-0.001679261519719949,-0.019361689049145897,-0.027914827803858233
2002-06-14,-0.028987536873252367,-0.03623007715198859,0.0006581112445490644
2002-06-17,0.016302377345936536,0.006868713873612348,-0.006600684031352055
2002-06-18,0.008474626990972234,-0.008491761501161238,0.006600684031352055
2002-06-19,-0.03433813758089144,-0.015345569674660386,0.0026281224062696396
2002-06-20,-0.04009445720187829,-0.057279706823298304,-0.010554187678690208
2002-06-21,-0.03233538064293642,-0.08186387007817314,-0.01200814962839658
2002-06-24,0.009345862418237733,0.03744188078384093,-0.04811924834419845
2002-06-25,0.020258519713467232,0.042236196074352084,0.026408761973297112
2002-06-26,-0.006401485052040912,0.06255351073185487,-0.003985985622457222
2002-06-27,0.019082814416440524,0.019137391869028464,0.05218808744033476
2002-06-28,-0.0009004953332500398,-0.009930165700567595,0.015564516541111795
2002-07-01,0.0018034269991507312,-0.02265802389258395,0.007692345623155461
2002-07-02,-0.02739897418811446,-0.014902154252106586,-0.001405840860334684
2002-07-03,-0.013047715392475512,-0.010202001343805112,0.003956862651940063
2002-07-04,0.013047715392475512,0.002986350342292693,-0.0038289772370974084
2002-07-05,-0.01869213301215243,-0.011137403622441616,0.0038289772370974084
2002-07-08,0.009389740349838957,-0.013006903510797585,-0.012820688429061478
2002-07-10,-0.028437935320533514,-0.022730759100093423,-0.01954459607297021
2002-07-11,0.014320053774748626,0.004454350349380395,-0.011912781516242088
2002-07-12,0.06424226872835342,0.007968169649176945,0.011912781516242088
2002-07-15,-0.02338236023489912,-0.02139118998131756,0.013072081567352845
2002-07-16,0.0,0.013423020332140614,0.01559209475983614
2002-07-17,0.0453612669536744,0.0158733491562901,-0.00012786906225470407
2002-07-18,0.008658062743114536,-0.022562337307086677,-0.028404736973316136
2002-07-19,-0.013889112160667155,-0.014421160245325956,0.0024965521146514957
2002-07-22,-0.048353196716553776,-0.07198027466988943,-0.015073668985725819
2002-07-23,-0.0517762695237198,-0.02469261259037145,0.0031923410989730394
2002-07-24,-0.004842624475787968,0.048552040582165626,-0.010681009420334009
2002-07-25,-0.09998126653809032,-0.032432658702282374,0.0
2002-07-26,-0.06883960303696185,-0.042463357219485194,-0.0411016756855519
2002-07-29,0.012564414287550167,-0.011877237480595847,0.0
2002-07-30,-0.035821276451817284,0.015464225697581581,0.08058048665933926
2002-07-31,0.017493157447517074,0.045252064949987084,0.06856267143729666
2002-08-01,0.013777485440303675,0.023911294986784917,-0.055741983008235185
2002-08-02,0.03660974561256082,0.03286680808035208,-0.03210216122726017
2002-08-05,0.0021762794225955832,-0.04898648828963563,0.006294277271387538
2002-08-06,0.0183096121953362,0.0016963532481784303,-0.01183445764700286
2002-08-07,0.03461278925900631,0.0024183808642816856,-0.007968169649176793
2002-08-08,0.07734279338355904,0.0631789016215317,-0.004008021397538752
2002-08-09,-0.05794453325827516,0.020202707317519344,0.0277245480148548
2002-08-12,-0.06798225998102822,-0.04244367911056798,0.01293679103071943
2002-08-13,-0.048790164169431945,-0.05823644864615325,-0.010336009330662033
2002-08-14,0.014664673404246903,-0.007152577046494178,0.012903404835907906
2002-08-15,-0.05761962287464359,0.011077036338907666,-0.012903404835907906
2002-08-16,0.042954949470396686,-0.0024509816191402335,0.045693227658898716
2002-08-19,0.012422519998557105,-0.02107951579105402,-0.03947881097378747
2002-08-20,0.001121705109199983,-0.012610507591929611,-0.01928649825246409
2002-08-21,0.0199784669308865,0.015113637810048203,0.024692612590371588
2002-08-22,0.03243527575315387,0.027371946795850623,0.0012828738128891626
2002-08-23,-0.01608613775162445,0.004611099057200058,-0.0024388690607530794
2002-08-26,0.03818067145786726,0.033336420267591975,-0.0012860084076878886
2002-08-27,0.04476841152288369,0.026575798583613218,0.015324013311792783
2002-08-28,-0.017060122745308104,-0.0022831060145686727,-0.0016488049901837165
2002-08-29,-0.0081301260832502,-0.0034344624486348924,-0.03592581725642885
2002-08-30,0.040005334613698894,0.00913248356327255,-0.0132452267500206
2002-09-02,0.02421425812059462,0.0024968801985871397,0.0
2002-09-03,0.0,0.013286987502674832,0.0132452267500206
2002-09-04,-0.026694615261044427,0.013333530869465121,0.011772536225267305
2002-09-05,-0.04508960486317772,-0.006644542718668545,0.02084749289666199
2002-09-06,-0.007364578262208064,0.00951019000099225,0.007359505365347796
2002-09-09,0.005265941605286758,0.008111411348827313,0.011313759900273501
2002-09-10,0.0,0.02373358433209441,-0.001250781901652509
2002-09-11,0.041158072493507586,0.011237264437256589,-0.0012523483164661453
2002-09-12,-0.002018164156237068,-0.0006327111884595893,-0.009949077721120969
2002-09-13,-0.005063301956546841,0.014867827010331597,0.012452207939239623
2002-09-16,-0.041456713678346024,-0.019096163119852433,0.009950330853167988
2002-09-17,-0.018153194707542203,-0.04728705711292354,-0.01020036210837727
2002-09-18,-0.036208014511345206,-0.011617646306391699,0.03102168992196286
2002-09-19,0.001116694700075145,-0.043634935896869835,0.0059218252697214036
2002-09-20,0.026433257068155434,0.025493848826219738,-0.0059218252697214036
2002-09-23,-0.04786667767090287,-0.03279745061714732,0.04503130474874695
2002-09-24,-0.026575798583613384,-0.024899538703707105,0.03640902719142758
2002-09-25,-0.02730139893312153,-0.03452870754446602,-0.015766092338675985
2002-09-26,-0.0072464085207671475,-0.003771217543079297,0.015766092338675985
2002-09-27,-0.049699668552272674,-0.09811006560220542,-0.005602255548669888
2002-09-30,0.018928009885518904,0.024970428955542148,-0.02629783285159082
2002-10-01,0.06648974126883297,0.07238368347975735,-0.027956671872739203
2002-10-02,0.00924862083766112,-0.0017661162658039083,0.004733736650198939
2002-10-03,0.03837942815159338,0.027153243753163525,0.026792516996575033
2002-10-04,-0.012256420836976145,-0.0009835260197789226,-0.019733664156950326
2002-10-07,-0.04822978309564701,-0.040155959708124606,0.010495723172013971
2002-10-08,-0.03593200922606356,0.011457795621381266,-0.002322881416139677
2002-10-09,-0.02469261259037142,-0.007623925110659291,0.011215935348166006
2002-10-10,0.012422519998557119,-0.020879737783710543,0.010522800974880009
2002-10-11,0.0,-0.03552865727061052,-0.021738736323046015
2002-10-14,-0.05715841383994846,-0.052643733485422034,-0.011696039763191335
2002-10-15,0.009108716198240191,0.00028445456030232186,0.0034059578407017455
2002-10-16,0.010309369658861256,0.0011370097870753437,0.014087199606815481
2002-10-17,0.08004270767353643,0.08440381358254878,0.01730603044788681
2002-10-18,-0.011904902506318316,0.01811174994304622,0.011185925346419379
2002-10-21,0.011904902506318316,0.006389798098770938,0.02222313678471033
2002-10-22,0.02339287957470551,0.016424879667400284,0.010929070532190277
2002-10-23,0.05400637366308933,0.05604389714614842,0.020335307221415633
2002-10-24,0.008724155660338387,0.020870730585780525,0.007533591787376448
2002-10-25,0.02360624637815051,0.007398877683755481,0.014690715410003663
2002-10-28,-0.036721188455978764,-0.03302021102813394,0.018576385572935394
2002-10-29,-0.01663931900396457,-0.01438873745209953,-0.004098366392282005
2002-10-30,0.06705213787788716,0.04948005726336967,-0.018653390591134023
2002-10-31,0.009370188287584569,0.018223738956451588,0.004175371410480633
2002-11-01,-0.010416760858255526,-0.002486157908441297,-0.02158546560836172
2002-11-04,-0.0485839998557442,-0.03172679898579386,0.0006384337309850441
2002-11-05,-0.008695706967553868,-0.014351499114888637,-0.04715338082655507
2002-11-06,-0.008771986072837065,-0.01215892914926077,0.0469406148683057
2002-11-07,0.0,0.030938823800857114,0.005411440867486905
2002-11-08,-0.008849615276982525,0.013857034661426133,0.0
2002-11-11,0.016529301951210683,0.007767916601475425,-0.011815561378070605
2002-11-12,-0.022100347000666064,-0.018838140355722455,0.00544611309259091
2002-11-13,0.008898835142130149,0.003788780284111809,0.0011707733762421624
2002-11-14,-0.0033277900926747678,0.02658738697942506,0.043017385083690796
2002-11-18,0.01762160134981959,0.014848930741399188,0.03617965657750222
2002-11-19,0.0021810259463601045,-0.007968169649176945,-0.03093030069135838
2002-11-20,0.008676844025688898,0.0223763432583602,-0.02921854599914009
2002-11-21,0.019251931499321286,0.025379272344758425,0.044803277015838194
2002-11-22,-0.03010980147137029,-0.012940195917753805,-0.010362787035546495
2002-11-25,0.010857869972049003,-0.025487630520148574,-0.010471299867295447
2002-11-26,0.009672294642507661,-0.020128767430613537,0.005249355886143836
2002-11-27,0.0,-0.004167637428523968,0.008342071317395283
2002-11-28,-0.005361943141385153,-0.002322881416139705,0.0
2002-11-29,0.03070648873613642,0.033164846266351064,0.03770186718401136
2002-12-02,0.012435393407886823,0.007843177461025766,0.014888612493750841
2002-12-03,0.01550418653596547,0.006452353012053463,0.004914014802428923
2002-12-04,-0.014463062027555002,-0.001998002662672943,-0.004914014802428923
2002-12-05,-0.01678948147654942,-0.011173300598125338,0.014573097655868117
2002-12-06,0.007380107297622283,-0.00022474435424403583,0.01168023318155631
2002-12-09,-0.05063009109143887,-0.015630627435549993,0.0010551053686130851
2002-12-10,-0.0011055833077498675,-0.009174376276041354,0.03012361287983789
2002-12-11,0.056974031060777836,0.018265347977293428,0.013857034661426182
2002-12-12,-0.006289328907564,0.022372297754533074,-0.0018365478073014696
2002-12-13,0.0,-0.002214840329552853,-0.027960814997643246
2002-12-16,0.016684432907904136,-0.0011092624542859697,-0.02294555734987025
2002-12-17,0.015392812901171563,0.0013309673659577803,-0.0038759738446929592
2002-12-18,0.029103910666005414,0.00022165576949881305,-0.019608471388376403
2002-12-19,0.05671870843548056,0.04506828540170643,-0.008950830520084496
2002-12-20,0.024920532819278446,0.03128513749703432,-0.0060120421566277615
2002-12-23,-0.024920532819278446,0.0012312745245265933,0.006111937266845113
2002-12-26,-0.00938974034983911,-0.016960075606832464,0.01870323185287881
2002-12-27,0.014051753455650351,-0.02727730171288542,0.0
2002-12-30,0.02752467339009021,-0.005373468061143305,0.008784829555732787
2003-01-02,-0.008376037802182962,0.014973541790162609,-0.008784829555732787
2003-01-03,-0.0009272137891920829,-0.004255325570138607,-0.03329321747867897
2003-01-06,0.031052723341585292,0.043802622658392965,-0.006712117135020179
2003-01-07,-0.002701487460160662,-0.018330242399264146,-0.027832741721037446
2003-01-08,0.0,0.001868965345192375,-0.0032578453489936487
2003-01-09,-0.0036133733985137806,0.03965949335138974,0.006295928456814703
2003-01-10,0.031182927436687907,0.04598511324182339,-0.027573326904099638
2003-01-13,-0.020363696147031096,-0.0030516903332220013,-0.008639362590707744
2003-01-14,0.0,0.004764182427118346,0.004436996619629485
2003-01-15,-0.019874186207083533,-0.005719748672787017,0.004309887072198038
2003-01-16,0.010889399799268257,0.007619084476439497,-0.008638429703325845
2003-01-17,-0.011802225056627924,-0.040663879253896806,0.003140059967329578
2003-01-20,-0.023095714794649475,-0.005946499187726384,-0.002164503009572827
2003-01-21,0.0009341429917971156,-0.008986580697846108,0.022496931642648543
2003-01-22,-0.06161717772918654,-0.053565842468095703,0.006546322607320132
2003-01-23,-0.0029835924668880354,0.0035914266975077547,-0.02850168911352635
2003-01-24,-0.010010093595100397,-0.04994012921695487,0.01770907562475499
2003-01-27,-0.011128086509407442,0.0030987187256304727,-0.006403437035206849
2003-01-28,-0.009197816504631369,-0.013348362823426996,0.0016047074853016152
2003-01-29,0.018311803642337747,0.05129329438755062,0.0014954072429982368
2003-01-30,-0.024491020008295922,0.008052597020580837,0.0075496131883582285
2003-01-31,0.021462244346135403,0.0027400164681903594,0.025105921131076125
2003-02-03,0.0210112782125927,0.011926075028122152,0.005768454396740563
2003-02-04,0.008968669982760427,-0.024848614774718475,0.01952869221707998
2003-02-05,-0.012980711472721299,-0.0010666667678022879,0.025065963220070486
2003-02-06,-0.005037794029957063,-0.03033818806094346,0.011718884113213535
2003-02-07,-0.018349138668196395,-0.00995033085316796,-0.009658140535208193
2003-02-10,-0.0072277031214532175,0.043485111939738835,0.001762977929690046
2003-02-11,0.009283202303549204,-0.012848142477849128,0.027221758093784465
2003-02-12,0.006141268022082591,0.009651549452221714,-0.0172898361400603
2003-02-13,0.0010198879007454614,-0.013971210596737976,-0.02412354675104944
2003-02-14,0.014170277593229419,-0.007168489478612761,-0.01954459607297032
2003-02-17,-0.011116840106339343,0.007168489478612761,0.02202291208743734
2003-02-18,0.03984590854719991,-0.006079046076382211,-0.001982161203991195
2003-02-19,-0.04391923393483545,-0.010287931387823274,-0.01801850550267825
2003-02-20,-0.015424470325631795,-0.021123631451293298,-0.003237558473433877
2003-02-21,0.015424470325631795,0.013393057336438266,0.03309052162311499
2003-02-24,-0.008196767204178577,-0.03382509615364414,0.0
2003-02-25,0.008196767204178577,-0.022968182843168067,0.009659082853439194
2003-02-26,-0.007168489478612608,-0.022787598898968878,0.01168023318155631
2003-02-27,0.020346581859167337,0.005984458315240401,-0.03119161247800717
2003-02-28,0.025846369177552328,0.01867887384177848,0.02927038230011325
2003-03-05,0.019436957876502597,-0.02562417777502076,0.0
2003-03-06,0.04047611338462262,0.03262700751334031,-0.02039895891269361
2003-03-07,-0.017683103856066085,0.025492251944610286,-0.02373379860160829
2003-03-10,-0.018957913744614197,-0.02061928720273566,-0.002716982803470658
2003-03-11,-0.016401718383800917,0.0408219945202551,-0.0024213086890101376
2003-03-12,0.035359632128415114,0.02847947132186851,-0.005774214493470042
2003-03-13,0.024119907689545195,-0.00976676238971444,-0.01463465713773715
2003-03-14,0.012750628118782553,0.005437751300129023,-0.008281620831721903
2003-03-17,-0.01550418653596522,-0.004347832936103413,-0.0010400416954140512
2003-03-18,0.027200226299156416,0.03636764417087482,-0.004171017517338282
2003-03-19,-0.002686969820825308,0.0041928782600358094,-0.014631069903115135
2003-03-20,0.018658915386877306,0.018653390591133995,0.01984212911586747
2003-03-21,0.02004424405865532,-0.010320009031989402,-0.02526450165948191
2003-03-24,-0.018285228653475455,-0.026701891250228427,-0.01287571436004531
2003-03-25,0.012227226569560129,0.019413988092637002,0.004310351501122245
2003-03-26,0.029929553353831434,-0.011560822401076087,-0.009724549891994672
2003-03-27,-0.0050675784123054846,0.002111933203143568,0.0161554402222851
2003-03-28,-0.012782449286924652,0.0,-0.011821738965166917
2003-03-31,-0.0008580009106368136,-0.002152853361100965,-0.016349138001529373
2003-04-01,-0.011221524743964484,0.025533302005164765,0.006571765163234433
2003-04-02,-0.006843482653674543,0.014391738648076136,-0.010977058631150949
2003-04-03,-0.012959144642505138,0.012552896595375812,-0.02345166103504981
2003-04-04,0.03419136474827936,0.0028588951471296697,-0.012621692374430782
2003-04-07,0.04115807249350731,-0.025401468989943943,-0.002750087673422885
2003-04-08,-0.028631812674327073,-0.042950731517872764,0.021005597766109774
2003-04-09,-0.019271647958711807,0.006528858882463656,0.011173300598125269
2003-04-10,-0.03617965657750233,0.0021668480850902394,0.02187020515880067
2003-04-11,0.0008768084735343851,0.003241493924171057,-0.03304350575692594
2003-04-14,-0.0008768084735343851,-0.0021598280534300685,-0.003376480416606098
2003-04-15,0.04711792297706968,0.00968270071641758,-0.007923074837327237
2003-04-16,-0.02972618026520077,-0.00644470544264214,-0.011428695823622714
2003-04-17,0.02972618026520077,0.02343025180838587,0.00046854867906520603
2003-04-22,0.00999175673192057,0.014629310015959185,-0.009294731307337378
2003-04-23,0.010712916629770697,0.00949831629882189,-0.013087634755367672
2003-04-24,-0.00328407520118984,-0.014698536025929243,-0.03163280779236366
2003-04-25,-0.02161347642053721,-0.011536572628416453,0.006161448944048575
2003-04-28,0.03061885860533617,0.009657853779196396,0.0
2003-04-29,-0.00654131522963991,0.021497314000599066,-0.004802669166094731
2003-04-30,-0.02407754337569626,0.02004318539211969,0.0120246847656863
2003-05-02,0.012526259819180235,0.01610532872419146,-0.0023200449993848737
2003-05-05,0.020450610471290764,0.017595761890379702,0.044239132334013
2003-05-06,-0.0371176629565024,-0.0038835000263978126,0.009313222146667743
2003-05-07,0.0100335289895776,0.013526776298201926,-0.02261770991184675
2003-05-08,-0.015933251116765995,-0.01898913869004193,-0.02144436771959124
2003-05-09,0.0025327155792839173,0.026446865194929114,-0.0008480223416922339
2003-05-12,0.011735256218420975,0.019058978637752466,0.02737604468160537
2003-05-13,-0.008368249670516498,0.015762959665257537,-0.003544008434729129
2003-05-14,0.019143322838474947,-0.00812862410364118,-0.018995852235000887
2003-05-15,-0.035238545346332556,0.010884712205621205,0.02076942645101698
2003-05-16,-0.006855211079052903,-0.004597709248629622,-0.0017735742160160939
2003-05-19,-0.01385303538929386,-0.032789822822990755,0.01759576189037959
2003-05-20,-0.019366802490850377,0.011363758650315081,0.024238737625130624
2003-05-21,0.03750984874965185,0.006569709223161135,-0.001817562695071162
2003-05-22,-0.01119254043227827,0.006526829696684389,-0.017433633419020267
2003-05-23,-0.017467693040390975,-0.014981553615616927,0.006458331754902402
2003-05-26,-0.007073415875726741,-0.018087118491143972,0.006987828422896247
2003-05-27,0.03915245609718171,0.023543901247713106,0.015967725028494528
2003-05-28,0.006802747322752684,0.005986921530755418,0.003140776558285041
2003-05-29,0.002539146518676094,-0.01674072764519452,-0.014552685050918668
2003-05-30,-0.0016920477810243861,0.0013268886412730052,-0.01131375990027339
2003-06-02,-0.001694915659991636,-0.006461443993218574,0.005615738785635704
2003-06-03,0.011031083432273603,-0.0009537435153098017,-0.0022883305180122493
2003-06-04,0.01839516752829995,0.030077455237277895,-0.0011461319306226292
2003-06-05,-0.020930023131487924,-0.0018535686493229564,-0.00034409589144923647
2003-06-06,0.005904698724738283,0.007393749024938279,0.019539415230098944
2003-06-09,-0.006751080493419437,-0.008321823337491985,-0.019768878287553693
2003-06-10,-0.005093389619103161,-0.02158694805508099,-0.006330956397640475
2003-06-11,-0.009405798286876044,0.01600034134644107,-0.006836247005001295
2003-06-12,0.005141399500418503,0.014828816673460699,-0.01416802576553089
2003-06-13,-0.017241806434505985,-0.004240810264631301,-0.0154489109410475
2003-06-16,0.0,0.0023991891179817038,0.020154801978460313
2003-06-17,-0.0026121042279249607,0.0009212345193208016,0.025493848826219745
2003-06-18,-0.01759060308959448,-0.01465567461667655,0.004452316276627677
2003-06-20,-0.012500162764231382,-0.046084055113554345,-0.014918798619697027
2003-06-23,-0.00540541856690796,-0.029592070896701184,-0.005681504064912746
2003-06-24,0.00540541856690796,0.019166088778934,0.0
2003-06-25,-0.01904819497069457,-0.008938385064024057,0.005797117684325892
2003-06-26,0.004568303970379939,0.0005983843800769773,-0.0023148158484515013
2003-06-27,-0.01654449501709576,0.01169603976319128,-0.01282816425411204
2003-06-30,-0.008376037802182712,0.0031483693853412986,-0.014184634991956546
2003-07-01,0.03878602503515646,0.009580677447661112,0.017699577099400843
2003-07-02,0.007226770386127568,0.006207585403991911,-0.004689340363385974
2003-07-03,-0.013593322131669194,0.001545894027669914,0.018742181809740632
2003-07-04,0.009082714574319306,0.022906136068870653,0.013630587302062458
2003-07-07,-0.009995539831679029,0.024421010435218993,0.021385170617022276
2003-07-08,0.017202778236628302,0.009165967014080179,0.009972381812937248
2003-07-10,-0.0063034877785926036,0.005459522204899037,0.01932691046845625
2003-07-11,-0.006343473922174964,-0.014073155595437148,-0.012952562035727144
2003-07-14,0.02247285585205866,0.013165302605257223,-0.014122035223555152
2003-07-15,-0.004454350349380298,0.020674893730956434,0.008849615276982581
2003-07-16,-0.0017873105740958961,-0.004815848066148876,-0.0055218251843078825
2003-07-17,0.006241660923476194,0.004815848066148876,0.011013327177982979
2003-07-18,0.014122035223555068,0.018510885534703647,0.005352571630076963
2003-07-21,-0.02305066596785646,0.000698445986137386,-0.00864385271414958
2003-07-22,0.01247788025544283,0.005396479281359168,-0.0009895003830833193
2003-07-23,0.027949417548229355,-0.004872964741874541,0.004828276690248989
2003-07-24,0.016232735761819272,-0.016180444455957788,0.03612130841399419
2003-07-25,0.0008470987376517636,-0.0071174677688640164,0.026979397953949324
2003-07-28,0.011784648168248535,0.00888894741724594,0.010225037961161587
2003-07-29,0.0,0.005295687574710384,0.00699480777859518
2003-07-30,-0.02285330097743854,-0.008664186460578316,0.020101681909543312
2003-07-31,0.030356462480593815,0.003368498885867932,0.018637125998744564
2003-08-01,-0.026937655731808147,-0.04896717098465647,0.00870832789178444
2003-08-04,-0.0367174112613578,-0.0027919980910313114,0.0038461585874781656
2003-08-05,0.0017793599000772709,0.019382240351228208,-0.03515987165362766
2003-08-06,-0.010723963362975514,-0.0036630077587371246,-0.0009945301665084116
2003-08-07,0.04308358613631147,0.031605339415331,-0.019695170383313254
2003-08-08,0.027166356540690995,0.02631730831737339,0.01919753414512626
2003-08-11,-0.016892293564505584,0.004664429291355132,0.022736080980739426
2003-08-12,-0.0034129725962401825,0.003956313752551954,0.025461336025414893
2003-08-13,0.0,-0.0008587377084177672,-9.487215983572383e-05
2003-08-14,0.011894787652149325,0.022090957814191903,0.040806814139379144
2003-08-15,0.009247648921659968,-0.020202707317519497,0.009157324066542238
2003-08-18,0.004175371410480799,0.011085642647016503,0.010772096981911172
2003-08-19,-0.005012541823544325,-0.0228159824325061,0.01074562979492344
2003-08-20,0.018257768573565036,0.0003469812664930183,0.02864677191573728
2003-08-21,0.02677644759946518,0.006914461428832508,-0.021692824611259764
2003-08-22,0.006384698464669714,-0.002587323564951005,-0.02937460867990427
2003-08-25,-0.01361654999116485,-0.013563066547620628,-0.010899290458035726
2003-08-26,0.027834798993443988,0.010276150691546138,-0.009266546422196265
2003-08-27,0.030890487019338497,0.02633531129236555,0.0037720271045555975
2003-08-28,-0.023856460361958376,0.0,0.03496504880438245
2003-08-29,-0.017282441148748107,0.025824008956880695,0.0045228480537267135
2003-09-01,0.021944454254559265,-0.011579947430959359,0.019661044399156946
2003-09-02,-0.0038654860655775725,-0.001665279319061297,-0.008888947417245996
2003-09-03,-0.000774893490924744,0.025505290408361914,0.004454350349380354
2003-09-04,0.0,0.03417771175281181,0.004434597067865642
2003-09-05,0.0,0.01758663333012689,0.008810629682154847
2003-09-08,0.0,-0.0018529962065463312,0.017477945892820035
2003-09-09,-0.03550668845690991,-0.025991755957231244,-0.010484910401849401
2003-09-10,0.023810648693718628,0.016674918377000636,-0.014035318116383255
2003-09-11,0.01479201746831943,0.004669269183683822,0.007042282625412621
2003-09-12,-0.01087811814718298,-0.001554001866734489,0.008733679968754737
2003-09-15,-0.02371652661731599,-0.022013467537178866,-0.029025900780493163
2003-09-16,-0.00722604509173963,0.005548963901234827,0.029025900780493163
2003-09-17,0.005624763724765558,-0.00396040121609692,0.00442497793733887
2003-09-18,-0.005624763724765558,0.0015860431556348753,0.025555854274596834
2003-09-19,-0.014610649517434904,-0.00476569607301458,0.004210532536343514
2003-09-22,-0.00656277991252352,-0.017833230252605803,0.003941800717603305
2003-09-23,-0.0032976122215566672,-0.015354761000889339,-0.01654185748328274
2003-09-24,-0.020017348943424385,0.009175879553938782,-8.510276163620212e-05
2003-09-25,-0.00591467714995722,-0.01744038940383219,-0.019594989279976716
2003-09-26,-0.010221554071538352,0.001658375172776061,-0.010381772634969755
2003-09-29,0.005975263190087121,0.010712916629770697,0.03422305279639759
2003-09-30,-0.02150620522096361,-0.005754228783252102,-0.008425223234798107
2003-10-01,0.05250994527196379,0.030046921352296807,0.04299039647288283
2003-10-02,0.0,0.03397621555493113,0.03736124429937604
2003-10-03,0.008196767204178557,0.017477066033984356,0.021069839136466983
2003-10-06,-0.01314727236403479,0.006060624611691212,0.015325970478226925
2003-10-07,0.009057287112509471,-0.003025720916536967,-7.604851899190024e-05
2003-10-08,0.009788006366162949,0.009049835519917782,-0.026900539179210314
2003-10-09,-0.01142869582362277,0.004494389587839431,0.0
2003-10-10,-0.010730602345086993,-0.00584665483785296,-0.01519295567643919
2003-10-13,0.009087216601357029,0.026411030676668168,0.06100249170773342
2003-10-14,0.0032840752011897845,-0.018324733245310476,-0.003738322110607095
2003-10-15,-0.016529301951210496,-0.017300168219225975,-0.011299555253933447
2003-10-16,0.016529301951210496,-0.005172687632832629,0.007680938176813257
2003-10-17,-0.010712916629770586,-0.014751343087072932,0.0007572889419087403
2003-10-20,0.03420528902804604,0.001392219267338013,-0.008361888327128142
2003-10-21,-0.001602564445541188,0.0006181425015248099,-0.006048791460514513
2003-10-22,-0.024351852692509224,-0.016040209979301112,-0.02496144528204569
2003-10-23,-0.03257072877599529,-0.015823114939242655,-0.014674068580807997
2003-10-24,0.03421276526973957,0.013465549996587889,-0.00915081036310239
2003-10-27,-0.01487630740128798,0.00549236374802603,0.002335791001984555
2003-10-28,0.007465816510803247,0.014757549378963786,0.009926434372720339
2003-10-29,-0.02003405903311603,-0.00851727951887915,0.01557036000606482
2003-10-30,0.010901575469843522,-0.012362257428690238,0.032483664612712904
2003-10-31,0.00995858852557796,-0.008062647423350722,-0.01314400705258123
2003-11-03,0.007404394174209961,0.029712897318511677,0.007739205709996977
2003-11-04,-0.02316067132156152,-0.004014209497204435,0.009042271252006628
2003-11-05,0.0033416906619032627,-0.023320565416339756,-0.01909183609518772
2003-11-06,-0.0025052205169371344,0.03194662013610716,-0.026564061965952845
2003-11-07,0.01904819497069432,0.0015325673497780246,-0.010346292054144168
2003-11-10,-0.009064750986511216,-0.010468075886033046,-0.028399474521697998
2003-11-11,-0.006644542718668545,0.012762531959556567,0.007380107297622729
2003-11-12,0.032789822822990866,0.01891846056566926,0.02101936722407527
2003-11-13,-0.0146225188675419,0.008360753390545539,0.021839766604455857
2003-11-14,0.017843133567584046,0.021183492916179936,0.0018767600128601902
2003-11-17,-0.026060106669865024,-0.019846296371930694,-0.025558221496687183
2003-11-18,-0.0016515280384729603,0.015469921772131912,0.0006409743028521486
2003-11-19,0.0016515280384729603,0.00510391191817583,-0.011519843832861199
2003-11-20,0.04595730108512808,0.0015987213636970976,0.004688392712115963
2003-11-21,0.03864468500292689,-0.0030543256963976306,-0.00566115543473833
2003-11-24,0.01952013931862484,0.0,0.0008107013009888142
2003-11-25,-0.007462721201589695,0.01259334874315643,0.036599152448329786
2003-11-26,0.018553407895747775,-0.01801850550267836,-0.014083077649078124
2003-11-27,0.02898753687325245,0.009800304598292064,-0.005641427698700463
2003-11-28,0.019102101873486377,0.0034449221517284245,0.02750664578983364
2003-12-01,0.0007005254226932767,0.018077244379020474,0.03840046032029609
2003-12-02,-0.007722046093910306,0.008043919058513538,-0.0002984406498314218
2003-12-03,0.025740551596588668,-0.0095134270378735,0.0032779586827367257
2003-12-04,-0.01731944920018036,0.004109192750133217,0.030471851510388115
2003-12-05,0.02006293514593116,0.00467563680559957,0.026273270870545096
2003-12-08,0.004261370084967908,0.0021842018148412468,0.031133611084608326
2003-12-09,0.0,0.03712060737616474,0.06148977078816009
2003-12-10,-0.0007089684806000363,-0.002807019386983911,-0.0169254686432585
2003-12-11,0.0007089684806000363,0.026216911750851613,-0.01562736989964786
2003-12-12,-0.01212136053234486,-0.010736510567218915,0.04458698460129784
2003-12-15,-0.015179185552498031,-0.008058957052819116,0.00944888919793252
2003-12-16,-0.003648307585475352,0.009441891860419216,0.001879111107275122
2003-12-17,0.025975486403260584,0.02376187177494682,0.002500001302084387
2003-12-18,0.02392795369523576,0.01818718223412319,-0.0030633639660406775
2003-12-19,0.009688657103749332,0.0031754459072388386,0.01571704973460042
2003-12-22,0.01707108714663841,0.023370735332455483,0.051416560951651036
2003-12-23,0.013450101888248578,-0.02073221137427439,-0.02309845068668026
2003-12-26,0.01853130462188357,-0.012995806825696454,0.017226443209457765
2003-12-29,-0.0013123361463500682,0.02008524179618454,0.004114022846324339
2003-12-30,-0.0019717390548397162,-0.000523423199597417,-0.005882369903066564
2004-01-02,0.0032840752011897845,0.0359936026479053,0.02907181482197707
2004-01-05,0.03035428394763995,0.0569339217523519,0.031032109247728368
2004-01-06,-0.007662872745569316,0.05069674244001354,-0.0011117288526902858
2004-01-07,-0.017459221371768474,-0.010600201837525747,-0.050181565534860084
2004-01-08,0.0,-0.0059763423482512845,0.019687954972219313
2004-01-09,0.0045558165358607905,-0.011011412333052029,-0.0023536851762542277
2004-01-12,-0.0006495615687956979,0.0011648224962931275,-0.02319938924836329
2004-01-13,0.007122076074413175,0.010422792676094694,0.011696039763191335
2004-01-14,-0.013641003984230071,-0.0307680584428196,-0.011696039763191335
2004-01-15,-0.009858771931668286,-0.02004026988284946,-0.026827242233144144
2004-01-16,0.000660283946075424,0.01801850550267814,0.0018110478840771549
2004-01-19,-0.009950330853168099,0.025389234004819627,0.0012055456553483612
2004-01-20,0.003992021269537571,0.01999377184299822,0.017970096413593595
2004-01-21,-0.029651768050115157,-0.018254338459565145,-0.014962575349638074
2004-01-22,0.01291217395807498,-0.017296212411922807,-0.015128881596300214
2004-01-23,0.012747572822502606,0.0032952836692262677,-0.015051735553690992
2004-01-26,0.043697855265719454,0.019662084177434758,-0.006520749700436701
2004-01-27,0.0006379585543323518,-0.0057770235769221134,0.03278982282299081
2004-01-28,-0.0278065118688412,-0.0034823018358746127,0.006910047023693577
2004-01-29,-0.027927346903579897,-0.05989814158106899,-0.0459498901918558
2004-01-30,-0.030118635250564296,-0.034029273752615774,-0.02218791497536232
2004-02-02,0.028093659870793097,0.0014040464365392413,0.014635959637429696
2004-02-03,-0.033878578749274024,0.020202707317519497,0.059531534554344345
2004-02-04,-0.030082716166200063,-0.02160675375405874,0.02521364209257304
2004-02-05,-0.03468555798789014,-0.006278449735477198,-0.03658692403089825
2004-02-06,0.02540971552536825,0.04793289879331386,-0.015470324006544134
2004-02-09,0.014235115821872146,-0.0014713097308426404,0.02743863154852577
2004-02-10,0.0063402818945830774,0.029022593226343707,0.024328382848800567
2004-02-11,0.055323085211055,0.0383493333370859,0.014695553327667144
2004-02-12,-0.010016778243471303,-0.0003441748442165604,0.01250726935239399
2004-02-13,0.0020113985996855765,-0.015728322381156068,-0.0257524961024147
2004-02-16,-0.016886588364729394,-0.01716477599832389,-0.02941388520629329
2004-02-17,0.02156417791584042,0.011436780911083244,0.04608572867296146
2004-02-18,-0.009377161812596901,-0.007058852839624596,-0.019574603124629553
2004-02-19,-0.0703878066562656,-0.04664370912258853,-0.03484425731046725
2004-02-20,0.036857467457585946,0.0007419315290257966,0.01547177004893685
2004-02-25,0.013135342677606465,0.017157283618578045,-0.004158010148663793
2004-02-26,-0.018718050826763977,-0.014441567840150937,-0.004773278752657539
2004-02-27,0.021461536772514722,0.01078970742138008,0.0077450491418151746
2004-03-01,0.02702867238791934,0.03828218657101701,0.0372786322321399
2004-03-02,0.008804662365150095,-0.0021149109046261216,-0.010922787526777444
2004-03-03,0.022008224064385074,0.01146077332286366,-0.021619305358689278
2004-03-04,-0.01729916726281222,-0.012284448135566728,0.004126147911172051
2004-03-05,0.013333530869465093,0.008556578021552519,-0.020803127629763107
2004-03-08,0.0,0.007210171949888822,-0.021183760802300222
2004-03-09,-0.02684725003618793,0.0011580777206278148,-0.01863773338437147
2004-03-10,-0.04167269640056809,-0.0437680737803644,-0.06453852113757108
2004-03-11,-0.01716780362236542,-0.01707358547588078,-0.016807118316381375
2004-03-12,0.03752652713751936,0.026341269308880366,0.03143297051170113
2004-03-15,-0.013291556292061468,-0.03251032033559553,-0.017296080751198817
2004-03-16,-0.00564973254211909,0.005061426767269728,-0.0037503392470439323
2004-03-17,0.016157710140534187,0.017576431972713746,0.048841283686875014
2004-03-18,0.004172467805800717,0.03856900472317648,-0.0019187725746223627
2004-03-19,-0.00836241806965482,-0.02487016036501466,-0.0012812301560485295
2004-03-22,-0.013060885803829636,-0.011885607233981133,-0.029204377877792842
2004-03-23,-0.009382963101063124,-0.01215081778251259,-0.0033717925568197415
2004-03-24,-0.02110586918553159,-0.0023254401275497605,-0.017368506081644197
2004-03-25,-0.0038587165718307337,0.005986212977231009,-0.022488170843137922
2004-03-26,0.006299817018416309,0.007160659275692649,0.05366814277349574
2004-03-29,0.03027226721970644,-0.0004838514670419958,0.01940552485774827
2004-03-30,0.016281330818010642,0.022352728516938924,0.015257765795948952
2004-03-31,-0.019943680967335342,0.02678837441728099,0.006352022867021523
2004-04-01,0.024868066578013437,-0.003045568712298219,0.0028171677942609996
2004-04-02,0.0017286089006176564,0.014673606707417242,0.03059735748144332
2004-04-05,-0.004570012108261856,-0.012915416018318693,-0.01484313969026907
2004-04-06,-0.007593474084935492,0.004790008574401594,0.007357482607297294
2004-04-07,-0.021202207650603044,-0.004672905699392271,-0.029068391052783804
2004-04-08,0.002853068982406559,0.018447068724925075,0.0
2004-04-12,0.0007119971820896964,0.01720938249443449,-0.005676100002251605
2004-04-13,0.0,-0.011478050895710523,-0.02627345795167968
2004-04-14,-0.0035650661644962556,-0.017642429343863508,-0.019737698555449823
2004-04-15,-0.02166149678117929,-0.011230815283993167,0.013736296532424808
2004-04-16,-0.007399572207257288,-0.004126147911172162,0.006600684031352166
2004-04-19,-0.005086818444125174,-0.008899495105983868,0.0032840752011897845
2004-04-20,-0.002219756738313039,-0.03271036630552826,-0.03265868388109405
2004-04-22,-0.010649093449415503,-0.003701423103186108,-0.03727139479723185
2004-04-23,0.01618927382503088,0.010818890872050124,0.007705817464985998
2004-04-26,-0.012975158863133496,-0.019509200064027454,-0.01618044445595812
2004-04-27,-0.00022390566201679896,0.012391732295163438,0.007067167223092641
2004-04-28,-0.0494995296904136,-0.026961193728019972,-0.06540274423605608
2004-04-29,-0.056383627559180416,-0.05246593990330195,7.517949107027633e-05
2004-04-30,-0.010929982408051042,-0.004008021397538752,-0.02058326569946045
2004-05-03,0.006688988150796493,0.009327182875138895,0.005281096044337019
2004-05-04,0.026189424011312856,0.035182781831729626,0.03598589192344415
2004-05-05,0.0022734663900764174,0.017766964814646125,0.008797710703529082
2004-05-06,-0.029631797606371246,-0.06885810967824402,-0.03324734839642951
2004-05-07,-0.022814677766171187,-0.0358038380154424,-0.019122206857618007
2004-05-10,-0.06169356900534001,-0.038438895946986795,-7.692011849491642e-05
2004-05-11,0.04879016416943205,0.07558935414976486,0.04003399181997036
2004-05-12,0.016997576368571132,-0.0026950562061103245,-0.00600424323365889
2004-05-13,0.03364615645018382,0.014600754992526666,0.0612804312180133
2004-05-14,-0.01525987481871749,-0.026955809988528312,-0.025497131933483574
2004-05-17,-0.018216054377672153,-0.0354573118367294,-0.01736657249829876
2004-05-18,0.014364421047035947,0.007754709287393524,0.06431039292852891
2004-05-19,0.03705652476719279,0.0009826630958492677,0.026343975339601977
2004-05-20,-0.005674924026024819,-0.030920750740155212,-6.666888898765322e-05
2004-05-21,0.01212136053234486,-0.027732684791749618,0.007373244071425811
2004-05-24,0.02381064869371846,0.060475823363664305,0.01575869774855798
2004-05-25,0.01440554403355726,-0.012685159527315859,-0.0065359709797856436
2004-05-26,0.010382711998138117,-0.002272082772386441,0.03543043697950066
2004-05-27,0.01894713747611254,0.02596090510523319,0.018809331957496234
2004-05-28,-0.012844906488469476,-0.01662165510975433,-0.025158559636154987
2004-05-31,-0.0038095284166677623,0.010926008678145971,0.000700391611198059
2004-06-01,0.018904154639152793,0.02775284588696547,-0.000700391611198059
2004-06-02,0.001942183325078839,-0.0013559324111358517,-0.019942764503474653
2004-06-03,-0.01655417788250446,-0.013661414655817272,-0.02900664801409225
2004-06-04,0.010941440977546901,0.001237198590692934,0.026469318654368967
2004-06-07,0.022631275656533167,0.022683485314404228,0.04459053444001615
2004-06-08,0.0069457416871530064,-0.015701459551965002,-0.01064772680257109
2004-06-09,-0.021727976860447973,-0.012354309500935079,-0.047122894173131424
2004-06-11,-0.009351106105493723,0.0,0.0039525743158232984
2004-06-14,-0.020501857044187666,0.002758622439079539,-0.027325925501131998
2004-06-15,0.04243174535654132,0.02784560215444909,-0.03850205253277883
2004-06-16,-0.0036832454162963324,0.0040107005634072435,-0.031094282855172795
2004-06-17,-0.011878387622628772,0.004526099313424514,0.025460861858803918
2004-06-18,-0.0022429915945816337,-0.005193433338857134,0.006966707745228007
2004-06-21,0.01765755499576821,-0.012764701366365205,-0.021907224700178807
2004-06-22,-0.013922025810680583,0.011294997046767508,0.010623607098151577
2004-06-23,0.017005955121728922,0.038171071170025384,0.03141619623337899
2004-06-24,-0.002201835751941439,-0.0012878301844286844,0.02377021933391199
2004-06-25,0.018923417663365416,-0.019519162321532946,0.021249139482126145
2004-06-28,0.009329095288518552,-0.014560151331329707,-0.051915937875098406
2004-06-29,0.022599831917240798,0.008629326698054607,0.0
2004-06-30,-0.011942537443252743,0.021705873098018413,0.0068965790590602705
2004-07-01,0.03956406079613933,-0.005317436820784893,-0.01817096948335828
2004-07-02,0.004393197620420675,-0.0013012363579720798,-0.001611039468679909
2004-07-05,-0.002743485945751023,-0.005745641296079573,-0.000631113937009653
2004-07-06,-0.018018505502678195,-0.012121360532344805,-0.010932153873360662
2004-07-07,-0.00561011289076685,-0.015226686601488626,0.04838146391497644
2004-07-08,-0.013451530260725042,-0.002695419421672285,-0.01696746099192792
2004-07-12,0.039892125405057155,0.00806455983673049,0.0033618089361491243
2004-07-13,-0.005563010122776935,-0.0053691404150582045,0.014348619230544868
2004-07-14,-0.015267472130788329,-0.0020208831397722227,0.012680053157374527
2004-07-15,0.00411738604637818,0.032507008162604434,0.04643819410578476
2004-07-16,0.036312923383677864,0.022971716024939748,0.011830714018191024
2004-07-19,-0.003363608956683195,-0.012711219489117687,-0.00630916919326463
2004-07-20,-0.008798703125888263,-0.007652933128741268,0.018809331957496234
2004-07-21,-0.030298028495092,-0.00587660848898508,-0.018809331957496234
2004-07-22,-0.01845814576933852,-0.01770659368309635,-0.022400936689166873
2004-07-23,0.0028510354308390884,-0.002803553001113457,-0.014341836436683852
2004-07-26,-0.016433221157864997,-0.010752791776261872,-0.008572423086191883
2004-07-27,0.03414029026890847,0.022713067239233387,0.026145280104322266
2004-07-28,0.0041170987292799,0.018325120125880723,0.03174869831458049
2004-07-29,-0.011134178957202201,0.017103226655291293,0.014272659286718614
2004-07-30,-0.012114490548506218,-0.004216450378934922,0.009810011229238302
2004-08-02,0.0003563156994761396,-0.0020507569350769472,0.00128044894175261
2004-08-03,-0.013566791448771265,-0.0030840425369614843,-0.00862892046654462
2004-08-04,-0.007939413772192372,0.011516442061559107,-0.015922028890606565
2004-08-05,-0.04067103973092784,-0.018749746655079114,-0.025489157812998986
2004-08-06,0.014163375132695832,0.013647694771183772,0.010958315571502508
2004-08-09,-0.017944097972601936,-0.001279590705625333,-0.005145645505458818
2004-08-10,0.029117398570727204,0.019024036004697154,0.02011353704682861
2004-08-11,-0.01035512211520423,0.0018826488146166387,-0.003125979413292068
2004-08-12,0.017540430542044183,0.007993048674915681,0.020453145585795696
2004-08-13,0.007351636269711748,-0.01113276867958335,0.004834918687525835
2004-08-16,-0.0015967487787980073,0.005644417619677156,0.006026131393155776
2004-08-17,0.025813435848721256,-0.0006255865077342548,0.019352728515815043
2004-08-18,0.02606078949700147,0.010582109330536715,0.018342645140620117
2004-08-19,0.030495758540848572,0.015361285161487381,0.03681397312271617
2004-08-20,0.009984108494955346,0.03180586131489116,-0.01386504013717138
2004-08-23,-0.020001335692263367,-0.008661144491102779,-0.03372102996745596
2004-08-24,-0.002367665574183331,-0.003222536655208552,-0.016378892084039753
2004-08-25,0.009772613580761091,0.007147141799638046,0.0207016653860439
2004-08-26,-0.018206316565302028,-0.019536787263852662,-0.006853047559971737
2004-08-27,0.001978779943545228,0.001330511233473164,0.014729923231064257
2004-08-30,-0.004098366392282227,-0.008863045937838376,-0.004826177925992603
2004-08-31,-0.023546794273863025,0.0,0.003398625934807109
2004-09-01,-0.011984634104622471,0.000975134158206159,-0.008968669982760469
2004-09-02,0.012001555984763157,0.014754167750337666,0.015554081341094816
2004-09-03,-0.01413451093490481,-0.001201201345634173,-0.006585411358334348
2004-09-06,-0.0035650661644962,0.0008409924205649011,0.021202207650602878
2004-09-08,0.0071174677688640164,0.011700228984743322,-0.011428695823622492
2004-09-09,0.006926312233071552,0.003791024561659806,0.018223738956451463
2004-09-10,-0.003033191053331108,-0.006643754417375192,-0.01205360038629566
2004-09-13,-0.007516699694348594,-0.00011904053344202747,0.007179787431360829
2004-09-14,0.024468632674703783,0.014184634991956324,0.024305255742613774
2004-09-15,0.007128797882310578,-0.00035217468228043725,-0.011820266103742982
2004-09-16,0.017094433359300054,0.012020918516657875,0.009774578380449928
2004-09-17,0.010118130165584605,0.012451163855167868,0.011874609420712723
2004-09-20,0.001006205015298467,0.0038879408609370225,-0.005071862097960178
2004-09-21,0.0023438818699835773,0.015065131726091807,0.010118130165584605
2004-09-22,-0.008059143686854675,-0.00541090261654964,-0.010118130165584605
2004-09-23,-0.008804662365150207,0.027976190646563537,-0.006802747322752545
2004-09-24,0.0,0.012669457365912962,0.01507353461684735
2004-09-27,-0.015769953141298143,0.008752554659682055,-0.030551057685760385
2004-09-28,0.02254964012667693,0.009529490177767053,0.07348881542537922
2004-09-29,0.009950330853167988,-0.0019200005898244443,0.0456412809562039
2004-09-30,0.008128501015166711,0.0019200005898244443,-0.01238405919972152
2004-10-01,0.03456490161708725,0.02914399466908102,0.010844413014128973
2004-10-04,0.016427993135220254,0.005305052229693352,0.01574594941516394
2004-10-05,0.001753178083514606,0.019906367116802937,0.023534024753275595
2004-10-06,0.0009379397279765112,0.0016583751727760054,-0.018088541625183696
2004-10-07,0.005609238764510582,0.006091599034173112,-0.011988913612094088
2004-10-08,0.020302143019990226,-0.0036091815409179384,-0.02708095860267079
2004-10-11,0.006071664068549865,-0.011951298396269294,-0.0007846214604176893
2004-10-13,-0.001211387186297097,-0.03999466652462058,-0.07326302068815771
2004-10-14,-0.009132483563272564,-0.0070980368990405385,0.0032531490037459587
2004-10-15,0.006097579868118541,0.019211531333350074,0.054876610225834455
2004-10-18,0.0007292173390713863,0.020009181819931388,-0.009756174945364737
2004-10-19,0.0010928299308734513,-0.02561506109750289,-0.024815169119723812
2004-10-20,0.010262691945127078,0.004207352881050008,-0.0033557078469725887
2004-10-21,0.05264373348542206,0.015171231156363985,0.03614553066996318
2004-10-22,-0.002853068982406448,0.005182180705182726,-0.0014599726820729853
2004-10-25,-0.00567320509602709,0.0011596648814247157,-0.0032520353863774165
2004-10-26,-0.008715532356072475,-0.013364645252303187,0.02493092533725938
2004-10-27,-0.002844621813115067,0.006810710587488389,-0.01504509812856969
2004-10-28,0.019516465279783235,-0.01388317898748015,-0.03964008829048238
2004-10-29,-0.013661885185854428,0.004934573411466081,0.023218290102007266
2004-11-01,-0.008532425447769332,0.004590837081250854,0.0
2004-11-03,-0.015055293050849738,-0.0024529420927251744,0.006210185018278747
2004-11-04,0.020785967759834656,0.005855752692219607,0.005037794029957077
2004-11-05,0.0,0.016842503394497443,0.028760569960811333
2004-11-08,-0.030694875900340035,-0.012605208918982203,-0.0045781120295467215
2004-11-09,-0.0027141862307896725,-0.00795971302531473,0.031155167779795434
2004-11-10,0.016756895489505097,0.014282178764801867,0.005353741277101642
2004-11-11,-0.00945716330474966,0.0036697288889624424,-0.005813969865419821
2004-11-12,0.0035715369210078673,0.0026130142905326226,0.03097158195267058
2004-11-16,-0.015312431105731328,-0.04811189737589194,-0.04115057175280912
2004-11-17,0.008862687257845447,0.008072477566242409,0.030231309870213163
2004-11-18,-0.005899722127188367,-0.012463263983731876,-0.01805952413197831
2004-11-19,-0.007722046093910251,-0.004410150477552888,0.02121291663919278
2004-11-22,-0.0013127276782207709,0.01306347135592889,-0.02121291663919278
2004-11-23,0.006071808641473941,-0.017493157447517227,-0.004450932066007995
2004-11-24,0.004736539346673396,-0.00556484463340734,0.01662764264126304
2004-11-25,0.010283622284523952,0.05218575317057039,0.0030211503341763812
2004-11-26,0.024542880503575115,-0.006163020251143236,0.011994146785819337
2004-11-29,0.0073884962426706835,-0.016875769979675326,0.002976192673046052
2004-11-30,0.007896262122225717,0.007021362899156336,-0.010455659104338766
2004-12-01,0.02944970934883795,0.029694652639115637,0.0016502891750804771
2004-12-02,0.041967938821806494,-0.01898791224469132,-0.010700124694998259
2004-12-03,0.02011055647490234,-0.006303102968286622,0.001514004831214777
2004-12-06,0.017296188630840925,0.00896197185723091,-0.013709277925033181
2004-12-07,-0.007284111290982609,-0.013365609283368607,0.0
2004-12-08,-0.0017770349107432137,0.0004304778370393114,0.006116227017435971
2004-12-09,-0.003406087082614029,-0.02759924290755722,0.010463360303257119
2004-12-10,0.03294051052639757,0.016346148612366385,0.029138377811768867
2004-12-13,0.03154551855058574,0.006507615156738034,0.015267472130788384
2004-12-14,-0.02941388520629329,0.008504276454490256,0.0
2004-12-15,-0.01959369390040111,0.005451935039309186,-0.007241161256559714
2004-12-16,0.0045558165358606795,0.019007964045176573,0.044767688394079075
2004-12-17,-0.0409798352592774,-0.009247648921659857,-0.013996029727325165
2004-12-20,-0.013508350024792337,-0.0012676950778630625,0.0063224657394871375
2004-12-21,0.02105674252560996,0.022472855852058604,0.043976677137884
2004-12-22,0.010441924533760916,-0.01510052124973471,0.002543338497008607
2004-12-23,0.015384918839479345,0.014066394994183495,0.0026702285558790617
2004-12-27,-0.0030581063588207558,0.0011374800874865976,-0.0002667022285445242
2004-12-28,0.003363403262428455,0.001445833154894105,0.026584010545917858
2004-12-29,-0.007968169649176793,0.010062719677750298,-0.011757156986043737
2004-12-30,-0.011916878625935823,-0.007486062751021705,-0.007915608612661273
2005-01-03,0.03171950592211559,-0.030835994241131925,-0.00864654538934162
2005-01-04,-0.03452586884907349,-0.011960843148226319,-0.04160163481145873
2005-01-05,-0.0244974716003874,-0.0038751394025947627,-0.006988148633928271
2005-01-06,-0.027576767770234545,0.003015294121759826,-0.004216450378934811
2005-01-07,0.006720785890857228,0.004398912731501281,0.026408761973297112
2005-01-10,0.009592789600666451,-0.013038275322209136,-0.008264509849893464
2005-01-11,-0.014505999615251897,0.010787591128997409,-0.005547864437718042
2005-01-12,-0.028475822958433095,-0.005379249119735974,-0.005858574435773756
2005-01-13,0.021556520228862897,0.0097687428118437,0.04793708102207073
2005-01-14,-0.004639610642466541,0.005220831207680465,0.04574385347506471
2005-01-17,-0.0034938892542556443,-0.006396610296692473,-0.012820688429061367
2005-01-18,0.03681397312271639,-0.010752791776261872,0.00899171119196418
2005-01-19,0.011976191046715656,0.005928338569880287,-0.006414390177663654
2005-01-20,-0.024097551579060683,-0.02282707812412843,-0.010349380862003654
2005-01-21,-0.02385962628647953,0.0016478993017813304,0.040769977562715276
2005-01-24,0.01569631564731866,0.012977989011572766,0.020389955703049356
2005-01-26,0.00816331063916087,0.020484388304831902,-0.0030627895305459507
2005-01-27,0.008097210232619334,-0.0021253993123134807,-0.009740536910536113
2005-01-28,0.007712120486339069,-0.012848142477848934,-0.017624354695478628
2005-01-31,0.030422395027368654,0.01603454984725694,-0.0007569068104520404
2005-02-01,-0.003733088796375128,-0.005316333627232939,0.004532871019987006
2005-02-02,0.03665773532847605,0.014815085785140791,-0.010101095986503772
2005-02-03,0.04274784971346923,0.010449415874341228,-0.012771565679487562
2005-02-04,0.06764516238808382,0.011369631520298462,-0.001414882222016356
2005-02-09,0.004709056801572631,0.04334296630583068,-0.015435808129839357
2005-02-10,-0.01079632619022286,-0.004537391884035458,-0.005111078553189818
2005-02-11,0.014815085785140458,0.016083508411075975,-0.004081369630974274
2005-02-14,0.04955381445472917,-0.009186929352015927,0.01583699090283286
2005-02-15,0.015277110452756926,-0.007885698823184573,0.019163341237203868
2005-02-16,-0.01655018509955475,0.014247354728832873,-0.006389798098771049
2005-02-17,0.007614249985245292,0.0019493183560495009,0.0228146777661713
2005-02-18,-0.03224635485210592,0.0,0.01862251209800192
2005-02-21,-0.02833876079148423,0.01257878220686015,0.026700615303044906
2005-02-22,0.0335477841599402,0.007662872745569205,0.03645318371157957
2005-02-23,0.01687205970679917,0.02077506257496431,0.03973133067855672
2005-02-24,0.049215786648723836,0.033091254626328226,0.06070948181380942
2005-02-25,-0.0006080875833469612,0.02191010963574458,-0.03453198354237608
2005-02-28,-0.003656311203110496,-0.01623006912004099,-0.021858793812499
2005-03-01,0.03597510245827795,-0.041953924431481715,-0.032568852763534606
2005-03-02,-0.0004724223543630668,0.02810316210872843,0.023689771122404668
2005-03-03,0.012910977466904727,0.03405346964027278,0.030737875453628938
2005-03-04,0.012285736357667387,0.015734590353555955,0.03191760296830526
2005-03-07,0.013728621982003864,0.00389526569133003,-0.006618714081898958
2005-03-08,-0.014420025558751881,-0.01173161402064582,-0.01775981171324026
2005-03-09,-0.017442302663342346,-0.017637141486106733,-0.007647191125376818
2005-03-10,-0.014771317320312782,-0.02705304747170989,-0.022856263168037794
2005-03-11,-0.011855716376369285,-0.016590242260196897,-0.0011068069751911658
2005-03-14,-0.0025330210757301685,-0.007462721201589639,-0.014501090690799856
2005-03-15,-0.009708814126961007,-0.02656702738472183,-0.007896262122225606
2005-03-16,0.015729301908544047,0.020933209666465835,-0.009101314246345416
2005-03-17,0.011933315835012781,0.010211339840816569,0.04688358589885033
2005-03-18,-0.014939028948506072,-0.012096354536587972,-0.01726930669410076
2005-03-21,-0.03741620138542201,-0.002834201235875078,-0.011493738091554961
2005-03-22,0.012422519998557036,-0.02772226832156477,-0.004499445161229687
2005-03-23,-0.022472855852058604,-0.01479621329998948,-0.06161157995083255
2005-03-24,0.022472855852058604,0.012751521482031292,0.03418128872468107
2005-03-28,-0.028805999249081227,-0.018195731909876667,-0.025228677452567183
2005-03-29,-0.01536521906405619,-0.015504186535965303,-0.04807740576434627
2005-03-30,0.0,0.021935076866255843,0.030816998831346254
2005-03-31,-0.0025839807659250313,0.01711114836017802,0.027310742786501363
2005-04-01,-0.0025906750240924925,-0.00048111619884028123,-0.005899722127188145
2005-04-04,-0.00012986169747497556,0.0,-0.028813517904745733
2005-04-05,0.012903404835907906,-0.02524377503959574,-0.0110227692907503
2005-04-06,0.007281120498138338,-0.0010863662122206907,-0.01488861249375062
2005-04-07,0.01615992747329109,0.002368733835550474,0.018576385572935283
2005-04-08,-0.010702022193999738,-0.014297304700824354,0.0
2005-04-11,0.002528446353358582,0.004987541511038973,-0.004920059125449683
2005-04-12,-0.0018957351648991594,-0.004987541511038973,-0.023075548363977294
2005-04-13,0.0025268491019090344,-0.020202707317519497,-0.04834231494205565
2005-04-14,-0.019108861698046486,-0.02720341507975077,-0.04898883308833324
2005-04-15,-0.0006432936857417859,-0.016599207578642083,0.014084739881739194
2005-04-18,-0.013083935596833962,-0.009748858612749656,0.0041870263542163055
2005-04-19,0.016937504912824086,0.032828021976016086,0.023400930164612532
2005-04-20,-0.03125254350410456,-0.013002175412909822,-0.012320484388040676
2005-04-22,-0.007968169649176793,-0.017567659679514458,-0.00414079266603129
2005-04-25,0.013245226750020711,0.029527516882568494,0.027286822558994395
2005-04-26,0.03617965657750222,0.010477817731130878,-0.02039499652107324
2005-04-27,0.015113637810048264,-0.02825933731440322,-0.01801850550267803
2005-04-28,-0.05392834202555574,-0.024719152220676,-0.054611269781732696
2005-04-29,0.051174553828934655,0.02789880513805576,0.01174756534995014
2005-05-02,0.02500439713144087,-0.0031796529173797605,-0.0073260400920727164
2005-05-03,-0.015456258236691944,-0.004042128682005486,-0.005160350559309856
2005-05-04,0.0294680622569079,0.014916965305642682,0.026979397953949436
2005-05-05,-0.0006051437401008997,0.018415960297428202,-0.013034217838906903
2005-05-06,-0.004246290881450898,0.017677873119975485,0.01159433278091937
2005-05-09,0.04108943595825276,0.0017203870053081882,0.015725842305464033
2005-05-10,-0.02540757056233134,-0.02249583616941786,-0.0331681449688066
2005-05-11,-0.026069982032908,0.00206611643747201,-0.007358384931186901
2005-05-12,-0.023618251348208497,-0.019802627296179875,-0.04687176912967339
2005-05-13,-0.008844024796452743,-0.0266682470821612,-0.009331327428884206
2005-05-16,0.020101179321087348,0.01352968131032295,0.04281999718292817
2005-05-17,-0.010628421401124966,0.025171146206086403,0.002989538848366058
2005-05-18,0.024094558548332534,0.009831903262490282,0.054459917132380964
2005-05-19,-0.009122351229362335,0.009328138983809353,-0.003539826705124094
2005-05-20,-0.02064508732915782,0.0019367010793317485,-0.015725842305464033
2005-05-23,-0.012082817906122534,-0.021096743325631384,-0.002163722445311045
2005-05-24,-0.004488625683139791,0.018037077501675824,0.02354728847063403
2005-05-25,0.014039796667482785,0.007631682932159656,-0.010064582795751731
2005-05-27,-0.011472401162236912,0.021560123168643752,0.006390705553374509
2005-05-30,0.002432935446830764,0.004948055617369551,0.0036738772423772215
2005-05-31,-0.008218872513874764,-0.007431295035976726,-0.013489732426591683
2005-06-01,0.002575661436795773,0.029882213606721608,0.02610377494268823
2005-06-02,0.012690525644044937,0.004814645795540695,0.013694107075988171
2005-06-03,0.034699887817580266,-0.0011534026653534646,0.002195691838628111
2005-06-06,0.01690861539842725,-0.01092695685660372,-0.024281456550864666
2005-06-07,-0.006126513246453191,-0.02610342744820149,-0.011299555253933224
2005-06-08,-0.025506294545910357,0.0009975063171252518,-0.005983776224454784
2005-06-09,-0.007444203111730219,0.00893306188547549,-0.011208624315918181
2005-06-10,0.011145626214916216,0.00492854620114902,0.005763704716750029
2005-06-13,-0.011145626214916216,-0.005323881252749851,-0.0035984205795334123
2005-06-14,0.02824005957421638,0.01802556642787123,0.009329095288518552
2005-06-15,0.001330833176882651,0.00918102607438609,0.006407996295330287
2005-06-16,0.004704188157587552,0.014800938612099301,0.027303061046981547
2005-06-17,0.011724024707293168,0.020638631246221895,0.01901692167860447
2005-06-20,0.0014261946795854907,0.014746811020149853,-0.013644637940108728
2005-06-21,-0.01580114273710831,-0.0037581968245232744,-0.029133010227639478
2005-06-22,-0.01863294484612621,0.010142167434446625,-0.0062429260648462215
2005-06-23,-0.011746657480125933,-0.01659142509293421,-0.02829288026093657
2005-06-24,-0.001867414174795523,-0.015743955550002298,-0.01921714718577827
2005-06-27,0.019252723515481684,0.03958178916370381,0.026511125548331904
2005-06-28,0.020447146331202815,-0.01180222505662809,0.02568474646808272
2005-06-29,0.0,-0.008161064964610887,-0.00839324935802166
2005-06-30,-0.002878390089980254,-0.012134834655291638,-0.010050335853501569
2005-07-01,0.006345426858365588,0.011995122668482239,0.016884075432066492
2005-07-04,0.002526925115740708,-0.0008322160543194901,-0.000993683096882192
2005-07-05,-0.0181911395157226,0.01103967053733057,-0.005268791113390625
2005-07-06,-0.017406772443899987,-0.0035745420948980478,0.02412134722207937
2005-07-07,-0.010012599292429702,-0.021438341355850765,-0.000836586774949799
2005-07-08,-0.010876545821375094,0.01775882290037223,0.0290074637416462
2005-07-11,0.019643039033557685,-0.004803704387448038,0.005405418566907905
2005-07-12,0.004354594750514584,0.018441735547747973,-0.004728141195946112
2005-07-13,0.020277192439150937,-0.0016377039416899386,0.01531876233590923
2005-07-14,0.015691329794675468,-0.016711434726506713,-0.009243819589584534
2005-07-15,-0.008418570465595687,-0.030077455237277784,-0.02452438986308425
2005-07-18,0.018072420543370216,-0.006701796266018745,0.0023420827679152545
2005-07-19,-0.0018995612977692478,0.003835095783942588,0.023258443868379608
2005-07-20,0.004032263527938396,0.004773278752657539,0.02259832974021081
2005-07-21,-0.004626617185851112,0.012775191488722859,0.024923408452456997
2005-07-22,-0.02638548345139169,0.014469330617842946,0.01400404808401623
2005-07-25,-0.036173231060489086,-0.021546500991928008,-0.0015182189151046188
2005-07-26,0.037271394797231516,0.003308913442147121,-0.007498287657872638
2005-07-27,0.015729301908543825,0.025256456409068928,0.0026753312345300095
2005-07-28,0.007177064300363689,0.01588639271961778,0.005076153031860597
2005-07-29,-0.010423625199221354,-0.012945754688042488,-0.0064766243282992075
2005-08-01,0.022272105043362522,0.020525650210811763,0.0027989840156363854
2005-08-02,0.05129329438755059,0.022049257417034784,0.009986809505927674
2005-08-03,-0.040821994520255256,0.005961792162898716,0.005644417619677045
2005-08-04,-0.0011580777206277038,-0.0105449131766151,-0.01448844241613001
2005-08-05,-0.0029010754318337106,0.008795131452827176,-0.003814372075470418
2005-08-08,0.028074029356335295,0.018651592526391036,0.022670996164352974
2005-08-09,0.05281755583941439,0.01585981401398473,0.015814512936696667
2005-08-10,0.03060924981836255,0.004978703166258924,0.010001303026013542
2005-08-11,-0.031681635980115086,0.01171561517256281,-0.00816430538738766
2005-08-12,0.019129169908995047,0.018137347977118523,0.0057341705340958615
2005-08-15,0.008385793376274098,0.0048086811760934545,0.006668712195037951
2005-08-16,-0.003031730930168619,-0.017966765753604674,-0.024466052154406226
2005-08-17,0.020108471906923553,-0.022604562297397823,-0.004343785917845233
2005-08-18,-0.00979641760862937,0.0004232804296002701,-0.011257154524634494
2005-08-19,-0.026248226074936598,0.013868682048431946,0.021035065214068727
2005-08-22,0.023550289396419677,0.019835361056145917,0.02072234072907997
2005-08-23,-0.022487025075089706,-0.015587301692061795,-0.01678871549706895
2005-08-24,0.027255355867914943,0.02778753435300918,-0.024968690446079744
2005-08-25,0.021484202294573373,0.004033890100936244,0.018692133012152334
2005-08-26,-0.014271394105332513,-0.019430715787510877,-0.006191970247920953
2005-08-29,0.02233595394206289,0.021843262192894786,0.007425776696849518
2005-08-30,-0.008570760809321065,0.019487592245925,-0.001233806448928565
2005-08-31,0.012578782206859929,0.02374114230489499,0.001233806448928565
2005-09-01,-0.00501254182354427,-0.006480504087203354,0.014688146561656845
2005-09-02,0.004987541511039195,-0.006211200092640423,0.017465063022151783
2005-09-05,-0.004987541511039195,0.01207631954503885,0.020680205237538773
2005-09-06,0.028101430110874848,0.007359738832080076,-0.008810629682154847
2005-09-08,0.02021243016767582,-0.0006112469627965744,-0.005323881252750073
2005-09-09,-0.00047653086439058967,0.03425815780799146,0.019383866821048645
2005-09-12,-0.00429902739967658,0.004421525257877423,0.0005815644246494056
2005-09-13,-0.03259836197614918,-0.010347468525424786,-0.011696039763191335
2005-09-14,-0.013944449058632902,0.015627621596708163,0.008201569113417628
2005-09-15,0.013944449058632902,0.0040875969323166395,0.02534697908739747
2005-09-16,0.003948672455416302,0.013026671400008683,0.040139167590344194
2005-09-19,0.005404090774011827,0.02499420084053483,-0.009222726768772338
2005-09-20,0.020753266168238582,0.0005608525104952022,-0.0035359152862450838
2005-09-21,0.020049129923809916,0.03687814702726433,0.05239961157086137
2005-09-22,0.011225562219815188,-0.02655871365792728,0.0
2005-09-23,0.011100946559446268,-0.007240354659564074,0.02438512527180059
2005-09-26,-0.0018416211466494303,-0.016342995476521738,0.011213165399504454
2005-09-27,-0.01672901467280652,0.0219171459183356,-0.0036559398900863904
2005-09-28,0.009328425854635114,0.012154845777074819,0.004061331605377472
2005-09-29,0.0064785048432030035,-0.024459251572956697,0.0011139805699063032
2005-09-30,0.003683245416296277,0.0030903241337998377,0.0020222453807678953
2005-10-03,0.028987536873252395,0.009769791595805044,-0.011377611560118961
2005-10-04,0.010174827881726412,-0.03966525639243135,-0.015754843714095745
2005-10-05,-0.02405461193072944,-0.05495071998241774,-0.0526325131946479
2005-10-06,-0.028258475805294836,-0.03891541624967365,-0.041547013874463135
2005-10-07,0.039912574537569245,0.006329135051647672,0.009194684222619598
2005-10-10,-0.001784121793501292,-0.006329135051647672,0.03442871966620076
2005-10-11,0.025563313559615386,0.018868484304382926,0.01193720089172512
2005-10-13,-0.039137165729626444,-0.022048137221762465,-0.044672440051592766
2005-10-14,-0.013118526477445602,-0.007031029284577439,0.015002520525640106
2005-10-17,0.039114898646013696,0.030324496679736246,0.00450451212110492
2005-10-18,-0.025905870335844128,-0.055658751897190495,-0.03324310906227668
2005-10-19,-0.0182653479772934,0.0195445960729701,0.0012769169997841612
2005-10-20,-0.030411700418023324,-0.050953793450661866,-0.02883400696447147
2005-10-21,0.038581005569208626,0.037312789466431795,0.040368160209758086
2005-10-24,0.02357939316339519,0.05379180556295449,0.0367034331347631
2005-10-25,-0.0026821652199395807,-0.004659116985309852,-0.016833349937853015
2005-10-26,0.010685765080461262,-0.0037429862788342927,0.021685587071589074
2005-10-27,-0.030577921899060723,-0.0298150850791854,-0.016080191228704965
2005-10-28,0.013605652055778572,0.0028934275129210985,0.004461803274839804
2005-10-31,0.04319754903337181,0.033462718109645406,0.0362841682327657
2005-11-01,0.05129329438755059,0.015709548391438677,0.027836903514481204
2005-11-03,-0.02459140313732222,0.026539555234612378,0.012345195428636213
2005-11-04,0.0,-0.02868121124671852,-0.022838471144475125
2005-11-07,0.011469245737035338,-0.00923083477553055,0.008298802814695083
2005-11-08,0.0040936687265020755,0.016858636824416573,-0.010516449850591858
2005-11-09,-0.0031916226609904896,-0.0018253731870985224,-0.012660416990282197
2005-11-10,0.02148876523631027,-0.032495509661516264,-0.032647077836666316
2005-11-11,0.014732498198008148,-0.03001502457131444,0.009906520202791924
2005-11-14,0.034307313499061465,0.007749473719265598,-0.004280781467155936
2005-11-16,-0.002355713692459016,0.028849678729063966,0.014090124428781436
2005-11-17,0.006269613013595299,0.015811831516087338,0.02991676103799268
2005-11-18,-0.006269613013595299,0.005827343587394118,0.0031529190596155665
2005-11-21,0.005488057678775027,0.010343870749569328,0.005232874316658531
2005-11-22,0.03155321400157374,0.03450669541578244,0.01090070487618977
2005-11-23,0.029852963149681333,0.010181906145119157,0.026893746748263503
2005-11-24,-0.0007355645789539622,-0.008720985505444645,-0.01142291925327621
2005-11-25,0.01967276559870479,0.0005837711782834543,0.0053739039339073535
2005-11-28,-0.024836923146939194,-0.037459790021416195,-0.026539802477819396
2005-11-29,0.0,0.01920251022563524,0.003006897387124674
2005-11-30,0.0007393715678787327,0.017673508617497502,-0.009256917732296088
2005-12-01,0.03414788743256181,0.021661496781179457,0.031778086597474164
2005-12-02,0.01838807113982943,0.016435620748275426,0.0006071645602432341
2005-12-05,0.03376138768358161,-0.0025327155792840284,-0.017862174319346558
2005-12-06,0.031346347734743985,0.011486328835828008,-0.01452307683837084
2005-12-07,-0.040056255818506026,-0.007549315876488327,-0.036716015538272195
2005-12-08,-0.044153581473305836,0.00866290173766826,0.0037868587314973112
2005-12-09,-0.00501254182354427,0.004441983983422215,0.023374776812816744
2005-12-12,0.002867385477156148,0.005249355886143725,0.00010549079602562017
2005-12-13,-0.009349223079347047,0.006865329724881519,0.010493275715838912
2005-12-14,-0.010167117355444066,0.008448067685485228,-0.00828053575815657
2005-12-15,0.005967560100936797,-0.015037877364540764,-0.0037962715633264033
2005-12-16,0.013548780333854316,0.0,0.014162313812504213
2005-12-19,-0.014710389292698078,-0.0002755200458259832,-0.001042209578443476
2005-12-20,0.0021769110984219964,0.0002755200458259832,-0.012064137926857121
2005-12-21,0.03532124508656875,0.013951806120124921,0.015187513709125078
2005-12-22,0.0005595971046985504,0.0024420036555516944,0.003113650673279622
2005-12-23,-0.0030816665374082675,-0.006798122713821186,-0.009370188287584735
2005-12-26,-0.028026587232660383,-0.003005877382799893,-0.00787612367633228
2005-12-27,0.005754583568413851,-0.006589809679055536,0.004523228666021506
2005-12-28,-0.024836074322200696,0.016393809775676615,0.004398373411863776
2005-12-29,-0.004421525257877201,0.008365991312049736,-0.00209205097222398
2006-01-02,0.0,0.033910604685580825,0.0031364374901303727
2006-01-03,0.036052931343729444,0.03101825307985573,0.03889947961373741
2006-01-04,0.023793984665522627,0.00482418099491233,0.015442399023202213
2006-01-05,-0.008612360498043703,-0.002028398261392672,-0.001484046772495251
2006-01-06,0.014129615872798595,0.036141005002123805,0.011909003499725568
2006-01-09,-0.0028927632266875225,-0.0002448280095470601,-0.0020567070567136803
2006-01-10,-0.0066436230520106054,0.0017125386448422208,-0.004914014802429367
2006-01-11,0.029959151912559046,0.03341255411092514,0.03770383762542018
2006-01-12,-0.004051322219178477,0.008240187885455885,0.019728211460455558
2006-01-13,0.013441062569017559,-0.0011730206623632444,-0.0027013196995691047
2006-01-16,0.018519047767237673,0.019756598436076356,0.019306867314344167
2006-01-17,0.002617802542078662,-0.015072749123650198,-0.011872579752109758
2006-01-18,-0.022472855852058604,-0.009861549747598009,-0.012202657122675209
2006-01-19,0.0404796899514257,0.030671549261391595,0.030641009139604325
2006-01-20,-0.006310794336175762,0.01250726935239399,-0.026432445527726056
2006-01-23,0.0034823018358745017,0.010118130165584605,-0.014476658161202582
2006-01-24,0.05058491943440124,0.018837122086444058,0.03251182908064143
2006-01-26,0.02143328399668798,-0.00109829774906256,0.011754657191235474
2006-01-27,0.006567579878590912,-0.011272083103823771,0.0009959709275473294
2006-01-30,0.0406982068065036,0.029349456575476163,0.003613373398513975
2006-01-31,-0.00584495389315598,0.014357902281501467,0.020438928288007308
2006-02-01,0.003442344190972779,-0.005333345975362613,-0.004338401598598107
2006-02-02,-0.03714263611036328,-0.04484075411517274,-0.030633025863238128
2006-02-03,-0.016746802866560495,-0.011474982476874507,-0.014746811020149853
2006-02-06,-0.006049625225823307,0.02591165741849699,-0.004187026354216528
2006-02-07,-0.029558802241544502,-0.04441167116241718,-0.03260025260297228
2006-02-08,-0.0075282664207916294,-0.01978879613318618,-0.010750188270641559
2006-02-09,0.024262465411956757,-0.007789488223576058,0.012097897369509614
2006-02-10,0.033840086971768324,-0.02010599084179243,-0.03176421457950518
2006-02-13,-0.03224332927820983,-0.013632148790057697,-0.026566263501429876
2006-02-14,-0.004058297398005006,0.0024479816386397957,0.01808952363873706
2006-02-15,0.018920308069045433,0.006093864074322886,0.020322880366855145
2006-02-16,0.07004028728588829,0.046762999477662825,-0.0009818361122566621
2006-02-17,-0.0056529263027882415,0.020202707317519497,-0.014844409148532911
2006-02-20,-0.014273722212453599,0.01600755632762807,-0.013045844833299736
2006-02-21,0.03669618626828597,-0.014644848871692151,0.019208273638267048
2006-02-22,-0.026967926427507116,-0.01164263807568533,0.010644689511414285
2006-02-23,-0.03476595784321357,0.010052632062116817,0.010726577738642717
2006-02-24,0.03248545514448842,0.017129109360235928,0.013009096979661017
2006-03-01,0.04071239947384142,0.008455769118045353,-0.022755762831955018
2006-03-02,-0.005509655810969738,0.001549872999275781,-0.013310524343827623
2006-03-03,-0.005540180375615211,0.006615239118719085,0.0013886135934955135
2006-03-06,-0.03103210924772859,-0.027856954502966103,-0.011865137452494956
2006-03-07,-0.026886482184584892,-0.0438869503558752,-0.03584027480326846
2006-03-08,-0.02823858406581148,-0.006395852668608981,-0.020905220582207118
2006-03-09,-0.027805313080336846,-0.02844250538069848,-0.030393545447191972
2006-03-10,0.01985176855273174,0.007550882301970097,0.007087974715640044
2006-03-13,0.007953544527605105,0.01134045209438539,0.008332028941389513
2006-03-14,0.01751781432070998,0.0431992051025758,0.008370045645915258
2006-03-15,0.016038359823425496,0.012558676306208438,0.020204844524041032
2006-03-16,0.013578576883152893,-0.008431176752351055,-0.003146635698897171
2006-03-17,0.004524107246621778,-0.020809999513793587,0.0032513532234705877
2006-03-20,-0.006968669316093523,0.015072749123650198,0.011452493731787694
2006-03-21,-0.029570457321119514,-0.015773929472583825,-0.011347787171826162
2006-03-22,0.010746372075484123,-0.016502024636387835,0.003031730930168841
2006-03-23,-0.010746372075484123,0.007813464635482603,0.00041744939032417605
2006-03-24,-0.00904437880665987,0.0011785505194443768,0.017172243636662365
2006-03-27,-0.02080858434302124,0.003527340517968325,0.023315805313616877
2006-03-28,-0.02695243059975838,-0.020873623142753095,0.0069895441817120485
2006-03-29,0.010113866236928892,0.02812426887086139,0.022627625521934203
2006-03-30,-0.016487374109021014,0.005577518526003633,0.029709899586296107
2006-03-31,-0.008862687257845225,-0.00023177656842632288,-0.00283688133519977
2006-04-03,0.019040892173601387,0.02540473049292813,0.0037807228399060477
2006-04-04,-0.009526269083464545,-0.015585921738829667,-0.010050335853501124
2006-04-05,0.008902321973935257,0.01853812099891128,0.005322194657555013
2006-04-06,0.0,0.0067796869853786745,0.004728141195946112
2006-04-07,-0.011929569492660441,-0.012920955007461377,-0.006720646243398853
2006-04-10,-0.02507166370363434,0.0015958056504079554,-0.008488772420129909
2006-04-11,-0.02067865856794371,-0.010303468369724511,-0.018464442605066633
2006-04-12,-0.003975094673835278,-0.0011514106050420914,0.002533620532872316
2006-04-13,-0.0042575902526411635,-0.0011527378798081855,0.01736785058142365
2006-04-17,-0.0006668889877037287,0.015564516541111573,0.01170169534397747
2006-04-18,0.020338788785168038,0.0461586264509517,0.025159156807414096
2006-04-19,0.03796787964895043,0.012500162764231382,-0.006207111060388737
2006-04-20,0.0309814122071137,-0.008172088490185025,-0.005202187187283602
2006-04-24,-0.01042634406847176,-0.006716524003565594,0.029618645681915634
2006-04-25,-0.008668784936446405,-0.0002174149372624612,0.001196117362094018
2006-04-26,0.01051664502492633,0.007797310460031737,0.015963850989014094
2006-04-27,-0.00927363678532922,-0.02070918696456192,-0.041576426845740144
2006-04-28,-0.011243091574180353,0.01811683295283162,0.009576638771091162
2006-05-02,0.0012554929458319375,0.01758192803125458,0.045483138411936075
2006-05-03,0.001249219400431878,-0.002127660377116536,-0.004025950416552959
2006-05-04,0.004981330350204205,-0.009630893060961432,0.018562636107445574
2006-05-05,0.006809063757167388,0.020856257148156532,0.013634191275803786
2006-05-08,0.012384438832355071,0.0016835020811141188,0.016358522341880732
2006-05-09,-0.005743981573331114,0.012329066421553403,0.024380135372625844
2006-05-10,-0.007257550768270171,-0.003953808084821153,-0.007528896196392854
2006-05-11,-0.009925639799969854,-0.01258933958356323,-0.015912312044815913
2006-05-12,-0.010151099135446984,-0.009760315123516383,-0.010549435286794306
2006-05-15,-0.02409447937772069,-0.02591937755207474,-0.034918891153199905
2006-05-16,-0.003878479328570661,0.0065430985889358695,-0.02990707716793084
2006-05-17,-0.00272391374077241,-0.02978708916658701,-0.011100946559446268
2006-05-18,-0.023524312334163966,-0.026323280712960972,-0.02926117211917889
2006-05-19,-0.0026631174194837737,-0.00484039207132092,0.013415357467531752
2006-05-22,-0.013423020332140823,-0.006723104030035731,0.01063325630136891
2006-05-23,-0.0027063615977427347,-0.011463454577819165,-0.00655993091373297
2006-05-24,-0.022057199455357335,0.009367750003600017,0.016129381929883557
2006-05-25,0.03149759323444412,0.012278620612759417,0.03738753207162038
2006-05-26,0.0004026035080886281,0.03551204322358936,0.02034214713662008
2006-05-29,-0.0004026035080886281,-0.005571045049455492,-0.01120966357334785
2006-05-30,-0.043622332390574226,-0.026034294365875787,-0.027464632909257602
2006-05-31,-0.01868155094558044,0.009132483563272453,-0.015253096775896147
2006-06-01,0.035091319811269894,0.004308885224387549,0.007561472700576388
2006-06-02,-0.023304687315523154,0.011027455058351343,0.014211159135559814
2006-06-05,-0.026705733259138054,-0.03809332740535498,-0.031497181728131096
2006-06-06,-0.030517951536890076,-0.01075279177626176,-0.032917569374007805
2006-06-07,-0.04628925527849792,-0.04814407445796154,-0.04973120086501259
2006-06-08,-0.017221742832888243,-0.006432481358165765,0.006224086483001656
2006-06-09,0.0,-0.022845225992276452,0.011106654691250828
2006-06-12,-0.053024468308220385,-0.035671913484593754,-0.03517898399904418
2006-06-13,-0.05077232537342313,-0.040273899137940106,-0.0366815666346052
2006-06-14,0.02401487620387388,0.042902021544209745,0.03264801907913428
2006-06-16,0.0505642151145147,0.05613718681998181,0.03716502879170669
2006-06-19,-0.009064484207762069,-0.024618173673671473,-0.0267956627871504
2006-06-20,0.008903336838144149,-0.000508776403750355,-0.010582109330536493
2006-06-21,0.029378849732872858,0.028100193100259574,0.05605851839652232
2006-06-22,-0.015137469747228405,-0.001485516490066896,-0.008079219870546162
2006-06-23,0.0009528347552718586,0.016951640413029212,-0.002233276737772627
2006-06-26,0.0015860431556349308,-0.00024363503592317315,0.006079046076382433
2006-06-27,-0.017586384502075836,-0.010532859164307684,-0.01814339851728075
2006-06-28,-0.006634865346139884,0.01926653913306242,0.015108494822126506
2006-06-29,0.08434234228612758,0.03791923486229365,0.04070040658162899
2006-06-30,0.010244317933149949,0.004177309393098794,0.016975716294901577
2006-07-03,0.03279456037448214,0.009679725268327388,0.0249351793207353
2006-07-04,-0.004246290881450898,-0.004367321043486472,-0.0037383221106073172
2006-07-05,-0.02150620522096358,-0.014151726723751201,-0.03409529380551346
2006-07-06,0.0028943580263645075,0.00814431494168577,-0.005050515786068299
2006-07-07,-0.011628037995119023,-0.00814431494168577,-0.001949318356049723
2006-07-10,-0.00733679006385457,-0.0042144759172799695,-0.0025398079492382486
2006-07-11,0.007482978208256386,0.027081854142835926,0.0005866823283562361
2006-07-12,-0.01993127173482412,0.00045662101250010245,-0.015366732640076375
2006-07-13,-0.03582653953122761,-0.004804951470818386,-0.018231497664288998
2006-07-14,-0.010878118147183091,0.014572206859090775,0.0008084074813745623
2006-07-17,-0.016542322869315784,-0.04484227116184725,-0.03390155167568132
2006-07-18,-0.008615241544404517,0.0011813350458311778,-0.0041884877987521385
2006-07-19,0.0820989408138586,0.030234861187547812,0.06598029345626566
2006-07-20,-0.0156195068382321,-0.030234861187547812,-0.04500558620110029
2006-07-21,0.0059790910560579835,-0.008298802814694861,-0.023075548363977294
2006-07-24,0.03514270859311042,0.03669922184598229,0.019782008952037966
2006-07-25,0.015561738836634254,0.00982079378891032,0.028457204814035464
2006-07-26,0.0043819421307012,0.004761373919890843,-0.008048333182828049
2006-07-27,-0.0014114328384078334,0.011916948223831492,0.01244746045322298
2006-07-28,0.028955252252028663,0.008014290446649364,0.027161677641822646
2006-07-31,-0.00109829774906256,-0.004444451760424295,-0.018618862203210185
2006-08-01,-0.01104983618658495,0.0024468925566327737,-0.002971770389157413
2006-08-02,0.004839276640749013,0.015213610595317784,0.01183445764700286
2006-08-03,-0.0041465159618483405,0.004802454111151988,0.015564516541111573
2006-08-04,0.023949143258028327,-0.005021296436130918,0.015325970478226925
2006-08-07,-0.023949143258028327,0.012182008383254228,-0.01725833822928058
2006-08-08,-0.007088778033999876,-0.0010816658707413218,-0.009718249468921414
2006-08-09,-0.025285618625016104,-0.0076045993852191796,-0.023716526617315825
2006-08-10,0.009256029059058424,-0.00262066103251013,-0.014098924379501998
2006-08-11,-0.00782643624946422,-0.007242432622661443,-0.018424267326058175
2006-08-14,-0.014388737452099454,-0.024301719835904123,-0.017718024731186777
2006-08-15,0.03977797145691886,0.019886701626787406,-0.018037624316547873
2006-08-16,0.006939653110540789,0.0019891707299368733,0.026206064331386614
2006-08-17,0.009498316298821585,-0.020973548812533993,0.017370163781535997
2006-08-18,-0.0218845299025221,0.012102344038252388,-0.008854170888470847
2006-08-21,-0.012683371830069179,-0.012102344038252388,-0.020477104963642745
2006-08-22,-0.0036942355170941354,-0.0022573373016498977,-0.020689657703451214
2006-08-23,-0.01795380361659582,-0.03214972641014979,-0.03130385844959349
2006-08-24,-0.00741875538744563,0.010446989964655318,0.0017773832717309368
2006-08-25,-0.01381968480360607,0.013761685072681606,0.006416661025036241
2006-08-28,0.03534142253333439,-0.0057110377955145175,0.01662330492322006
2006-08-29,-0.0038657074412349335,-0.01152086475617442,-0.005437751300128912
2006-08-30,0.005579014542237193,-0.0011594204197347135,0.006521762246387119
2006-08-31,-0.008452166928149651,-0.002322881416139566,-0.003255564459766269
2006-09-01,0.03380563761460631,0.020258519713467038,0.03817501610097196
2006-09-04,-0.00013830302214157264,0.006587190201405635,0.00937213982886309
2006-09-05,-0.019694749297792802,-0.012759343753760088,0.0012430082395966657
2006-09-06,-0.017072544416498747,-0.029081961121469213,-0.02092126516063919
2006-09-08,0.008003472763427721,-0.027766264377725003,-0.014695185113237752
2006-09-11,-0.005710222510884266,-0.04061974960096948,-0.0373773156364412
2006-09-12,0.04136586949966925,0.001010611505923631,-0.00849926834086423
2006-09-13,0.006844653689965563,0.027644644254452455,0.01957357863995801
2006-09-14,-0.013736479727886719,-0.02941388520629329,-0.006629858538669708
2006-09-15,0.008950145804075715,-0.007108433080176724,-0.0022197567383130945
2006-09-18,0.007511131249996472,0.03504739176540217,0.004434597067866086
2006-09-19,-0.015217237913740966,-0.020880698981593726,-0.01179495147415821
2006-09-20,-0.006791903578049041,-0.029054031393020097,-0.017387815282901897
2006-09-21,-0.023927953695235704,-0.000258631839020973,0.02007058013808294
2006-09-22,0.00014243999739194102,-0.013541873607911592,-0.01665954783701995
2006-09-25,0.019324954308722386,0.004186296014326851,-0.007519689073850699
2006-09-26,0.003068770716298852,0.02067257080472018,0.03660451325280789
2006-09-27,0.009426185680545318,0.02525386732120327,0.01748678438771556
2006-09-28,-0.0024865325700049734,0.012391732295163438,0.00734027475363197
2006-09-29,-0.0042969086835076276,-0.00024633575688048914,0.007713772981937872
2006-10-02,0.03010214972022318,-0.0019728736362072397,0.01251474600503899
2006-10-03,-0.014726200128398759,-0.04312861058537165,-0.03955803816912962
2006-10-04,0.04011845038781425,0.03320543315273383,0.037659103111746806
2006-10-05,0.020506171428620545,-0.0002493454694378894,0.021519685549793888
2006-10-06,0.01874218180974041,0.002490661312452014,-0.005596449470518738
2006-10-09,0.003970885429492643,0.016039825681036568,0.01853430321009375
2006-10-10,0.008549871221238403,0.00610130019617694,0.015388033949006896
2006-10-11,0.0019627091678486863,-0.010271550321829803,0.010592684235230632
2006-10-13,0.016465011874361668,0.0235647974324924,0.008906540816203012
2006-10-16,0.00615307671341081,0.010746372075484123,0.024139774473727726
2006-10-17,-0.017402952908664338,-0.018217186434713373,-0.019421857328560055
2006-10-18,0.014202950177993445,-0.008502419737376199,0.00430529040739458
2006-10-19,0.0006408202718493072,0.019328941943577815,0.01626996958651894
2006-10-20,-0.01679626049413452,-0.016648954957634965,-0.00793885474617273
2006-10-23,0.025089768956051195,-0.004389180418763239,0.010635312466260594
2006-10-24,0.0069642573340322755,0.02366688584466603,0.04531276146627272
2006-10-25,-0.005440640990532319,0.03286680808035225,0.010969031370573923
2006-10-26,-0.01045794507726594,0.0,-0.0036429912785012064
2006-10-27,-0.008238975544552885,-0.0055581430722271286,-0.005489492284771469
2006-10-30,-0.017604940567089722,-0.013090416005845817,-0.014787700154379024
2006-10-31,0.0010519396104824441,0.011696039763191335,0.0083449719321802
2006-11-01,0.011888571665252368,0.0011785505194443768,0.02822217348623912
2006-11-03,0.0019486852545265165,0.0175135824927084,0.012489011570774533
2006-11-06,0.022204595776635028,0.020619287202735537,0.02780142338433622
2006-11-07,-0.003942771403378176,-0.007282690358083377,-0.01092338559698458
2006-11-08,0.004704096145137671,0.01990115431729489,-0.0010465725706709783
2006-11-09,-0.035897979784405676,0.0008952552075112141,0.029236820185025714
2006-11-10,0.012153040789844471,0.014436674941622485,-0.017094433359300165
2006-11-13,0.018148384066404066,-0.02795039410834521,-0.020906684819313792
2006-11-14,0.035091319811270116,0.010152371464017707,0.0026373641660857317
2006-11-16,0.0024600258408622455,-0.016978336534417604,-0.0026373641660857317
2006-11-17,0.011603183615154666,-0.006872879287762146,0.0033394881198027804
2006-11-21,0.0018198367169861562,0.021153978853178712,0.020837704821670133
2006-11-22,0.008088412539960732,0.000450045012096556,0.0104283362360027
2006-11-23,-0.002046098083998249,-0.005640172876261174,0.0008499788017046761
2006-11-24,-0.018237587549780887,0.0022598879674373684,0.0008492569512550396
2006-11-27,-0.016328913032455983,-0.008387219063401563,-0.006814336419729727
2006-11-28,-0.004750602758597955,0.005221943981151611,-0.006688988150796771
2006-11-29,0.024142305321599666,0.03208831455150052,0.03200679613508628
2006-11-30,-0.004290536768868147,0.0050311820006923025,-0.004677589551111083
2006-12-01,-0.018599420236265596,-0.011631866032044469,-0.01722724583693891
2006-12-04,0.019802627296179987,0.01837322025661936,0.048059792864901585
2006-12-05,0.005255772044597151,0.01099267454774533,0.029752674461444695
2006-12-06,0.01067064811346885,-0.0010723861617527586,-0.0023668650102663946
2006-12-07,-0.014089872350764532,0.003427595472267564,-0.009683383864253603
2006-12-08,0.0030534374868904646,0.008729960692302585,-0.007846945540743278
2006-12-11,-0.0030534374868904646,-0.0014850962737982254,0.014365769802033856
2006-12-12,-0.010328383957614706,-0.004681855753614794,-0.009554212804811613
2006-12-13,0.010939817788953254,-0.0017079423451562548,-0.0008003201707693641
2006-12-14,0.019371065755999783,0.008934328733765762,0.027636974124328972
2006-12-15,0.004546006154187543,0.0006351222823850478,-0.004683849312426158
2006-12-18,-0.00682678260655023,0.0031695747612789926,-0.012598591836321837
2006-12-19,-0.010996425229314433,0.00735683822570854,0.0015835316056440618
2006-12-20,0.015193829005341053,0.014553271410035817,-0.004917132597399565
2006-12-21,0.0033452838843670563,-0.0031007776782483454,-0.004621890449359345
2006-12-22,-0.010069612776134163,-0.0026951400163974792,0.0015961695328226
2006-12-26,0.007202912294058006,0.008475502931897028,0.0017528488274143328
2006-12-27,0.023057480247546502,0.018760746000618278,0.023445334777284277
2006-12-28,0.011043413599631124,0.006042314455962483,-0.009375068665455899
2007-01-02,0.03286440516192757,0.008959741371472152,0.026337695885035206
2007-01-03,0.004402061400637702,-0.03530371671107391,-0.050167258718019525
2007-01-04,0.002025203212440374,-0.02179639998833305,-0.016207810226853248
2007-01-05,-0.04200755333607242,-0.03111930565769727,-0.04341249293531346
2007-01-08,0.035580288722994347,0.00862260138619142,0.03685509238915419
2007-01-09,-0.01653872884330565,-0.023234136010629847,-0.02582400895688064
2007-01-10,-0.015064016030163163,-0.005949119672140402,0.03727139479723185
2007-01-11,0.015064016030163163,-0.0008843688394213345,0.006159850892393237
2007-01-12,0.023977059093264197,-0.0013280214435191784,0.02741644464121107
2007-01-15,-0.0017981573736973733,-0.005775227069153788,0.0
2007-01-16,-0.0005625879191988314,-0.015490263710188135,-0.012658396871923827
2007-01-17,-0.001126126245134973,-0.0031724477094556836,0.004765696073014691
2007-01-18,-0.01876654449706816,-0.016245638147646124,-0.0055621915352741524
2007-01-19,0.026063798321011467,0.04134780781330627,0.030911694738342987
2007-01-22,-0.004596678310697655,0.0015481591060779731,0.013962635735394802
2007-01-23,0.00011236586336904608,0.03154149452891675,0.04934869575367973
2007-01-24,0.00894860557601418,0.008528836347520219,0.0340755756914346
2007-01-26,-0.008836252337313999,-0.012820688429061367,-0.01326391676674854
2007-01-29,-0.028026441348621756,-0.026807751145443426,-0.012866510593250613
2007-01-30,0.0017316021642779234,0.022713359044793435,0.0007191657987055677
2007-01-31,-0.004740167266280126,0.012019891441954034,0.0220414184397435
2007-02-01,-0.011539262022582708,-0.002777482823902666,0.0035100071136500155
2007-02-02,0.0023310033864758495,0.01190996638717512,-0.0021045255049152445
2007-02-05,0.0073073456284376,-0.0063626937878284995,-0.004927852281241041
2007-02-06,-0.0009249624893479247,-0.015869944906765632,0.024399955694061504
2007-02-07,0.012758060525362769,-0.029617169703646473,-0.02510592113107668
2007-02-08,0.0004567252876834793,0.015247229420693786,0.005352879382372944
2007-02-09,-0.02426462199963142,-0.017699577099400843,-0.016716638032687747
2007-02-12,-0.02859201826582436,-0.012352767967001022,-0.005012541823544492
2007-02-13,0.012914205546594726,0.01813956355016,0.04834566652991823
2007-02-14,0.028923039469250567,-0.006903490283234115,0.026992192014355876
2007-02-15,-0.022055856432175558,-0.011462087506785013,0.007296881464276428
2007-02-16,-0.013542616098593196,0.002032291542882758,-0.004637305428517369
2007-02-21,-0.009735068770752697,-0.0006769717058721092,0.014502561366627198
2007-02-22,0.007220247973487304,0.01678830700325684,0.006393132871614249
2007-02-23,-0.012427016411543645,0.008399695716964972,-0.003256695381483876
2007-02-26,0.007619314843440472,0.0039543109522972575,0.0007825747106053882
2007-02-27,-0.06213178110700612,-0.06827273744828433,-0.08656108132737428
2007-02-28,0.0012812301560483075,0.006551263487221792,0.030383856337664827
2007-03-01,0.0,-0.012437095664483255,-0.024430614091916603
2007-03-02,-0.017157123107755634,-0.03093400950727565,-0.018686800091231692
2007-03-05,-0.022713067239233276,-0.02191396321959682,-0.028331334146573628
2007-03-06,0.027587063186704786,0.03738068043356502,0.06993056433789135
2007-03-07,-0.017786266016277308,-0.010850016024065878,-0.00138217022695164
2007-03-08,0.02313727891175943,0.026317308317373334,0.003038256721931365
2007-03-09,0.015633197859819647,0.0037709212726353414,0.012061549733819454
2007-03-12,0.0007502813907040995,-0.014453515442606646,0.013397588582780173
2007-03-13,-0.036923354104597905,-0.01611968020928356,-0.03669131630876654
2007-03-14,0.008781048158317706,0.0029062747508918907,0.02193040099812249
2007-03-15,0.0051295316372075295,-0.00972061117062184,0.020925501973031224
2007-03-16,-0.015208438511125077,-0.017987425954572478,-0.012773282911481054
2007-03-19,0.029432706787118512,0.021643737157682974,0.02670385644742801
2007-03-20,0.011285386231666639,0.023326776100240476,-0.004489641768275376
2007-03-21,0.03395558180372493,0.028817737406014565,0.009745895657102377
2007-03-22,0.0039694524966031874,0.013761685072681606,-0.005783402029658102
2007-03-23,0.006103782938017721,0.004091844763533414,-0.00013183046621190186
2007-03-26,0.0,0.011727694181359327,0.01504771605914268
2007-03-27,-0.0023837913552759993,-0.00991445705717875,-0.01294051127573459
2007-03-28,-0.021713760223784462,-0.0036297680505783525,-0.025314434614681858
2007-03-29,0.018606311804776343,0.04662331608434145,0.015929658842580352
2007-03-30,0.005491239774284118,0.0008673027430050606,0.01319280348456342
2007-04-02,-0.02678408390681719,-0.00260416813838793,0.0020947899778556156
2007-04-03,-0.0024125464053839085,-0.012688859811682551,0.03204701243338448
2007-04-04,0.0026534812336787006,0.012688859811682551,0.019442443722866187
2007-04-05,0.004566766739808381,0.004338401598598329,0.0049566396399285395
2007-04-09,0.00954661188358008,-0.003034903695154245,0.0
2007-04-10,-0.0009505704137819926,0.014869361342156884,0.007389196182371105
2007-04-11,-0.025525103570245955,-0.014218249002279082,0.006116227017435971
2007-04-12,0.0,0.013148157942434846,0.012121360532344916
2007-04-13,0.0012187691941292211,0.021396854853164005,0.0009633912113136134
2007-04-16,0.04244795572884241,0.019510789103998283,0.028010376203972953
2007-04-17,0.005123439246460082,-0.018672741705274776,0.005369453778325095
2007-04-18,-0.0009295840780947362,-0.00989169382889643,-0.0011827322490494119
2007-04-19,0.017058966007978738,-0.015560369374766791,-0.012024670157218864
2007-04-20,0.011363758650315026,0.00962059798698256,0.017924392284407453
2007-04-23,-0.006802747322752545,-0.007903490889829001,0.005280153071283156
2007-04-24,-0.015130962677296855,-0.002361783169765763,-0.0017569550639664477
2007-04-25,0.0219337100000494,0.020847383390131702,0.0029265458405691724
2007-04-26,-0.01250726935239399,-0.022568554210904868,-0.020667992850165184
2007-04-27,0.00388261307657789,-0.007348206827087811,0.0004772130846948386
2007-04-30,-0.00892965292511394,-0.019715863164417202,0.0019065782705816048
2007-05-02,0.01642372683064397,0.009029903885423352,0.005461250662483597
2007-05-03,0.013411019060005414,0.01285280736408434,0.027328572160507214
2007-05-04,0.009941537750477902,-0.0039037134804733586,0.029961387740484735
2007-05-07,0.011148874907182194,-0.02196924912863385,-0.019646110028651798
2007-05-08,0.011885607233981021,0.0017754110300465253,-0.012044883216522528
2007-05-09,0.04884131114026413,0.001993576914555595,0.04247786458766001
2007-05-10,-0.028638603822744413,-0.01853766094102194,-0.023048681983569796
2007-05-11,0.005458758043750844,0.01942242100758529,0.015164570299045277
2007-05-14,-0.022658460101500966,0.0026495930713941185,-0.024260710332889346
2007-05-15,-0.007308716970981344,-0.0050845693713423845,-0.002859595886304689
2007-05-16,0.03913772904469037,0.019315789299291675,0.015909426469977284
2007-05-17,0.012371291802546924,0.0010863662122206907,-0.012478891373187917
2007-05-18,0.015050111202111971,0.009724549891994894,0.011350859668689317
2007-05-21,0.009242581366932567,0.009630893060961432,-0.010552092010540637
2007-05-22,-0.01796032537699288,-0.0010655302020383672,-0.006522881742037523
2007-05-23,0.00629252050931095,0.0063762171392760525,-0.015037877364540098
2007-05-24,-0.026657309453986144,-0.023364046372895464,-0.03317839869731909
2007-05-25,0.015056487382313799,0.012714318456237494,0.02145493500125939
2007-05-28,0.018457069942132254,0.0032068440095796014,0.011606906787016591
2007-05-29,-0.013148768379770859,-0.017223245983115643,-0.01515091522174572
2007-05-30,-0.0016303243880113616,0.014016401973536041,0.01771203420026035
2007-05-31,-0.0026549591823155083,-0.016407967413899716,0.011674408729145824
2007-06-01,0.028426468022400897,0.024936803761420157,0.02977522275860789
2007-06-04,0.0038194839880161258,0.012239021734722133,0.007224260371797797
2007-06-05,-0.0066432051058660235,0.006480633113059797,0.0006642311768625397
2007-06-06,-0.03014067216154892,-0.022761783529787527,-0.025329158657668494
2007-06-08,-0.02188639550172433,0.010391356360664128,-0.013139292141841619
2007-06-11,0.013735028390152504,0.012578782206860373,0.0073335953747055704
2007-06-12,-0.01821312522208607,0.0024968801985869593,-0.03166399640081918
2007-06-13,0.006178777513951017,0.021789145681568423,0.026627932191851222
2007-06-14,0.014340186692270551,0.01653596864009943,0.011409136877849502
2007-06-15,0.02767056571612847,0.014888612493750841,0.015310442038968475
2007-06-18,0.0038621859168115336,0.004129393342011234,0.015409650300585387
2007-06-19,-0.0077393461660206775,0.01325555471453388,-0.03823550006526011
2007-06-20,-0.022956235053855467,-0.01659708116528824,-0.0061912603178808645
2007-06-21,0.0022986113976204425,0.009991267363570255,0.013139292141841619
2007-06-22,-0.0043928530007351085,0.00019491277714966948,-0.0034110323010629884
2007-06-25,-0.01457105285825655,-0.002146132908411369,-0.009153381986487297
2007-06-26,-0.01198387977619153,-0.00961640223853455,-0.023256862164267034
2007-06-27,0.0042964620335053105,0.009811695667531373,0.016799275148368764
2007-06-28,-0.006433648612377274,-0.00019529342899682334,-0.023883130036773892
2007-06-29,0.005578216567056149,0.008557033932979685,0.020870730585780706
2007-07-02,0.010005405447483628,0.022214624733774002,0.027129232041150253
2007-07-03,0.001683147883159819,0.016901810802603112,0.0027066668153929996
2007-07-04,-0.003580081743159491,0.004644690189324674,0.011310944263918543
2007-07-05,-0.004228336109521003,0.00536095192799646,0.010523497836806062
2007-07-06,-0.008083430528745161,0.009176059980392948,0.01139488608603978
2007-07-10,0.005750202192698728,-0.016392300010135363,-0.005900366768398779
2007-07-11,0.009721124735935893,0.007769184472915747,0.02318128065902547
2007-07-12,0.03614229205724495,0.02241143267707546,0.046242548180775334
2007-07-13,0.02226548704589515,0.00610743770172828,-0.010896489392510755
2007-07-16,0.027200581170897964,-0.00953673444753056,-0.01562531790308075
2007-07-17,0.0009647854100991449,0.01774081113905801,-0.00010499238814842826
2007-07-18,0.0,-0.002489775428089036,-0.002523130018120767
2007-07-19,0.019102777640710222,0.014320053774748542,0.013072081567352622
2007-07-20,-0.0032218354411663874,-0.006869247618882968,-0.013072081567352622
2007-07-23,0.016939987241382237,0.016129381929883557,0.024949319047948393
2007-07-24,-0.039788250058412356,-0.05781335972799129,-0.024949319047948393
2007-07-25,-0.009561981333724434,0.014270275093375417,-0.014846508116994617
2007-07-26,-0.032887866844835134,-0.04742869357111079,-0.0281708769666964
2007-07-27,-0.023163893126465718,-0.027811757784240276,-0.02244788113895435
2007-07-30,0.018288807298128207,0.04462205069875713,0.029237963080700258
2007-07-31,-0.0022423819405263945,-0.012818271644979395,0.012797051333559128
2007-08-01,0.000204060810829354,-0.0062803517875495984,-0.014107667510679267
2007-08-02,-0.010090902981962913,0.007038933276609871,0.0114100667380308
2007-08-03,-0.01656648993138332,-0.04359043607486157,-0.04474648700562289
2007-08-06,0.004116079077348678,0.0007917656787339578,0.0005648122149586321
2007-08-07,0.018517163536272196,0.0041465159618485625,0.02167198313419938
2007-08-08,0.027050177533026076,0.03675462065808777,0.02218549000019676
2007-08-09,-0.030685810703443783,-0.039714662286564506,-0.028726895885664128
2007-08-10,-0.00283688133519977,-0.021978906718775226,-0.029003895051932904
2007-08-13,-0.013072081567352845,0.008248713906873206,0.005936768207464471
2007-08-14,-0.017420598160501344,-0.009461570332082614,-0.04493307049557016
2007-08-15,-0.03773228166826015,-0.02043389446454391,-0.04256479103189337
2007-08-16,-0.011581031872245351,-0.030178316974832864,-0.012501725520621232
2007-08-17,0.010929070532190277,-0.012848142477849045,0.01262595683949641
2007-08-20,0.016172859245600968,-0.008822004499446923,0.008288536348566744
2007-08-21,-0.001070091059844236,-0.002163566400010586,0.022897115286219627
2007-08-22,0.02432695322411149,0.05416981167816237,0.060730859754102084
2007-08-23,-0.014737108819496747,0.003277348283766246,0.018524245664168326
2007-08-24,0.017241806434506124,0.01723306712377548,0.030346854121025668
2007-08-27,0.0006251953939184762,-0.0038264068436602017,0.02483209600194103
2007-08-28,-0.027456846233039345,-0.020589862023607797,-0.048527040894660534
2007-08-29,0.008528836347520441,0.021396638993548045,0.03581500530629844
2007-08-30,-0.011531197599189635,0.013815416452991336,0.004255325570138524
2007-08-31,0.05005756555333685,0.03727624470471991,0.029084590094888618
2007-09-03,0.013594609287135517,0.004587164006905953,0.007380107297622729
2007-09-04,-0.004662013105811491,0.024115712759537722,0.02101936722407549
2007-09-05,-0.024682454169802526,-0.0042906511118778745,-0.023268626939354498
2007-09-06,-0.00668619289881156,0.010969711191549658,0.033416957991169394
2007-09-10,-0.044804407170686567,-0.023953241022492966,-0.030351038369334393
2007-09-11,0.0008766163173683506,0.028013036227674037,0.027972444581879863
2007-09-12,-0.0010958905206370773,0.007522281135844855,0.006921811478629358
2007-09-13,0.03660257897754682,0.01163015107891141,0.03505054315182399
2007-09-14,-0.0021164029063773793,-0.019152432214756265,-0.023879432369086295
2007-09-17,-0.0063762171392762745,0.003492971655117305,0.010469269721662844
2007-09-18,0.05092009042725709,0.04239902160153819,0.0624268427758734
2007-09-19,0.014084739881738972,-0.00246565817060862,0.011708681002707166
2007-09-20,-0.0009995003330836028,0.0015857637011691406,0.008204076691527451
2007-09-21,0.0,0.029490428510705158,0.0070796755880619955
2007-09-24,0.016463726030665038,0.025317807984289953,0.0448350952699732
2007-09-25,0.0033389012655147265,-0.014944447385822679,0.004206989797629568
2007-09-26,0.03184060585565862,0.012441317167704025,0.017808575828347717
2007-09-27,0.029014669865616183,0.008319515539558564,0.0407296115001885
2007-09-28,-0.011131840368844292,-0.01923940565358051,-0.019026875054693804
2007-10-01,0.019948943778992367,0.01923940565358051,0.05724808787489177
2007-10-02,0.0363676441708749,0.005947481598802096,-0.009188426054406396
2007-10-03,-0.0363676441708749,-0.033668702308292,-0.07837742835447514
2007-10-04,0.012513965291474527,0.008481815055909392,-0.032124486803769337
2007-10-05,0.04627891455001709,0.04055168772039308,0.03941894885618025
2007-10-08,0.006613320309301951,0.014168464359441746,0.001815331796486408
2007-10-09,0.009495108022324228,0.020804078850679142,0.024752932891186852
2007-10-10,-0.008628181223337972,0.031337820441008635,-0.01246273312814905
2007-10-11,-0.019248188304916702,-0.006313055072756146,0.0032520353863771945
2007-10-15,-0.012444605048083979,0.035804795479537965,0.03195159980660245
2007-10-16,-0.031437130491245746,-0.008831731681306021,-0.025317807984289953
2007-10-17,0.02046481068003403,0.015367702661091887,0.01583906402974611
2007-10-18,0.0034305350967891446,-0.00802739556645582,0.009478743954543845
2007-10-19,-0.03447352736987441,-0.06155789299943337,-0.06414015234764214
2007-10-22,0.016651633592441817,-0.006209716634313578,-0.010113013882416588
2007-10-23,0.04133562405790725,0.029585163265066772,0.030366030180938086
2007-10-24,0.0015832530354504826,0.04116307450681811,-0.03087437552781669
2007-10-25,-0.02293637750601918,0.01330396562636249,0.013468217050866649
2007-10-26,0.04225980928988249,0.04311012365372857,0.051017336582256156
2007-10-29,0.006701631749026937,0.024040621420628572,0.04155269841120113
2007-10-30,-0.019716999861097317,-0.03934704270330425,-0.025630552318347988
2007-10-31,0.03349389945561132,0.028162942694209825,0.016442126263941592
2007-11-01,-0.028093659870793264,-0.007945953844852749,-0.014098924379501554
2007-11-05,-0.01916651396221347,-0.04802069122040997,-0.039464150489656014
2007-11-06,0.016350106538133513,0.02751802889389232,0.04754500254359462
2007-11-07,-0.02462651218383005,0.0035650661644961446,-0.016227536621756578
2007-11-08,-0.03774032798284721,0.13246320665861377,-0.007420891401149987
2007-11-09,-0.0056444176196768225,0.017918304544005448,0.009463793030950018
2007-11-12,-0.018279259907817424,-0.06724477209939028,-0.055018310076803356
2007-11-13,0.03697139291996998,0.01765821005651791,0.01006692221453731
2007-11-14,0.02559554718896373,0.01823681224750029,0.04023068672732899
2007-11-16,0.010772096981911172,-0.004179072757268809,-0.02232947639808902
2007-11-19,-0.051481281980923166,-0.019219041270456927,-0.04115807249350745
2007-11-21,-0.03325994647416741,-0.018936249798835014,-0.03332217738369225
2007-11-22,-0.002919710103334916,0.003947373546629773,0.016372619069918937
2007-11-23,0.014129723125488436,0.004585661491319115,0.0008543358059154293
2007-11-26,-0.015885649827753312,-0.021403908663153892,-0.018096142240421553
2007-11-27,0.02259001360510693,-0.011821738965166695,-0.012248622076199034
2007-11-28,0.0648606342020408,-0.0014875924036132915,0.0604589080038096
2007-11-29,0.0008942144922068351,-0.006653565180086307,0.016599937426005518
2007-11-30,0.01701565335847155,-0.020647670893469083,0.021766276481954616
2007-12-03,0.013961832381768957,0.01791915624026519,-0.008006447893741608
2007-12-04,0.02171166484420084,0.017603704418247546,0.0017669268109972158
2007-12-05,0.013652089168327386,0.05229949940284895,0.015763402593999665
2007-12-06,0.02857098523662316,0.02702017978285509,0.019554788142520874
2007-12-07,0.00476543503096849,-0.007467365128494219,-0.016400211394005382
2007-12-10,-0.0016406894574596542,-0.004381853646554301,0.0
2007-12-11,-0.006589809679055758,0.014944238268276955,-0.026327807060149144
2007-12-12,-0.03447167711871835,0.04931977844608859,-0.013018898281782931
2007-12-13,-0.033931049765682175,-0.03216249482751099,-0.04010562545722962
2007-12-14,0.00035391966393172325,-0.013455860515391382,0.0008521517345663199
2007-12-17,-0.03823040395442989,-0.053759386882743954,-0.03554773936003519
2007-12-18,0.025409715525368082,0.02375713657894485,0.013152315851505225
2007-12-19,0.017762456339840416,0.03160195531485055,0.014356382523507794
2007-12-20,-0.005295687574710328,0.013070484736742216,0.015506828575302833
2007-12-21,-0.0024809511219157088,0.031418698482275076,0.011265356632134349
2007-12-26,0.01828461629504119,0.026346327447855256,0.0178960865640172
2007-12-27,-0.014919100763391313,-0.011057472718225103,-0.021413383549178544
2007-12-28,0.007048487331061892,0.02357897951626642,-0.004877648220669162
2008-01-02,-0.06607036613163153,-0.015963850989014094,-0.024060541271685665
2008-01-03,-0.024546946508461343,-0.01622283550688719,0.005167970158442614
2008-01-04,-0.011820697662413782,-0.050310010139202,-0.03674954220874138
2008-01-07,0.013487680381951472,-0.0298008462738526,-0.01798609636978199
2008-01-08,0.015194974215071655,0.0534741824621614,0.019767040740776842
2008-01-09,-0.008708877458739162,0.018661027638251948,-0.01073355564310896
2008-01-10,0.013410343570545935,-0.00970306985615288,0.021529165312498932
2008-01-11,-0.016266672276299632,-0.03066762127264777,-0.012576554040384824
2008-01-14,0.01005605666093623,-0.012500162764231604,-0.001784121793501292
2008-01-15,-0.043799804959297806,-0.04502368137395507,-0.03822121282019797
2008-01-16,-0.01791092656653026,-0.03839546037279584,-0.04729777184753825
2008-01-17,-0.04266438680089202,-0.051575541073025644,-0.00702716145673854
2008-01-18,0.003556117124802638,0.013319509917489203,0.010522310645884048
2008-01-21,-0.03592691626682476,-0.07713375800068789,-0.10991525041032402
2008-01-22,0.0,0.09316062771258515,0.029420156391139596
2008-01-23,-0.022989518224698635,-0.017281137871592467,-0.056170271467054445
2008-01-24,0.07383899119436954,0.06779287692432279,0.10775764025754775
2008-01-28,0.01002976374311082,0.05241984228892482,0.0025904169113175612
2008-01-29,-0.02265802389258398,-0.000865961580680974,0.016382484225153426
2008-01-30,-0.00020835503773652952,0.022395845186042873,0.025322702255789586
2008-01-31,-0.026606299157819535,-0.02735863452817222,-0.010746601218512897
2008-02-01,-0.0034297997180490203,0.016039825681036568,0.05754421631386952
2008-02-06,0.02322569786608475,-0.036141005002123805,-0.03314811408117713
2008-02-07,-0.016919370659766564,0.030617824346013567,-0.013458643107311374
2008-02-08,-0.0074366539910697416,0.006746422398854257,0.020775062574964753
2008-02-11,0.03969038865094299,0.01660946227189486,0.036701366850427686
2008-02-12,0.03208831455150074,0.002041920113711182,0.00736023428616539
2008-02-13,0.02700060181850583,0.014532715567674881,0.015616998850787045
2008-02-14,-0.02468748965267409,-0.012255492794167377,-0.008488114622813736
2008-02-15,0.006072681210442132,-0.008777787376600621,-0.01954693276451902
2008-02-18,0.022704793693756997,0.025634786726727032,0.04202373501657286
2008-02-19,-0.016461277054071743,0.004111606379692212,0.005541139719117183
2008-02-20,0.020331329750693516,0.0023419214450814962,0.03545448098440218
2008-02-21,-0.003665991885792197,-0.017580536565958926,-0.0033389012655145045
2008-02-22,0.023990667776227603,0.003446025631054006,0.014938037108866542
2008-02-25,0.02050545033084994,-0.0005932957753387313,0.0
2008-02-26,0.03847732756100086,0.0017788323694403196,0.0
2008-02-27,0.012874513122049347,0.015285424001822534,-0.0031350574312223323
2008-02-28,0.007020165538856649,0.005237137370204703,0.03235791610812555
2008-02-29,-0.028381292538224745,-0.05610062792588444,-0.0634084931930512
2008-03-03,0.023953241022492744,-0.0067755109836080685,-0.0061559701928581845
2008-03-04,-0.01852078007539104,-0.028206194560159048,-0.02149874757109238
2008-03-05,0.02737856081735579,0.024491020008295283,0.02952817483920489
2008-03-06,-0.045671753864681364,-0.019924222777940148,-0.026553284203548078
2008-03-07,-0.017459221371768363,-0.010816419000114763,-0.021369466589048258
2008-03-10,-0.018167956271382568,-0.018856299361317053,-0.02750806816276441
2008-03-11,0.04614855638468396,0.03849334006662142,0.04027872771150731
2008-03-12,-0.012446307151117164,-0.004904744788236659,0.009821194339988182
2008-03-13,0.007486358028196083,-0.013198161123719743,0.005221943981152055
2008-03-14,-0.0115408089920912,-0.019869057709069438,0.02231852295569503
2008-03-17,-0.033241333779801874,-0.03865793174773202,-0.06252583374752252
2008-03-18,0.028587456851912663,0.01505607147753274,0.031138535698617353
2008-03-19,-0.06007812394328327,-0.07693435703584806,-0.07114755876359125
2008-03-20,0.004119470295238736,0.0,-0.008121680302666245
2008-03-24,0.005125587848812119,0.008608374536600127,0.05029716025399811
2008-03-25,0.03811895810360988,0.051507557145932026,0.027920369688149815
2008-03-26,-0.017875351826963204,0.01615109132788284,0.042742282172234525
2008-03-27,-0.020243606276646675,-0.024188734217949204,0.004024825154859357
2008-03-28,-0.017743399269043447,-0.006862502913069335,0.0008364701449661283
2008-03-31,0.01569631564731866,0.018827295545304157,0.011637704080209588
2008-04-01,0.020284671171505897,0.023640499940363657,0.02045061047129071
2008-04-02,0.011881327886752446,0.02618530382902895,-0.010582109330536493
2008-04-03,0.0037331804826283843,0.01188740271650568,0.012523543365347667
2008-04-04,-0.0007847753983307726,0.0038046970436638183,0.01029113440082341
2008-04-07,0.010155317219405546,-0.013664180210419818,-0.0016010249977695956
2008-04-08,-0.0008664260469815055,0.018803002072367736,0.004635928692923841
2008-04-09,-0.020727643260848305,0.0006248828548023333,-0.017699577099401065
2008-04-10,0.01318700428195374,0.0036166404701885035,-0.006351295676495727
2008-04-11,-0.0191041813100421,-0.022407785484090947,0.001831654828969853
2008-04-14,-0.020687291493214577,0.054743731974563836,-0.013229699781339033
2008-04-15,0.005739330057341174,0.011623161229250556,0.024149728877532528
2008-04-16,0.03985767429123599,-0.00645394854074377,0.02982876360995501
2008-04-17,0.03414271892633791,0.020178726214627574,0.000638671584858308
2008-04-18,0.008356594590941402,0.002347418918304811,0.008740619810734707
2008-04-22,-0.002221606023425693,0.010495723172013971,0.03207499001236247
2008-04-23,-0.013152561226162263,-0.013783654739003115,-0.007073687806945728
2008-04-24,0.017590848678178617,-0.021639175103481012,-0.040147068013411946
2008-04-25,0.02379436748467567,0.013134517180646732,0.01197619104671599
2008-04-28,-0.010323373397859825,0.00023482446978873028,0.013558460895103153
2008-04-29,-0.02965438299711476,-0.0404894208863662,-0.024731761493228532
2008-04-30,0.07189535936327962,0.03129015799321033,0.05222384042848294
2008-05-02,0.0584664584999639,0.01877989465159624,-0.00366300775873718
2008-05-05,-0.006184311608784743,0.019574603124629775,0.018182319083190013
2008-05-06,-0.030484789147773306,0.025887770952127465,0.018152559151149106
2008-05-07,-0.015208438511125077,-0.0033389012655145045,-0.027960257534168864
2008-05-08,-0.0026007817000577305,0.0033389012655145045,0.011907594159904278
2008-05-09,-0.005221943981151167,0.014779137426587763,-0.004956825770605633
2008-05-12,0.014295240186826152,0.0017501645246227326,0.013461166469999508
2008-05-13,-0.014295240186826152,0.02589141393274197,0.002818783855862428
2008-05-14,-0.011055653539166155,-0.013941244562083899,-0.00356189156636022
2008-05-15,0.009483738098909456,0.017343331619761315,0.03419886102824998
2008-05-16,0.004447358540284441,0.021835845532184983,0.03515077107611342
2008-05-19,0.0152832919118433,0.03770186718401147,-0.008217888716525401
2008-05-20,-0.0077419741536153275,0.03266078223954816,0.0
2008-05-21,-0.02332696520051991,0.016319839982073425,-0.032696587076337824
2008-05-23,-0.0007958615621030951,-0.037842877811165465,-0.013823428558554784
2008-05-26,-0.012820688429061367,0.019779358224265575,-0.011049836186585171
2008-05-27,0.022329476398088577,-0.03291910530539477,-0.019598203747652754
2008-05-28,0.035127578626698686,0.021608532309591588,0.02196576922173099
2008-05-29,-0.020254506027743258,-0.032894423965853736,-0.04860543396736583
2008-05-30,0.01771320859907055,-0.006914812990584274,0.01631307335858878
2008-06-02,-0.02577462268861508,0.01599386254346502,-0.0033639175452431225
2008-06-03,-0.018494582636164658,-0.04813763559815465,-0.036339281089394326
2008-06-04,-0.010723963362975653,-0.046811091161009344,-0.03589714449154524
2008-06-05,0.02921854599914031,0.049126637927653594,0.034148475418653845
2008-06-06,-0.024110321421800585,0.00063058331043786,-0.017009395963368146
2008-06-09,-0.017584654384799503,-0.0023140853915517567,-0.03440951867433162
2008-06-10,-0.022634143173363874,-0.031667173252372116,-0.022016130564375125
2008-06-11,-0.02831446229252288,-0.01312929144179309,-0.031483598679749036
2008-06-12,0.03332700411606693,-0.004857594007444899,0.0017655371817797416
2008-06-13,0.005540180375615655,0.015810606026642304,0.0012340239556296595
2008-06-16,-0.004429686091588447,-0.002181025946360382,0.0007044734352636972
2008-06-17,0.012134732465993281,0.009777372838295051,0.02914848971441719
2008-06-18,-0.02245416583533011,-0.018549358911132074,-0.0053150575188527505
2008-06-19,-0.00788070501342819,-0.03359778496617638,-0.0020650497787695343
2008-06-20,-0.029827275689013666,-0.017695509421373767,-0.04600335326225258
2008-06-23,-0.008771986072837024,0.017467693040390753,0.01858523830333869
2008-06-24,-0.013006390858507189,-0.002737852497338711,0.01772442645021277
2008-06-25,0.01857090953652718,0.02660210971482524,0.02048793363958179
2008-06-26,-0.039617988318292996,-0.0011129661694204707,-0.03608996806564413
2008-06-27,-0.005790051220702086,0.008869237740779301,-0.006558562905026655
2008-06-30,0.005775969850392304,0.019889192393187205,0.020593881021410354
2008-07-01,-0.029531521619423406,-0.0026002181497584154,-0.04252931643815394
2008-07-02,-0.01851904776723745,-0.046861021605801856,-0.05262408123204487
2008-07-03,-0.02523793258986262,-0.033055130107232156,-0.02404614598658794
2008-07-04,0.0003194377922066671,0.015160640230681643,0.010737048000956317
2008-07-07,0.00636742043086902,-0.02983893406739302,0.0011643704012964662
2008-07-08,0.03124277854663049,-0.03198721948446481,-0.01092054534666076
2008-07-10,-0.009581281765451033,-0.013885668183838629,0.0
2008-07-11,-0.009360442759563936,0.013639393093318741,-0.016408394228164536
2008-07-14,-0.01071551381312541,0.006872879287762146,0.016408394228164536
2008-07-15,-0.013397329571821048,-0.008105165334026943,-0.021604249242808127
2008-07-16,0.066763885181081,-0.019422921341822885,-0.014327759983255195
2008-07-17,0.006288387244087312,-0.05080375659405734,-0.05558146562411714
2008-07-18,0.03432932086591145,0.010526412986987754,-0.011453393706768011
2008-07-21,-0.010437902826573753,0.01455327141003604,0.036072633726917935
2008-07-22,-0.006139472580887428,-0.03491626510622803,-0.03824843963316482
2008-07-23,-0.0026427852703669874,-0.03617965657750233,-0.0008716496520499994
2008-07-24,-0.03470285408848439,-0.04533354130152123,-0.04777694318425141
2008-07-25,-0.015337723983710028,0.0,-0.00527342733019065
2008-07-28,-0.013694580656757438,0.01009381316921898,0.01120139726599012
2008-07-29,0.02414978044596694,-0.0014357504261042209,0.023810648693717962
2008-07-30,0.02298256583811842,0.04769487380801696,0.0655091930573688
2008-07-31,-0.009009069942365944,-0.016574965094212413,-0.0159265730258773
2008-08-01,-0.02504712489452987,-0.03948815838432118,-0.06434138523989441
2008-08-04,-0.058324637230993126,-0.04808047690894646,-0.07481871039795429
2008-08-05,0.029746777856244355,-0.021202207650602878,0.010625552758894763
2008-08-06,0.02392307982976627,0.033590944436035386,0.013599159835081753
2008-08-07,-0.003115267316949444,0.016676979718591056,0.004728141195946112
2008-08-08,-0.010980502483443955,-0.009197513287298342,-0.016887070345206645
2008-08-11,-0.028801990903706054,-0.02566178551448317,-0.037638851499934844
2008-08-12,-0.013072081567352845,0.011251449090493804,-0.005744988949507146
2008-08-13,-0.0029649173424641795,0.020353890324837476,0.044821999853601024
2008-08-14,0.014412303182815167,-0.009227629102038115,0.0107207697451015
2008-08-15,-0.019705071079332503,-0.023295562603522058,-0.01913934021069741
2008-08-18,-0.027915046154743717,-0.030771658666753687,-0.022472855852058604
2008-08-19,-0.005471969877993477,0.029546543659004332,0.015200096522979045
2008-08-20,0.026731417421001158,0.047285888384283936,0.053529235629201644
2008-08-21,0.007981419157288894,0.03391129536785886,0.019187431952262024
2008-08-22,0.00594453533891004,-0.0028296566701935255,-0.016423726830644192
2008-08-25,-0.022644990281988964,-0.042843020967383794,-0.030829158019901826
2008-08-26,-0.02075963611034992,0.011176586931414878,0.0009483168088593175
2008-08-27,0.022778479326320378,0.029112878952841648,0.03217810847450808
2008-08-28,0.023913461005978798,0.004252309738530524,0.005035487865926225
2008-08-29,-0.017213268436159224,-0.012811563134200288,-0.007562772381699556
2008-09-01,-0.015139061215684313,-0.019968830218868305,-0.015766614571975257
2008-09-02,0.020007336263477393,-0.032682647430358536,-0.023408090898014766
2008-09-03,0.006909058574220195,-0.01552306318649288,-0.004796172263493048
2008-09-04,-0.023553916888175097,-0.03591330522621239,-0.030756634741151867
2008-09-05,0.015323417751659463,0.012952321335452988,0.011093420803401255
2008-09-08,0.021259999426849197,-0.05152459612169258,-0.03695801389569775
2008-09-09,-0.037927051912060694,-0.06519967818644878,-0.05087832607312759
2008-09-10,0.0016792615197198657,0.01157298555765851,0.0569650808530211
2008-09-11,-0.0016792615197198657,0.09060787718278807,0.05053447305355485
2008-09-12,0.00803486076927884,0.04969966855227259,0.025161545775986838
2008-09-15,-0.07259579112152026,-0.10199916795512154,-0.09226746241880379
2008-09-16,0.0003584871879225293,0.04910970403474879,0.02538207327141695
2008-09-17,-0.05223695775851267,-0.04910970403474879,-0.0727593542824283
2008-09-18,0.06647207358038454,0.07745805903900393,0.07024994267700269
2008-09-19,0.07158080376298415,0.08281001704009316,0.07965608481931019
2008-09-22,-0.030052345066401864,-0.002289640382074243,-0.028237170181609983
2008-09-23,-0.01022155407153802,-0.048432062106518625,-0.07609268318451656
2008-09-24,0.00648577115658977,0.03661465984688661,0.017107528163500696
2008-09-25,0.030493232084497723,0.044237436782208484,0.034340273988372694
2008-09-26,-0.0033057881344995543,-0.0173479448535776,-0.05998270460171051
2008-09-29,-0.05793783710621936,-0.07865595679611959,-0.1301974388047653
2008-09-30,0.0821457578703153,0.06929816839055913,0.07822038370681428
2008-10-01,-0.001293661241220434,-0.005714301263438415,-0.004387174571718777
2008-10-02,-0.05242113036360685,-0.08518964584170274,-0.11151664296949049
2008-10-03,-0.051658858273910147,-0.033309978881532754,0.00582020328841093
2008-10-06,-0.06807921221827673,-0.03278982282299081,-0.07910138746613882
2008-10-07,-0.0058881426252226365,-0.05833557701296321,-0.04151093702080866
2008-10-08,-0.003944778291016249,-0.05819823924298828,-0.0006894174695677435
2008-10-09,-0.0742295970626532,-0.031193095773504043,-0.03723647615765824
2008-10-10,-0.060997190147114244,-0.07541663928475417,0.012802450820376343
2008-10-13,0.1998888185062062,0.11407245625984785,0.1228740981505343
2008-10-14,0.05021824470198322,0.01476041558312069,-0.0160658676867933
2008-10-15,-0.08374935740324885,-0.12883287184296854,-0.20551640306046393
2008-10-16,-0.03906746819090956,-0.0779615414697119,-0.02527780718426831
2008-10-17,-0.04898938720027335,0.034967049896856395,0.05757867020251117
2008-10-20,0.07455616817228039,0.09929605694149712,0.12481294158464173
2008-10-21,-0.013685453085254373,-0.015479570848386581,0.010106376314729104
2008-10-22,-0.12212314899900045,-0.07472354619593635,-0.0585463391147969
2008-10-23,-0.03993271033537105,-0.021787354184907404,-0.05867340168517288
2008-10-24,-0.07646116609447717,-0.10683002363718641,-0.05037035938894974
2008-10-27,-0.04445176257083383,-0.11907062895484843,-0.09859560370412179
2008-10-28,0.1296707629317202,0.1017648818572563,0.12967782330853295
2008-10-29,0.05621462048612891,0.06516176827522746,0.030530747056058072
2008-10-30,0.11580470019004241,0.06556019531240787,0.06889006486611438
2008-10-31,-0.03100110925436894,0.01993133570745198,0.021360726730467405
2008-11-03,0.043290050388720136,-0.007319731282135145,0.02125885950159434
2008-11-04,-0.010679534386389689,0.0813051243722076,0.06798086532854386
2008-11-05,-0.07853206351284259,-0.034451228754246,-0.08888755014785765
2008-11-06,-0.05388924574144105,-0.05727970682329819,-0.032203140494634575
2008-11-07,-0.0016920477810242751,0.015598236530324439,-0.031396854060672386
2008-11-10,0.011366150568501654,0.0292331767664058,0.045837538215466545
2008-11-11,-0.012213249306153529,-0.0016715423866908719,0.012466768765130087
2008-11-12,-0.08163295449687147,-0.14803530288141942,-0.06735073128340918
2008-11-13,0.08796877294595706,0.023011561893206967,0.03277760841120614
2008-11-14,0.008385793376274098,-0.0162449821843329,-0.008833329427756276
2008-11-17,-0.008385793376274098,-0.01504517580887721,-0.013023439886286958
2008-11-18,-0.07654007712233435,-0.06047182175501753,-0.044026248756490194
2008-11-19,-0.024851716155763315,-0.039740328649514156,-0.021761491781512987
2008-11-21,-0.1014332679479919,-0.09104900126457038,-0.0921152889078054
2008-11-24,0.11944345228703868,0.12974982878097974,0.13555784675064242
2008-11-25,0.02173014431046738,0.006737522247742378,0.026456569536830177
2008-11-26,0.05531564617949791,0.05819093845413814,0.0286784359813268
2008-11-27,0.016807118316381153,-0.0281708769666964,-0.019766382936703852
2008-11-28,0.02591138178450092,0.005498639197916821,0.017589313862025335
2008-12-01,-0.04824220226951459,-0.0863771179188495,-0.07659786699013571
2008-12-02,0.01625374394450696,-0.005449604767564509,-0.03796659792385082
2008-12-03,0.008233887605892942,0.05372203659304775,0.01295040357478383
2008-12-04,-0.016953062628460636,-0.037461515721267435,-0.031865441188533516
2008-12-05,0.013256200747134628,-0.02394020754600823,-0.022670996164352974
2008-12-08,0.009950330853168099,0.10695615824238214,0.11801891252974972
2008-12-09,0.001978240012105781,-0.004960327630968875,0.013865689635223166
2008-12-10,0.0035509999831124794,0.08709425106252366,0.06623507150557284
2008-12-11,-0.03977226341743112,0.017619611004981994,-0.02112010921453189
2008-12-12,0.03819559773803616,0.012018840426173849,0.0035511400954639782
2008-12-15,-0.040246880508593375,0.01318700428195374,0.00636044547097514
2008-12-16,0.06171111917689309,0.038548670117235284,0.05182150991176071
2008-12-17,0.007309130443145184,0.02284626885116947,0.013289232118682826
2008-12-18,-0.015061107247463124,-0.03553142837848555,-0.05042516341888614
2008-12-19,-0.04577913766064423,-0.006403437035206627,-0.004173919103163559
2008-12-22,-0.037348739302587974,-0.05321105683441574,-0.06516611433832509
2008-12-23,-0.04011752108499134,-0.006343473922175047,-0.0386851423112371
2008-12-26,-0.02270295594661431,0.035718082602079315,0.04683635454194368
2008-12-29,0.0017993707059129616,-0.018914133235064634,-0.002216476710891868
2008-12-30,0.01516532186766284,0.014109581516319913,0.023754086008107134
2009-01-02,0.09695878589958862,0.07179105449495604,0.09665534643049556
2009-01-05,0.010173027713050509,0.022563406854972934,0.05299676069739956
2009-01-06,0.031875208530449006,0.013847896858793396,0.02729812198692949
2009-01-07,-0.04614660263578174,-0.04008552707565061,-0.06403436181254873
2009-01-08,0.0016413626992302088,0.042048236243499515,0.043553743764342734
2009-01-09,-0.010302996558443356,-0.003929278139889858,-0.016503566231316658
2009-01-12,-0.03713506857886717,-0.06716664354384072,-0.08310862729537138
2009-01-13,-0.03946149880361993,0.008385793376274098,0.026596417032028974
2009-01-14,-0.06227513342998936,-0.027514963285269145,-0.047628048989254435
2009-01-15,0.03000693959158962,0.0337584799249544,0.025796787332020177
2009-01-16,-0.021004272770532184,0.007441125694688244,0.01850347156455978
2009-01-19,0.0014140940371980548,-0.01870767508064697,-0.0110609473594252
2009-01-20,-0.054198071930603886,-0.032845776269737614,-0.04515673263880382
2009-01-21,0.04758179070612245,0.050729388674991105,0.02884648320209715
2009-01-22,-0.009049835519918004,-0.0258887109780066,0.001369394257130896
2009-01-23,0.010471299867295558,-0.00211729911831382,0.034300605353696056
2009-01-26,0.0014194466542261086,0.008862687257845225,0.018667645415118894
2009-01-27,-0.019575702690905583,0.004192878260036004,0.04100367820945294
2009-01-28,0.04524805774503249,0.05296553557991257,0.05542675170465783
2009-01-29,-0.030411700418023324,-0.006768889073694551,-0.027178020403381797
2009-01-30,-0.011947573421118074,0.0,-0.016176150067006567
2009-02-02,-0.026798193154724315,-0.013676802086594941,-0.005863309499285041
2009-02-03,0.004938281640582964,0.035412492793608585,0.04833317630114031
2009-02-04,0.029128272923023557,0.0046801957504774006,0.04328430998626498
2009-02-05,0.03294415571935394,0.011605546120308174,0.042571381270398945
2009-02-06,0.04658314495532667,0.041437189864172996,0.04756510840514494
2009-02-09,0.001766004873991589,0.010644255389331558,-0.03012670540350726
2009-02-10,-0.02682324425079252,-0.01249097798249621,-0.029691789807402724
2009-02-11,0.016625860385850455,-0.005560718684697097,-0.02834310314706734
2009-02-12,-0.028018100249570743,-0.004097603051276044,-0.01906445561803105
2009-02-13,0.03290808554376268,0.02978708916658701,0.044389309800720866
2009-02-16,-0.005335717416570462,0.011527505171067487,0.0032921840434769756
2009-02-17,-0.04095203715584517,-0.05597926774190154,-0.06799559923699094
2009-02-18,0.0055581430722269065,-0.019507216388824133,0.02002679034987409
2009-02-19,-0.01161453242069288,0.01571214542027266,0.006301940077277468
2009-02-20,-0.0424783499435164,-0.019969941672677516,-0.08302163103035953
2009-02-25,0.023609865639133698,0.018066991526591414,-0.055171012213980575
2009-02-26,0.007117467768863905,0.010233176280028955,0.0
2009-02-27,-0.021506205220963803,-0.00453515516539138,0.012058154900702167
2009-03-02,-0.0384094481148709,-0.0536885051135052,-0.05835961518558319
2009-03-03,-0.020485352881865815,-0.008831851867828755,0.019048194970694876
2009-03-04,0.050687356174706544,0.061383347194258864,0.09659580243693933
2009-03-05,-0.021339316034995504,-0.014130462343713068,-0.04601030564883324
2009-03-06,0.022777820238938817,-0.012773543138433263,-0.026616306675109946
2009-03-09,-0.029170760625200742,0.0011679970181250887,-0.023295562603522058
2009-03-10,0.05844575019051046,0.05193511172503573,0.07145896398214502
2009-03-11,-0.008880637939039593,0.005158449168945145,0.009981367958029175
2009-03-12,0.025951410033012934,0.01241798280376849,-0.017533323295962244
2009-03-13,-0.007346222201978669,0.005429877594369303,-0.026890224560896403
2009-03-16,0.005514719858510819,-0.01858315454891324,-0.0045528533929140025
2009-03-17,0.017265308473308982,0.02864071059295581,0.02478800664739378
2009-03-18,0.01918417076721224,0.011371835411856601,-0.009905816740596762
2009-03-19,-0.03233330603807061,0.033017769028673705,0.02097312338027857
2009-03-20,-0.018425210327736474,-0.0051413995004188084,-0.014252022707201384
2009-03-23,0.07131467424810922,0.05872267275756804,0.06094355021971243
2009-03-24,-0.02144033123786948,-0.016664329429507463,-0.036990309197219684
2009-03-25,0.008368249670516414,0.002632446403372235,0.0027989444489402437
2009-03-26,0.028109958931893386,-0.0019736848512221794,0.027264669383158413
2009-03-27,0.005528400216936458,-0.025680917727642694,-0.025713078691739444
2009-03-30,-0.03188551032141529,-0.028093659870793042,-0.05808907933290186
2009-03-31,0.011319232739938512,-0.008023765357202395,0.018558240576266538
2009-04-01,0.029012273734887906,0.02933773824261654,0.016000341346440905
2009-04-02,0.0016359921849309345,0.036732009268730215,0.06364526516035651
2009-04-03,0.02142794741362053,-0.0032840752011900065,0.011256043012761285
2009-04-06,0.009950330853168099,-0.0036249833730301884,-0.02656476161182697
2009-04-07,-0.005958309583630417,-0.010620743710574088,-0.022019238243917272
2009-04-08,0.012668419623569571,-0.0030075210639550765,0.008007434223701093
2009-04-09,0.03971989254300046,0.01108586508176268,0.06242739858015156
2009-04-13,0.0,-0.0016225867587198461,0.025605950905171593
2009-04-14,-0.03422752879497448,-0.009463278323043056,0.0008423417597596128
2009-04-15,0.0015637219761828192,-0.017196190938914224,0.007270725541771217
2009-04-16,0.028875923501854528,0.0006668889877037287,-0.0016844473382033875
2009-04-17,-0.005708864220320242,-0.01612938192988378,-0.008181735582850624
2009-04-20,-0.04289156462931265,-0.024692612590371255,-0.041058094155397296
2009-04-22,-0.009607760055173387,-0.006619080079881323,0.011737223945725628
2009-04-23,0.043296805753324286,0.022806793641775513,0.027903435528698672
2009-04-24,0.011489977038760868,0.001365654019006346,0.018550278979713397
2009-04-27,-0.036057404861066455,-0.02138012472952755,-0.02824248712104671
2009-04-28,0.010602887471933053,0.004867881657037332,-0.01762796694505031
2009-04-29,0.057679111586677934,0.0310764293816983,0.020488380794680072
2009-04-30,-0.0011068069751909437,-0.006747663928775349,0.030104960227848476
2009-05-04,0.04722448907015653,0.06836076021432391,0.10314075891951369
2009-05-05,0.03141619623337899,0.014126745680756114,-0.0075282664207918515
2009-05-06,0.013991014777401167,0.014544585656264486,0.0075282664207918515
2009-05-07,-0.044698242530180066,-0.01766666124876992,-0.03822121282019797
2009-05-08,0.027264883561805897,0.03139685406067194,0.014184634991956546
2009-05-11,-0.0262023723940239,-0.003947173790352254,0.00306827139204513
2009-05-12,-0.013183871700126915,-0.015946366729218342,-0.027172068891738732
2009-05-13,-0.03764376493744925,-0.02726159739770706,-0.040690838378680816
2009-05-14,0.01881627179947598,0.008225291549060376,0.0065359709797854215
2009-05-15,-0.005865119452398204,-0.013959617552155246,-0.0065359709797854215
2009-05-18,0.05018974452385527,0.04406274400418497,0.06351340572232589
2009-05-19,-0.003502630551202035,0.000305670184253648,0.007662872745568983
2009-05-20,0.0017528488274145548,0.013056204897325285,0.003048782849358833
2009-05-21,-0.009148550788543597,-0.019802627296179764,-0.041435238494262894
2009-05-22,0.011247921748543055,0.01132029834043613,-0.0018525875352777277
2009-05-25,0.011813896956985426,0.002430873272388334,0.008966304795479108
2009-05-26,0.0211901298453816,0.023692816169306186,0.02052819910172543
2009-05-27,0.0010140274656289527,0.0,-0.026848999708780408
2009-05-28,0.026339245598687056,0.026613648518089672,0.02427366993104796
2009-05-29,-0.002965894413378356,-0.00578872817624454,-0.019792312754222774
2009-06-01,0.01734052938273556,0.022672803608311032,0.04826398683553457
2009-06-02,-0.008561132302033814,-0.019774250854299513,-0.0346796609095974
2009-06-03,-0.025792754561728692,-0.041364833581807536,-0.04240168821512613
2009-06-04,0.016490361899415218,0.02796136951794037,0.022484887302269385
2009-06-05,-0.00770652163901242,-0.003231969906026144,0.010531956224238304
2009-06-08,0.009374022442269592,-0.0029472464599320514,0.005745641296079462
2009-06-09,-0.018991075505317312,-0.010980968034634664,0.0002603827641323164
2009-06-10,0.007038741981476138,0.010980968034634664,0.008812913441542669
2009-06-12,0.018859119737095975,0.0020639842208514114,-0.005953168869431202
2009-06-15,-0.028592373284844097,-0.019331457018307185,-0.019927245652624936
2009-06-16,-0.0033783815916270665,-0.0227800283318198,-0.017633371663910324
2009-06-17,-0.009520643148312802,-0.015480185287899184,-0.007847422222460043
2009-06-18,-0.006512448038475949,-0.00908954698774389,-0.005994568359814156
2009-06-19,0.009582551080996371,0.00596454444460881,-0.0010937928353280668
2009-06-22,-0.03324405857915447,-0.034711333888529206,-0.055694932262254415
2009-06-23,-0.02495673197386772,0.0173470459791929,0.00806688327299998
2009-06-24,0.0,-0.012820688429061367,-0.02292946197199086
2009-06-25,0.031624593140927804,0.03953083875663532,0.032922407369509354
2009-06-26,0.010784588784165994,0.0,-0.017192400540372965
2009-06-29,0.010327114155849637,0.024503523055913634,0.008919639053265982
2009-06-30,-0.007562772381699778,-0.018321123147596152,-0.01181399707963049
2009-07-01,-0.002764341774149859,-0.020234153363967833,0.003761034377016692
2009-07-02,-0.0035149421074445186,-0.017766964814645902,-0.008118339745972314
2009-07-03,-0.01061956882746018,-0.0073895918591275755,-0.004961340980913498
2009-07-06,0.009342504172316746,-0.008287798143212122,-0.018007866695501473
2009-07-07,-0.00753907717316582,-0.023237280621828393,-0.05134032996997728
2009-07-08,-0.025548834899953077,-0.008210788516573642,0.020792060112373445
2009-07-10,-0.006676582665090747,0.019054676545198657,-0.0018444517986475617
2009-07-13,0.012574130167755104,0.004036332422460376,0.0
2009-07-14,-0.0029444261243145586,-0.006736300313072707,-0.00865271158686376
2009-07-15,0.042221677978351524,0.03877867822532499,0.07472851204332098
2009-07-16,0.0070422826254130655,0.006157854493161752,0.0017266191339877501
2009-07-17,0.0021030501967786996,0.017614546700982503,-0.000862936915335677
2009-07-20,0.0272854088027219,0.01261846395921129,0.03755912318362142
2009-07-21,-0.010274062976185272,-0.0025109868811579172,0.011299555253933669
2009-07-22,0.004122300581709926,-0.00409384920681144,-0.02048798130833962
2009-07-23,0.024048576384986253,0.022157249095454246,0.02076199144842894
2009-07-24,0.008000042667076324,0.0030816665374080454,0.008185584586439365
2009-07-27,-0.0006642311768627618,-0.001539646185592547,0.006770506567210788
2009-07-28,-0.004662013105811269,-0.021807717811398453,-0.002973376971001862
2009-07-29,-0.01716924855142299,-0.027136541435000883,-0.02161802616632036
2009-07-30,0.010807264930089211,0.010302731183586156,0.012371291802546924
2009-07-31,-0.007417431175577693,0.007975795989029644,0.012220111334775297
2009-08-03,0.020101179321087015,0.03374265757826267,0.027420858181068652
2009-08-04,-0.007683351644624192,-0.013298479576017375,-0.001576872862881551
2009-08-05,0.01761720816891499,0.006207344574333806,0.001576872862881551
2009-08-06,-0.013267192944048878,-0.013080223862095952,-0.014015831713020788
2009-08-07,0.021470684396876827,0.003129893008927853,0.010596125631495479
2009-08-10,0.009756174945364515,0.003120127336243783,-0.002638523958181427
2009-08-11,-0.029892191142782076,-0.02779711504868443,-0.025690468274873535
2009-08-12,0.010283719754405674,0.021233565934680287,0.00917437627604123
2009-08-13,-0.010950831186751664,0.01863986865904277,0.025458813352799314
2009-08-14,-0.0073677493369328495,-0.004318328734099319,0.00808454005631365
2009-08-17,-0.028641575963384236,-0.010878118147183091,-0.04244669024725711
2009-08-18,0.01612661471747656,0.009950330853168099,-0.00543479598595642
2009-08-19,0.012514961245907674,0.014742281737203156,-0.0005451076722606807
2009-08-20,0.016667052485211498,0.007593050907597432,0.007875125560276253
2009-08-21,0.0016515280384730158,0.017396959454483163,0.014234160027824405
2009-08-24,-0.004631169375568067,-0.006862625769523678,0.011928570865274324
2009-08-25,0.00792606527242068,-0.0051028176161520555,-0.0071400541334769585
2009-08-26,0.01631357549152379,-0.0018072294075417439,-0.0026574557228431495
2009-08-27,0.0,-0.009389740349839082,-0.006139082406492857
2009-08-28,0.006451635281488732,-0.009478743954543623,0.014354313451683254
2009-08-31,-0.011317824932661535,-0.03660662134969184,-0.03245557764224527
2009-09-01,-0.011447385840350988,0.006986373287980019,-0.0032769008023150192
2009-09-02,-0.004637305428517147,0.017255330090761856,-0.01515806892516558
2009-09-03,0.0026525214491310845,0.0012433946270884455,0.012967487545346934
2009-09-04,0.030330060072692788,0.009891889005097187,0.016852804407259114
2009-09-08,0.012767489103452823,0.011316835872165365,0.031832926573210685
2009-09-09,0.006323132038134727,0.0036429912785009844,-0.003924138456134596
2009-09-10,0.006909575228439602,0.010250315856167758,0.0181823190831909
2009-09-11,0.01213267332541701,-0.00601686532423118,-0.011650617219975512
2009-09-14,0.004935235186730891,0.0030129579888305003,0.01293679103071943
2009-09-15,0.010711655594927816,0.004801929995407406,0.014799963940880012
2009-09-16,0.01959369390040111,0.028046118685703725,0.019315789299291897
2009-09-17,0.003575689149448724,-0.0014566644964641995,-0.012500162764231604
2009-09-18,0.0038592893380695603,0.010152371464017929,0.006019581758386128
2009-09-21,-0.008330902095303738,-0.0014440435722335998,0.01710714832163207
2009-09-22,0.0038765517459233845,0.0066254023142309215,0.02644180732872492
2009-09-23,-0.017412628477176506,-0.01650059148193561,-0.009864148308910359
2009-09-24,-0.006989847635425095,-0.013517690407000682,-0.01756142692994711
2009-09-25,0.006383970609923351,0.009129793941581088,0.001229558743371939
2009-09-28,0.01891096428569794,0.022609658768128593,0.016573618459721384
2009-09-29,0.02554079828513589,-0.0034453091789128365,-0.008983913769012197
2009-09-30,0.02150620522096358,0.0065931154696436955,0.004623441743681678
2009-10-01,-0.006260692048882133,-0.017467693040391197,-0.028066834933621276
2009-10-02,0.01822892971352985,0.003225336324848005,0.02246730721688417
2009-10-05,0.03385450945527979,0.008453628539298652,0.013097446505400345
2009-10-06,-0.014843593043293968,0.0011604294890816824,0.009114958765683578
2009-10-07,-0.04069507559243446,0.00491685733871039,0.023830312526452957
2009-10-08,0.025065396552317765,0.022536968690676673,0.014122239565849348
2009-10-09,0.009797139244983377,0.005345349624471751,0.005044725213699142
2009-10-13,0.011080445776571857,0.005037794029957521,-0.009653028299893673
2009-10-14,0.02449102000829595,0.009170551972208063,0.04515439748054462
2009-10-15,-0.0005377789858029836,0.01237129180254648,0.010758694180015294
2009-10-16,-0.014084739881739194,-0.005479465764625324,0.01918845129999136
2009-10-19,0.007337986452913059,0.026031838717946787,0.029612440238714566
2009-10-20,-0.025505290408361914,-0.023288352772195875,-0.01818625571909882
2009-10-21,0.0,0.005464494472078751,0.007400991553063285
2009-10-22,0.02496357858579712,0.008141157583699599,0.017414177566660527
2009-10-23,-0.00980133084611956,-0.01360565205577835,-0.017414177566660527
2009-10-26,-0.008241804895103622,0.005464494472078751,0.006269613013595521
2009-10-27,-0.01837468177858237,-0.02064767089346864,-0.03844515190970155
2009-10-28,-0.056051643431364706,-0.048734532893514704,-0.04442122246913316
2009-10-29,0.05633258176724798,0.05178966650162975,0.08501922773993575
2009-10-30,-0.029648693922129876,-0.028693951706980414,-0.037244173172371386
2009-11-03,0.0211860200033962,0.014449890181059022,0.037244173172371386
2009-11-04,-0.0019962932624246754,0.004210532536343514,0.009417877829566379
2009-11-05,0.006260692048882133,0.019418085857101808,0.004251707085107803
2009-11-06,-0.007403222878680893,-0.00966191091173707,-0.006384358778468435
2009-11-09,0.014470390101773312,0.0281708769666964,0.03379479960725895
2009-11-10,0.00561799230422344,0.008860307662400313,-0.01099938452958149
2009-11-11,-0.0014015419252886296,0.005066002035794437,-0.0018798961149886217
2009-11-12,-0.021262317651923546,-0.020148431760503627,-0.03684010768960233
2009-11-13,0.008559253395670208,0.007569649553643476,0.017204725449630587
2009-11-16,0.022472855852058382,0.006710533838427679,0.03909769426972787
2009-11-17,0.01104983618658495,0.0269216575662643,0.013037463135697092
2009-11-18,-0.009939341902557741,-0.005221943981151611,-0.017352686106415494
2009-11-19,-0.021313201601546705,0.007822725681208897,0.0022626770941198693
2009-11-23,0.016027335907038864,0.009049835519918226,0.010627526961885625
2009-11-24,0.009715551786096066,0.007692345623155461,0.005676074432368505
2009-11-25,0.00413508514780303,0.007633624855071464,0.016638651866076604
2009-11-26,-0.022535381253023123,-0.025675351340230357,-0.030274764246592145
2009-11-27,0.007568361283835978,0.011635554672747794,0.016260520871780315
2009-11-30,0.019085076578104543,-0.0025740039951731575,-0.01176245563091527
2009-12-01,0.01899650069065517,0.025195377809609454,0.01779262465750664
2009-12-02,0.0013431835464676745,-0.009596033231924928,-0.008048333182828493
2009-12-03,0.0026809667532576853,-0.002795072331696513,-0.01117330059812538
2009-12-04,-0.0026809667532576853,-0.02316705928153473,-0.018557233560217767
2009-12-07,0.026405054555309615,0.0,0.0016635478987163665
2009-12-08,-0.005278449838136634,-0.021319402017594413,-0.008974285420722428
2009-12-09,-0.0002646552880340991,0.0,0.010427623162259092
2009-12-10,0.011317399385445182,0.00451228370121326,0.016461277054072188
2009-12-11,0.005220580899004901,0.001058761348242232,0.008130126083250033
2009-12-14,-0.008103560225158457,0.002642009462838768,0.017656959528169924
2009-12-15,0.0018355846244832996,0.002635047638004817,-0.0011940299926078701
2009-12-16,-0.026009958820159884,-0.0036910139452088764,-0.0051906684720619545
2009-12-17,-0.02477328269004264,-0.026496933535123723,-0.03151628130577411
2009-12-18,-0.009137541079880185,-0.007896569283333488,-0.002274843293075701
2009-12-21,-0.0013917886728225248,-0.04445176257083361,-0.003318128303601231
2009-12-22,0.008321823337492207,0.03187298036397346,0.01872675365644616
2009-12-23,-0.008321823337492207,0.009857692092499537,0.013365934095209031
2009-12-28,0.0038921372459039816,0.001361470598320924,0.0018088639240261273
2009-12-29,0.007188308530667875,0.0013596195160396896,-0.0028152039505866533
2009-12-30,0.0022014318191712068,-0.002993606807694338,-0.0032271105053758298
2010-01-04,0.035640921363989,0.017025137611952346,0.039414944483405545
2010-01-05,-0.010610179112015672,-0.008611463334918579,0.009279014962300103
2010-01-06,-0.008032171697264001,0.013423020332140378,0.020945167819453214
2010-01-07,-0.0026917916657116514,-0.009377161812596846,0.0041368994688872895
2010-01-08,-0.0010787487561756404,-0.005398123769557284,0.009710627192637489
2010-01-11,0.0008091706442858726,-0.0032529169372370603,-0.0029778544246208405
2010-01-12,0.002961369777601419,-0.012843461147695745,-0.0027998151747463673
2010-01-13,0.0053619431413851615,-0.0016515280384732378,0.012260974702058558
2010-01-14,-0.021622464013165477,-0.017507741900004703,-0.00018465515702015267
2010-01-15,-0.014309545212897845,0.002240269769216763,-0.013011335975945393
2010-01-18,0.008830079448272077,0.022130917055770638,0.013934270974546692
2010-01-19,0.0090250851888809,-0.004662013105811269,0.013742772404029768
2010-01-20,-0.019742478729201318,-0.025895920111839832,-0.02767704337857646
2010-01-21,-0.025475127264091846,-0.03210364550853573,-0.035224964983537
2010-01-22,0.0,0.012159964541200274,-0.02135033600755598
2010-01-26,0.005021981678296372,-0.024764557624396666,-0.020400707516166516
2010-01-27,-0.022479971491879303,0.00617558204415003,-0.013835419064738286
2010-01-28,0.016828465083948085,0.014552061216698498,-0.0006148171112818623
2010-01-29,-0.013631531414834974,-0.012794591520052467,0.0026614817634911248
2010-02-01,0.016775199517802264,0.003797288044693925,0.02981086814124101
2010-02-02,0.004647568396547008,-0.0058479698824229764,0.0
2010-02-03,-0.006201570263281386,-0.0017610805842980248,-0.0021853589704599052
2010-02-04,-0.029994355868191658,-0.05246907347656249,-0.05561531189946578
2010-02-05,-0.03755543383421989,-0.02444496523893247,-0.008445996153410906
2010-02-08,-0.0016652793190614634,0.006955450108584671,0.007183635371425634
2010-02-09,0.03343477608623746,0.015630202540164673,0.02083408690284161
2010-02-10,0.012175735165814938,0.012330612457478463,0.001030396793896493
2010-02-11,0.006981938867118176,0.02181904739463958,0.02320951087689549
2010-02-12,-0.0003163055537995785,0.013103224998427088,-0.006865939734738813
2010-02-17,0.02776656310816561,0.013225762219261306,0.03875298629723334
2010-02-18,-0.006172859107081097,0.012764896273424142,0.016816864857577496
2010-02-19,-0.009643876267184215,-0.009849442313299761,-0.0032638984528738924
2010-02-22,-0.010685205371241402,0.008695706967553729,-0.019418085857101808
2010-02-23,-0.020750944105039082,-0.013364521984702282,-0.01541227899488673
2010-02-24,-0.003231020581446309,-0.007338943845129897,0.0035778213478843135
2010-02-25,-0.0016194335523029846,0.012880740148623282,0.0059347355198142715
2010-02-26,0.009677494882065263,0.006667657692549511,-0.0049431637975194676
2010-03-01,0.01117330059812538,0.00920340117148788,0.010254477552332553
2010-03-02,0.006931344700614961,0.0054247099481750105,0.019814168043673863
2010-03-03,-0.0015710922320413268,0.0008538494897583071,-0.00211803294738111
2010-03-04,0.0015710922320413268,0.0014214643473775546,0.013782760295420804
2010-03-05,0.003134798805371375,0.017181101406289923,0.03180810719622551
2010-03-08,-0.009434032233358813,-0.003076495224747955,-0.007393749024938057
2010-03-09,0.006926979839060099,0.022161571802852276,0.007393749024938057
2010-03-10,0.0034455789765630573,0.013605652055778794,-0.012975158863133274
2010-03-11,0.005301743277820181,0.0013504390978709147,-0.013145729212502566
2010-03-12,-0.010317427773987697,0.00026986911511794887,-0.0056872191205896705
2010-03-15,-0.0022022975709401482,-0.007855925544032694,0.0056872191205896705
2010-03-16,0.008780238282366293,0.011895247045350388,0.02464650520626588
2010-03-17,-0.008780238282366293,-0.001613771194763025,0.001105990896148601
2010-03-18,-0.001260636788444458,-0.0035054640184166708,-0.009812167958895834
2010-03-19,-0.006644542718668767,-0.021570802238365605,-0.010849339491525445
2010-03-22,0.002853068982406448,0.0002759762677926325,0.013450604429158464
2010-03-23,-0.014989915503802909,-0.011657084542212814,0.034828937441859775
2010-03-24,-0.011310509976240501,0.007509422022131673,-0.0017937224540269803
2010-03-25,0.014198366948737773,-0.024969736050645785,-0.007207238404949301
2010-03-26,0.006069336631519429,-0.020086758566737473,0.009000960858976281
2010-03-29,0.018928009885518904,0.011527505171067265,0.022154206920819597
2010-03-30,0.008402103264144145,-0.0028694424279529507,0.006986927986679881
2010-03-31,0.01629050932622733,0.016811907576943508,-0.005235614053944904
2010-04-01,0.011518769372200532,0.010120974782644954,0.010097578832022336
2010-04-05,0.0,0.007246408520766856,-0.0027753703851236544
2010-04-06,-0.012750628118782581,0.0019420175336390955,-0.0013905790525190476
2010-04-07,0.0012213741976343506,-0.007790801787768142,0.010038159748759323
2010-04-08,0.030947339778249816,0.00027929060368681036,0.022645046984640427
2010-04-09,-0.0014803851704343618,-0.016329191657195263,-0.0018535686493228454
2010-04-12,-0.0134230203321406,-0.024132167908971436,-0.006939183298655394
2010-04-13,-0.009049835519918004,-0.005832620792964871,0.007950646635056291
2010-04-14,0.003025720916537189,0.001753361057024172,0.008389310948305084
2010-04-15,-0.01338219484069847,-0.019160497739075577,-0.0008421053129223921
2010-04-16,-0.02104038013651066,-0.01953480602064217,-0.013912677752547342
2010-04-19,-0.008794026522573217,0.018045602469174193,-0.017754495499824774
2010-04-20,0.005662173038779361,0.022108490754203736,-0.014010737069598544
2010-04-22,0.0006271558687844792,-0.01291097746690495,0.003521130398579153
2010-04-23,-0.006920442844573715,0.01272771362421743,-0.008826182628272505
2010-04-26,-0.0136661907638147,-0.020502872410572692,-0.0040863519596716635
2010-04-27,-0.016129381929883557,-0.0370016220696181,-0.05225887570967158
2010-04-28,0.017728103293580766,0.008993703047267543,-0.006775858787253952
2010-04-29,0.019614675035500406,0.019263705308744106,0.02701608181448112
2010-04-30,-0.0034520668205553218,-0.006684923101884177,-0.024187225614003438
2010-05-03,-0.005042557170867656,-0.0404409695585104,-0.025172953924501584
2010-05-04,-0.01638590879081847,-0.03423001283810234,-0.04786359472625934
2010-05-05,0.0029112102074584367,-0.007584537594904406,0.024613548706712507
2010-05-06,0.0012911557636199333,-0.013329087708600529,-0.014334308745814095
2010-05-07,-0.009724549891994894,-0.002014775698341298,-0.003414686455447846
2010-05-10,0.030791399859714685,0.01335579118155561,0.041578247724114004
2010-05-11,-0.009839787373936426,-0.01773511433354158,-0.009697515872823637
2010-05-12,0.010471299867295336,0.00940867155698788,-0.0035142558619654096
2010-05-13,-0.015267472130788384,0.0033389012655147265,-0.014578666399401197
2010-05-14,-0.012903404835907795,0.002995508979798389,-0.030015346211680338
2010-05-17,0.004858309151076101,-0.008008050803342659,-0.01566396412590043
2010-05-18,-0.024531074749781112,-0.02133143351605793,-0.03681397312271617
2010-05-19,-0.030254408357802243,-0.02319647022053406,-0.019587133275305035
2010-05-20,-0.015477523068913035,-0.040019631152507396,-0.036937607138712636
2010-05-21,0.04573193142671528,0.005453567415643956,0.06510848410540859
2010-05-24,-0.010317948084977324,-0.009165967014080234,-0.010525282430940308
2010-05-25,-0.04167269640056803,-0.022347298691996365,0.008814418027311088
2010-05-26,-0.0017455057669737428,0.01865725760454251,-0.0053653954230847845
2010-05-27,0.03333069228381347,0.027708662953382923,0.06114348109699019
2010-05-28,-0.0030462030663440665,0.013926309698194528,-0.009151055217357484
2010-05-31,0.030052345066401642,0.04845238338594671,0.021223636451626504
2010-06-01,-0.020941433384490837,-0.032620918169266044,-0.021836694609174145
2010-06-02,0.014962872676712369,0.015584731016698328,0.020836194275590803
2010-06-04,-0.009950330853168099,0.005141399500418586,-0.04839984996154323
2010-06-07,-0.020202707317519497,0.009188426054406174,-0.0318097051304167
2010-06-08,0.004412021411195344,0.004731336977514378,0.010572975826102837
2010-06-09,-0.012265911876201185,-0.003715592857678862,0.0036422107751619137
2010-06-10,0.02304405595898107,0.011774736544533537,0.018014686602560115
2010-06-11,0.010000083334583243,-0.009408671556988102,0.012108707445813938
2010-06-14,-0.011676529661835744,-0.019431325541732436,0.0006223421007836016
2010-06-15,0.01993421490081726,-0.001722653311446276,0.014208001798240666
2010-06-16,0.009820046180975428,0.022166295457260565,-0.01255031389273853
2010-06-17,-0.011466137087644102,-0.004394125711462804,-0.017755035602590397
2010-06-18,0.01569172439255162,-0.0010167769050868358,-0.009528923345878404
2010-06-21,0.005176329901597887,-0.003056548482549104,0.03079744814722618
2010-06-22,-0.009401917206505406,-0.009912916587103915,-0.009744038949393463
2010-06-23,0.0032520353863774165,-0.021177670482926958,0.01221673750992025
2010-06-24,-0.029990713683682335,-0.036081785097450636,-0.02268803737721603
2010-06-25,0.010979980548746937,0.015162745371076536,0.012136579186356578
2010-06-28,-0.009976803738316775,-0.017712373414062288,-0.01889621624742288
2010-06-29,-0.028987536873252395,-0.02175200969663571,-0.04953227923132042
2010-06-30,-0.015881752552943107,0.0011175266575587095,-0.02823451246259756
2010-07-01,0.04384836029208827,-0.015382032790783207,0.004343360354149173
2010-07-02,0.002028398261392672,0.012025699227952824,-0.005030881866277426
2010-07-05,-0.015314234973042407,-0.008628828628199692,-0.014315645079920447
2010-07-06,0.0317272646143727,0.019033976388429075,0.012479940112839039
2010-07-07,0.04609709323484834,0.012856008101534089,0.023829562832983875
2010-07-08,0.021965112759149807,0.006547858971131193,0.0033583374225982787
2010-07-12,-0.008415196925284363,-0.01277156567948734,-0.014861791217324782
2010-07-13,0.012441840123365688,0.002567395505245651,0.001813237124181022
2010-07-14,0.0023870429066727983,0.0,0.0002264236395950192
2010-07-15,-0.0006814310314793293,-0.006984038680339921,-0.007955491441114404
2010-07-16,-0.017188460298087183,-0.010009351407093137,-0.022384689123531754
2010-07-19,0.02228791041043654,0.004089985251525041,0.027619707338399913
2010-07-20,0.014810099037422697,0.02564243061333782,0.054986805491957114
2010-07-21,-0.0077142760559536505,-0.005439723295818322,0.005784697437833497
2010-07-22,0.028872090094089087,0.01730396456480965,0.02092878418543087
2010-07-23,0.007495554076785815,-0.0068137254829228056,0.0077107811447194585
2010-07-26,-0.0029263555267977637,0.003950445072907538,0.00041511001011196313
2010-07-27,0.0032509781558456297,0.0028632804100152676,-0.003950519744350345
2010-07-28,0.04412713994178574,-0.00645394854074377,0.01755336758090076
2010-07-29,-0.0003106072396459325,-0.0021606058099059577,-0.00925456476620612
2010-07-30,0.0018621979310649017,0.003957551486607702,0.0030943810147481265
2010-08-02,0.006182399908317482,0.016664097721171833,0.03997302456648333
2010-08-03,-0.008117434519966604,0.022254047730278392,-0.0011881189516462776
2010-08-04,-0.006920442844573493,0.008901120049517042,-0.0007928642635368632
2010-08-05,0.002207158392475428,0.0030627895305457287,0.0043529946060583136
2010-08-06,0.0015735644474306199,-0.011620089738271222,-0.0013829894528734066
2010-08-09,0.006269613013595521,-0.008977960856799472,0.0025668885651084494
2010-08-10,-0.01352860022982627,-0.014675315784214105,-0.014100124378781498
2010-08-11,-0.019834303439295375,-0.03255519119357109,-0.03438442686183052
2010-08-12,0.0016142053545409318,0.0010903144819904842,0.008451044835326105
2010-08-13,-0.0029074483411211105,0.0047110070820961525,0.0016406894574600983
2010-08-16,0.011899159533085513,-0.0018093002945489545,0.013029500290333562
2010-08-17,0.005420067469338985,0.02468377870712879,0.011463172281377165
2010-08-18,0.011067306639681807,-0.022151673899723168,0.006775633733759001
2010-08-19,-0.01744691360372075,-0.03305479048644244,-0.009980122756723997
2010-08-20,-0.003205130948948476,0.0,-0.012312195091594536
2010-08-23,0.0,-0.00449102551246372,-0.029053243624047376
2010-08-24,-0.02272825107755594,-0.019697606554486713,-0.021769854768604713
2010-08-25,-0.01488861249375062,-0.0022979711376238665,-0.009014871096215238
2010-08-26,-0.015113637810048264,-0.014677745157277933,-0.011275054397627216
2010-08-27,0.02671277365340008,0.03291533270705904,0.03408324762617854
2010-08-30,-0.02333439206177279,-0.04269058161170136,-0.026696726968243656
2010-08-31,0.026952222023281402,0.02368582870016711,0.014611347181064271
2010-09-01,0.034842234067876454,0.03654578859165736,0.04524904074261471
2010-09-02,-0.0189685803056312,0.020868412434748018,-0.009628262437345825
2010-09-03,-0.0088020128180899,0.042559614418795855,-0.003712109851440548
2010-09-06,-0.0059113472630576425,0.010019085365210012,-0.008298802814694639
2010-09-08,0.012438785583020806,-0.044279896969310784,-0.017019005169595314
2010-09-09,0.007777096878272882,-0.008298802814695083,0.0023282897595913177
2010-09-10,-0.004205084637325829,-0.0029027596579613846,-0.009345862418237427
2010-09-13,0.03971927978457357,0.02794879158404906,0.028194587976904995
2010-09-14,0.004662013105811269,-0.05259598369431817,-0.008333381559144648
2010-09-15,0.006490518844663562,-0.015009662650565359,0.005840650729541874
2010-09-16,-0.008042109536082531,-0.0034084486700018957,-0.006468462825081289
2010-09-17,-0.010929070532190277,0.003030305349179141,-0.01348808646623123
2010-09-20,0.01712104078011123,0.024655712902169613,0.020372436176076203
2010-09-21,-0.009925639799969854,-0.028065452898283993,0.003113650673279178
2010-09-22,0.006834447230296803,-0.014141263744917643,0.01787045605389226
2010-09-23,0.012307847674597472,0.031074876274357344,0.0004070832541458458
2010-09-24,-0.012307847674597472,-0.018832948333092014,0.03381336436577831
2010-09-27,0.010777625493829657,0.0075757938084575205,0.0181309187338341
2010-09-28,0.001224365013678952,0.007518832414027399,0.007698267425752192
2010-09-29,0.027456846233039567,0.029522439266321587,0.000574988036924573
2010-09-30,0.009478743954543845,-0.007665669952278353,0.00210546541555523
2010-10-01,0.011432045946655922,0.007665669952278353,0.009514819641338601
2010-10-04,0.000879378629144778,-0.004373184812222597,0.0007572889419087403
2010-10-05,0.02488554346098093,-0.014716969080692976,0.012600072669088469
2010-10-06,-0.004009169173063931,-0.04239847743589853,0.0029856338655243064
2010-10-07,-0.0005740528286231061,-0.021892977610236786,-0.0035464339549950985
2010-10-08,0.022428193483605696,0.02729214228800747,-0.003371421061943547
2010-10-11,-0.0033745813801453473,-0.005785937067043889,0.005612736904957227
2010-10-13,0.02063078469340862,-0.005430579676640068,-0.0009332711829981299
2010-10-14,-0.0033167526259942903,0.027997993705687563,0.003727870114014209
2010-10-15,-0.008619544538443158,-0.005689376241695854,-0.007283625439582497
2010-10-18,0.004180025593078174,0.004175371410480633,0.021326723921435864
2010-10-19,-0.018524245664168326,-0.04335044087361384,-0.024142305321599444
2010-10-20,0.01796791741616177,-0.011537824431795629,0.029266767487333034
2010-10-21,-0.01796791741616177,-0.03377737178024676,-0.01619468591998041
2010-10-22,0.012667305200765533,0.0020673978833529727,0.0009272137891920273
2010-10-25,0.012232568435634139,0.014760415583120468,0.008306462157753103
2010-10-26,0.01942871347083086,0.05078441442135051,0.01459879942115272
2010-10-27,-0.04574602178820397,0.01306705756518256,-0.010013738660501925
2010-10-28,-0.011699377273975742,0.0026692103550294277,-0.01940014654579114
2010-10-29,0.006009461496296886,-0.015736267920211988,0.0
2010-11-01,0.02674332497551113,0.024456702329540114,0.022141125877213508
2010-11-03,0.0019212301778939178,0.011173300598125158,-0.011009285508369437
2010-11-04,0.010365613814756536,0.018349138668196652,0.025322420519777733
2010-11-05,0.0016268984065619385,-0.009132483563272453,0.0019768179678600895
2010-11-08,0.00513445257148204,0.010222798045262937,0.007155665595412586
2010-11-09,-0.030098031157279603,-0.015004856082321272,-0.0035714323675972715
2010-11-10,0.013793322132336083,0.00036866359864551335,-0.0017905107737883341
2010-11-11,-0.02496662273046102,-0.015227778002395276,0.004291852081541148
2010-11-12,-0.003940337211922884,-0.03310174771400676,-0.018732536236335307
2010-11-16,-0.011059236493975444,-0.017561426929947554,-0.020388253287065616
2010-11-17,-0.008303555225949388,0.0019665689720409496,-0.00148560844407708
2010-11-18,0.005448042149147181,0.01752722570896026,0.02622800503976297
2010-11-19,0.009109086611894579,-0.007751976804317939,0.003794385255284638
2010-11-22,-0.0211920874735001,-0.025218042433251764,-0.0027088052680870334
2010-11-23,-0.018402739289976378,-0.016496048979223188,-0.025642430613337375
2010-11-24,0.021292914712209843,0.02365313718431339,0.025099787930220163
2010-11-25,-0.003469214234011364,-0.015572285130374564,-0.006352684945401421
2010-11-26,-0.008141946693666746,-0.010111309604320828,-0.015228255016434655
2010-11-29,-0.002923978691435014,0.0040568006956143154,0.0022160673889111138
2010-11-30,-0.017129775024855576,-0.004463387405830188,-0.012062872449274842
2010-12-01,0.02180404587841478,0.026882260694244042,0.031970387705317016
2010-12-02,0.0017331026868347976,0.005527057102145516,0.010791471632764615
2010-12-03,-0.02040887163120697,0.01174181787668327,0.012444605048083535
2010-12-06,-0.017831081643072455,0.00620638144253749,0.004407234987407804
2010-12-07,-0.010566136037881702,-0.019918643306519268,-0.0022893379726727225
2010-12-08,-0.0027351483393940335,-0.013902905168991397,-0.022464842036240107
2010-12-09,-0.009478743954543845,0.015873349156289907,0.010938869947949126
2010-12-10,-0.0030769255044793553,0.01174181787668327,0.0124071070470535
2010-12-13,0.011337642511845658,0.008138002672844591,0.02470550148594386
2010-12-14,0.003953175286571575,-0.0030923874662696083,-0.008803025691884958
2010-12-15,-0.010985768099045945,-0.017969233496558434,-0.015374167249587956
2010-12-16,-0.01514946271350004,-0.0007886435739983266,-0.0008806693655936115
2010-12-17,0.0031104224143923,0.023007448851105616,0.002639684770773254
2010-12-20,-0.01813116251851321,-0.014366389585202644,-0.007054702979889971
2010-12-21,0.015960282459872577,0.007791235361178428,0.012138419774829323
2010-12-22,0.019674781587512236,0.006240269860084524,-0.0028016127587768835
2010-12-23,-0.003965233196073559,0.0011657277403267496,-0.003161224971902854
2010-12-27,-0.0203773645531391,0.011583141089630544,-0.028909936283449067
2010-12-28,-0.0018732443816804611,0.023146546551186864,-0.008911580300562605
2010-12-29,0.014888612493750397,0.01156082240107592,0.00691792309286976
2010-12-30,0.005220340428963244,0.011795197568608362,0.0038026302046154647
2011-01-03,0.011874092930336921,-0.010683468715917854,0.029209556582285856
2011-01-04,0.0009004953332500953,-0.0037105793965357403,0.020501065472369184
2011-01-05,0.018430961685057312,0.011825710615526619,0.017895662925286437
2011-01-06,-0.026867287707009968,-0.004049333712745851,-0.012920955007461377
2011-01-07,-0.017089216616686276,-0.014116133359746375,-0.007557576336079119
2011-01-10,0.0018450189735692568,0.00930932062878198,-0.0018983524555062914
2011-01-11,0.005209143079967671,0.006281195600334799,0.010482096146897657
2011-01-12,0.019371065756000228,0.027249642447375377,0.02731581064696309
2011-01-13,-0.01236631654203002,-0.021373753341706436,-0.007010544486217185
2011-01-14,0.009364212816265205,0.008749600113310052,0.004345652835840319
2011-01-17,-0.013926958374683274,-0.003636367643383931,0.011365658032445936
2011-01-18,0.0009142161234030333,0.009788006366162838,0.012387638794700617
2011-01-19,-0.011950502266289131,-0.015267472130788384,-0.021905953955656976
2011-01-20,-0.018040924765309718,-0.0010995053334168503,-0.016920877488336927
2011-01-21,-0.008194183889036033,-0.00810019156500652,0.006802747322752545
2011-01-24,0.015387334528899288,-0.0018501392881615786,0.006756782462879585
2011-01-26,-0.005938445330966768,-0.006316201566796353,-0.000842105312921948
2011-01-27,0.004066953830268005,0.0014897581898671852,-0.009990769750000794
2011-01-28,-0.024013792151317048,-0.007471084433476882,-0.029182766757059664
2011-01-31,-0.015144481490220851,0.01562531790308075,0.00017520806001902756
2011-02-01,0.0012978587156000643,0.020099342802465392,0.024402006846298896
2011-02-02,-0.011428695823623158,0.005772021797122218,-0.018811496129413907
2011-02-03,-0.007912998757325207,0.008239344480105437,-0.00226737691975476
2011-02-04,-0.03400428612434481,-0.01473521719555082,-0.016372163957539154
2011-02-07,0.010221554071538241,-0.014588150757826046,0.0074270898436150645
2011-02-08,0.026757449169549252,-0.009597711179213597,-0.007959713025314397
2011-02-09,-0.018654771483314514,-0.029358525562352522,-0.03083825651566796
2011-02-10,0.0020154524793498663,0.0034318432156947853,0.012919841255727427
2011-02-11,0.03624779039234083,0.004936406454821851,0.020401566589084208
2011-02-14,0.009079180395571207,0.01317046318974513,0.01929884457222064
2011-02-15,0.013147535865139837,0.008190663809622967,-0.003306938876526999
2011-02-16,0.026718546784565422,0.012527798333974882,0.009542884946333707
2011-02-17,0.0012399257633202154,-0.002199414376360398,0.0013805006506508732
2011-02-18,-0.005591813265777734,0.004394001943334613,-0.01022627856282865
2011-02-21,-0.013170463189745352,0.0010954903414368555,-0.022908490796869962
2011-02-22,-0.025576841789649585,0.01341328792468377,-0.020166329791551085
2011-02-23,0.003878479328570883,0.03328919281426446,0.018382207998049793
2011-02-24,0.005468889294099277,-0.011913245312212828,-0.008788506033079457
2011-02-25,0.003842463901545301,0.008074469005047158,0.0034169622311681636
2011-02-28,0.022437345118935692,-0.0006995453240856708,0.010714388212406334
2011-03-01,-0.01574835696813892,-0.010198787188245628,-0.01900720660455324
2011-03-02,-0.0006353240366179236,0.021333209804910602,0.016873493135006523
2011-03-03,0.017638252544751154,0.002073972399129209,0.007448163533039676
2011-03-04,0.002183066514903409,0.00413508514780303,-0.01692690748758352
2011-03-09,-0.02268528283108351,-0.018393716563299467,-0.03715994491374053
2011-03-10,-0.0376667904602932,-0.015175869159554933,-0.028757184048492146
2011-03-11,0.009222726768772338,0.0017765149458170981,0.013724958109664787
2011-03-14,0.006210185018279191,0.0038972591400907586,0.0034020066831357276
2011-03-15,0.009727703168011637,-0.008522778861982827,-0.018087118491143972
2011-03-16,-0.01922196338748061,-0.009315724840191386,-0.02529317713908119
2011-03-17,0.0,0.010741241831412562,0.027979287733425284
2011-03-18,0.013072081567352845,-0.00643089033029054,0.013134289888109052
2011-03-21,0.008728033425427384,0.008209933674445447,0.0022667180086908267
2011-03-22,0.032613306731013925,0.009932681873719984,-0.005676458004804985
2011-03-23,-0.013486169585421592,0.010184460285879826,0.014879264995841801
2011-03-24,-0.0006317119603633792,-0.006660848465396718,-0.012037008226911894
2011-03-25,-0.0009483168088593175,0.007359416429536525,0.00018919685989660096
2011-03-28,-0.0041197966683927945,-0.010177311918683651,-0.0066432815263755
2011-03-29,-0.0006353240366174795,0.0,0.020358855856991376
2011-03-30,0.030665732073783314,0.0007052186469986843,-0.012959144642505471
2011-03-31,0.027357329211533887,0.004922654103820756,0.008470638883508741
2011-04-01,0.004487666469388252,0.008034977726298242,-0.006393402748047894
2011-04-04,-0.010486987495248012,-0.004533573588860085,0.021277398447284934
2011-04-05,-0.004830927269665608,-0.008424058241258914,0.004606180414897576
2011-04-06,-0.003942385697528916,-0.007074666932478602,-0.015748356968139365
2011-04-07,0.007266153676622977,-0.00605307171307734,-0.008250562459449995
2011-04-08,-0.02134227348177209,0.000357079096813262,-0.002073320882185925
2011-04-11,-0.006492525511671676,-0.018739287094862833,0.0013198832876817335
2011-04-12,-0.012170535620255052,-0.031033151565300843,-0.020368078258376165
2011-04-13,0.0021953905634357618,-0.018939960100921693,-0.014528100562909874
2011-04-14,-0.008810629682155291,-0.006522179268478201,0.011177682805487255
2011-04-15,-0.004434597067865642,0.020949156907194677,-0.0025383202147795103
2011-04-18,-0.0022246950221109785,-0.03998994976162429,-0.010020714561714605
2011-04-19,0.007291203643389643,0.009371407905628848,0.009042719373737906
2011-04-20,0.017843641374480246,0.021531012448136932,0.018035978092553417
2011-04-25,-0.0015525542631089628,-0.004192878260036004,0.009754308955181923
2011-04-26,0.005577950626053596,0.0007636502852972349,0.0007610350443409963
2011-04-27,-0.015885710172118372,-0.01771320859907055,-0.013017029129891888
2011-04-28,-0.024472856518725994,-0.011330459171448704,-0.00773698250215249
2011-04-29,0.010561788051108412,0.010208176592523932,0.005615272766109403
2011-05-02,-0.008633147144702757,0.0050652748081359,-0.01106699966442104
2011-05-03,-0.02646780873153376,-0.010941883297121091,-0.02310757501014926
2011-05-04,-0.0006624710411209378,-0.005121145720556219,-0.01875622192234294
2011-05-05,0.006275825717954486,-0.034146719821395166,0.01254315453637167
2011-05-06,0.020531925427488718,-0.010682106504613209,0.0002010252293431769
2011-05-09,0.0038634948250448886,0.01598067198834996,0.004012041489961149
2011-05-10,0.01562282691733552,0.0032467560988700406,-0.002405292801249459
2011-05-11,-0.0044388151512109175,-0.027522788804025256,-0.029944186546721596
2011-05-12,0.0028557849013579606,0.0033840979842405527,0.0018593125901835705
2011-05-13,-0.026000501725146563,-0.0067796869853786745,-0.01643986666617936
2011-05-16,-0.009147401254909315,0.017699577099400843,-0.003994539107369022
2011-05-17,0.005890069384602903,0.019032432169328928,0.010269397596086804
2011-05-18,-0.026447822543609556,-0.012371291802546702,0.003122725552048511
2011-05-19,0.0,-0.019271647958711835,0.00889814458709326
2011-05-20,0.0,0.014696884313705638,0.004316997145400681
2011-05-23,0.0010045204260054064,-0.01639036482003875,-0.0010261673553118023
2011-05-24,0.019224987202399513,0.010537505302785855,0.009401254609289644
2011-05-25,-0.009234894127313042,0.002094241603114666,0.0024380345274304105
2011-05-26,0.028741364380838297,0.012474174225175938,0.015504186535965303
2011-05-27,-0.0006441224055233619,0.003712109851440326,0.005976113403341365
2011-05-30,-0.005815848380003263,-0.008683122573460933,-0.004179526434423764
2011-05-31,0.005171310813378405,0.00041519618615981635,0.0021914542090377687
2011-06-01,-0.01657765901981456,-0.0037429862788342927,-0.00959815406872222
2011-06-02,0.0026092643636137502,-0.0020855064910214605,0.0016061035373846622
2011-06-03,0.004874095758245378,-0.007123432594288603,-0.008460969088979642
2011-06-06,-0.0163402328458897,-0.024692612590371477,-0.007717341307496017
2011-06-07,0.01957648162509784,-0.008658062743114536,-0.0018365478073012476
2011-06-08,-0.0019404922001147185,0.008658062743114536,0.0008166599065559943
2011-06-09,-0.007473633486822173,0.021322769468821168,0.010960125950586708
2011-06-10,-0.01445491659907483,0.0008435259884393975,-0.011164228410729837
2011-06-13,0.0009922276322569257,-0.01657848809618634,-0.018749905423531388
2011-06-14,0.00921362226993594,0.011506625998225939,0.004979263399607525
2011-06-15,0.006854931363663663,-0.012793351459909452,-0.006644542718668767
2011-06-16,-0.011122129698273975,-0.0004292766754052657,-0.01131375990027328
2011-06-17,-0.00329489589685239,-0.002149151912539171,-0.00506971935025069
2011-06-20,0.00329489589685239,-0.006042314455962705,0.015341269672080493
2011-06-21,0.0006576784189709084,0.006042314455962705,0.009134379475779664
2011-06-22,0.007532375551073667,0.0008602151068080044,0.003301013932107022
2011-06-24,-0.007203698473340792,-0.016909139055828692,0.006774120126005645
2011-06-27,0.004917236592036245,0.009140433605208997,-0.007392230787490295
2011-06-28,0.023926133247787806,0.015904053252389527,0.012086595975303815
2011-06-29,0.007955491441114848,-0.002989538848366058,0.0006106870418798316
2011-06-30,0.004743091896012519,0.01443761808560251,0.007097261870761873
2011-07-01,0.0031496089028966168,0.001263956351125417,0.04349371024415305
2011-07-04,0.01468088213321117,0.0021030501967789217,0.012687598108597875
2011-07-05,-0.0034166829324147052,-0.010135221894043367,-0.020261185139822224
2011-07-06,-0.012208634970666044,-0.0021244962314075355,-0.003319343084815962
2011-07-07,-0.01427462779259292,0.005091228646838086,0.0062390531881511
2011-07-08,-0.016752969135374496,-0.008073126490004245,-0.00682596507040012
2011-07-11,-0.030680288572122016,-0.01244918417656904,-0.00864785263612955
2011-07-12,-0.022016130564375125,-0.0012967367280662945,0.0007892660236086257
2011-07-13,0.02502666971724632,0.011610536791911041,0.012349465975074025
2011-07-14,-0.024341972668928902,-0.018990644089533548,-0.01373109059039379
2011-07-15,-0.01656352567167474,0.0017414022685358077,-0.0005927096883979743
2011-07-18,-0.022520304311178574,-0.010054729516959737,0.0029600416284765174
2011-07-19,0.014134510934904698,-0.00484475732908729,0.0021651420720769643
2011-07-20,0.012205905679503859,-0.011992149045263911,0.0
2011-07-21,0.02397375089799847,0.027326513045370593,0.0029449319408616503
2011-07-22,0.0016906174779076633,-0.0013051992281429836,0.003131730882165229
2011-07-25,-0.012578782206860373,0.022811404449106565,-0.0007820137250926784
2011-07-26,-0.001369394257131118,0.006785437400127492,-0.0009783779275691629
2011-07-27,-0.012409673215712624,-0.0029629651306570803,-0.007664378680080741
2011-07-28,0.017876034623794723,-0.0038224722694704116,0.009033839913377584
2011-07-29,0.005097717071668617,0.0,-0.019145951459359267
2011-08-01,0.009446763910088807,0.0,0.0003984857594074853
2011-08-02,-0.022658023892583756,-0.014142082705828285,-0.021138180104508297
2011-08-03,-0.016454073299475347,-0.033527622044880134,-0.02659676411294809
2011-08-04,-0.03703461165151101,-0.07642282799073574,-0.059397835971594315
2011-08-05,0.01454571100237878,-0.023023304481578855,-0.0246926125903717
2011-08-08,-0.09221029627094768,-0.07884586883563838,-0.10007149690603523
2011-08-09,0.053567033689508436,0.02645656953683062,0.04997365992325831
2011-08-10,-0.014361546914404943,0.029837604407868756,0.0009553380234592623
2011-08-11,0.027409262306880455,0.024037211381005674,0.04230096714260112
2011-08-12,0.0014803851704343618,0.0044433546322122375,-0.010278062915386244
2011-08-15,0.015048916780776134,0.03342524778479983,0.018148473912152685
2011-08-16,0.001092299398609109,-0.011018075534853677,-0.006941258781255399
2011-08-17,0.018746042821055298,0.005284662791421368,0.016807118316381153
2011-08-18,-0.04007822356741064,-0.02769183504136752,-0.05153365011518307
2011-08-19,-0.02446029757016044,-0.030002250303799105,-0.014528100562909874
2011-08-22,-0.001524971702317801,-0.0025412974286724843,-0.0014644864711641503
2011-08-23,0.014770198452338512,0.025623104887897652,0.03267950581908874
2011-08-24,0.007490671729157405,0.003466207976486224,0.0063626937878287215
2011-08-25,-0.007490671729157405,-0.018458992562627508,-0.01110203915172514
2011-08-26,-0.0018814680997056854,0.0020120731134201097,0.016723979468519
2011-08-29,0.022347298691996587,0.029217230520361515,0.025142599924270925
2011-08-30,0.009165967014080012,0.002923978691435458,0.0022753138371354176
2011-08-31,0.02700434119167494,0.012092045765028647,0.018018505502678472
2011-09-01,0.0712874542056674,0.01147240116223669,0.006008697281617348
2011-09-02,-0.022090957814191903,-0.03236215763079442,-0.014752167398546234
2011-09-05,-0.03568059501983667,-0.016832080560987617,-0.023005228197651384
2011-09-06,0.037397333638891084,0.021729249995471323,0.027722747898026867
2011-09-08,0.013628831055605861,0.009239064018294219,0.021725527515954468
2011-09-09,-0.029883728120687625,-0.024995175298800687,-0.015469921772131912
2011-09-12,-0.017232710605398438,0.009385102227722042,0.0057739445332525285
2011-09-13,-0.0031977287863209636,-0.0009837679101327712,0.007500586675443621
2011-09-14,0.01061956882746018,0.009794397592287618,0.01201543674441119
2011-09-15,0.012596387685685606,0.0014609206396749563,0.01101404072186618
2011-09-16,0.01518317642139011,0.0048543784647980814,0.005141399500418586
2011-09-19,-0.00515022597631587,0.007237667300230566,0.013582551765868978
2011-09-20,-0.003102915780404558,-0.009661910911736848,0.010067199117723913
2011-09-21,-0.00138217022695164,0.0,-0.01683541446386272
2011-09-22,-0.0409372616519601,-0.05487661022583423,-0.054515350338944835
2011-09-23,-0.03333031468373027,-0.017589693026986764,-0.0071975119532963205
2011-09-26,0.017719178985103,0.03184655365185174,-0.013407768175866863
2011-09-27,0.0181295755978228,-0.011696039763191335,0.011147880208429495
2011-09-28,0.001795010354523674,-0.010282866955584113,-0.00498980395703752
2011-09-29,0.010702920578210984,0.0025806465934916645,-0.006158076251391975
2011-09-30,-0.016819147595646955,-0.015584731016698106,-0.024549634937534925
2011-10-03,-0.025956492870558012,-0.03679433980759783,-0.030471293464367832
2011-10-04,0.022589370079409754,0.0075757938084577425,-0.008983913769012641
2011-10-05,0.0014635933823765601,-0.018498895313927566,0.02051973023117659
2011-10-06,0.008736859361204496,0.03454202015450325,0.014235115821872313
2011-10-07,-0.02532710162140117,-0.02961185404664457,-0.02964596740663028
2011-10-10,0.04007822356741042,0.03278982282299081,0.03082313057964514
2011-10-11,0.0103038751382718,0.013133889872348314,0.01448285067037025
2011-10-13,0.023061818705528703,0.011932696711845825,0.019065697530444403
2011-10-14,-0.0020746895408605415,0.012810833671759614,0.0015914519671298422
2011-10-17,-0.003120127336243561,-0.017463207015479876,-0.03233757757360456
2011-10-18,0.01618771356189419,0.0077419741536151054,0.004099848984059573
2011-10-19,-0.002394391429558329,-0.011375510463766725,-0.03427508090868603
2011-10-20,0.0,-0.021551425443454786,-0.012531492311913972
2011-10-21,0.021010600062356444,0.023629348269041284,0.022444832480565058
2011-10-24,0.024185376281011806,0.026121843768291297,0.057500867868842676
2011-10-25,-0.01019913430627195,0.0075548080301370835,-0.01241669929372824
2011-10-26,0.0082332096888309,0.00749816059882491,0.028125037998981917
2011-10-27,0.031000222146286394,0.04193691061886273,0.026686341662533586
2011-10-28,-0.0031847160675200215,0.03010575438759755,-0.004697469772033447
2011-10-31,-0.009615458699442136,-0.012121360532344694,-0.020156950150794994
2011-11-01,-0.009708814126960785,-0.008951767669678423,-0.009424273866779131
2011-11-03,-0.011245098415502586,0.0367056304518496,0.031597127936915825
2011-11-04,-0.002588160616536772,0.008178146443892365,0.02015795357498007
2011-11-07,0.004202365971078148,0.025905870335844128,0.00873367996875496
2011-11-08,0.0064308903302903175,-0.011976191046715767,-0.006324304145441939
2011-11-09,-0.01615544022228521,-0.04331655061028328,-0.016543886758217496
2011-11-10,-0.019073251661458457,0.0023272060770864744,-0.006023442640075594
2011-11-11,0.014175282685911395,0.020704673361691128,0.016202773732052478
2011-11-14,0.014622518867541956,0.0027409793314223663,-0.004855449839226811
2011-11-16,0.0035421064243994493,0.008630532789539958,0.008371936979352235
2011-11-17,-0.03633192924739026,-0.027047259575771365,-0.027356315061949577
2011-11-18,-0.01850347156455978,0.010631022241109678,-0.0033879196719359683
2011-11-21,-0.01885231497920925,0.002296212260350039,-0.005899722127188145
2011-11-22,-0.01393750784378156,-0.0055197932235979685,-0.008915363657952646
2011-11-23,-0.016628722097908,-0.005086716170380257,-0.026761341060599797
2011-11-24,0.0024942111630033015,0.004625355147202637,0.0011785505194445989
2011-11-25,-0.0035650661644963666,-0.030930300691358603,-0.0231155293960299
2011-11-28,0.019802627296179764,0.02305442027670801,0.009835751597616849
2011-11-29,-0.007732903208849118,-0.004194832532025572,-0.014184634991956546
2011-11-30,0.04451312732293933,0.029454499291263536,0.008438868645864961
2011-12-01,0.034171511858194226,0.021091201378634628,0.005984458315240193
2011-12-02,-0.013588044717039338,0.00044395117266327055,0.01233412220844432
2011-12-05,0.011980068811804578,0.01934126225685384,0.018220546113528524
2011-12-06,0.006096601588374551,0.015122344781284713,-0.0011580777206279258
2011-12-07,-0.008352120508184235,-0.0012872775860417462,-0.044546573764946196
2011-12-08,0.0,-0.03362028062476008,-0.020811131789015835
2011-12-09,0.007391966809840778,0.02195960002224684,0.019841434743333775
2011-12-12,-0.002886004889135041,-0.026409985649722634,-0.01687700569495476
2011-12-13,-0.003891055492966533,0.0,-0.0014811160446437377
2011-12-14,-0.012422519998557036,-0.02712643723908914,-0.01593659226281252
2011-12-15,-0.02565524682670217,-0.014309037125286084,-0.01619468591998041
2011-12-16,-0.00033755274582092376,-0.009810870564259222,0.0
2011-12-19,0.00940867155698788,-0.00848661387731875,-0.015683571246889905
2011-12-20,0.026404174196510644,0.045357149685646414,0.03588627856440896
2011-12-21,-0.0032626456348161526,-0.008178146443892143,0.0032447301648890203
2011-12-22,0.012987195526811046,0.010438034411329511,0.014103908169724289
2011-12-23,-0.0006453694964236867,0.0031552877203393503,0.006123717850528898
2011-12-26,-0.0029093280582324077,-0.0022527605832636244,-0.007845100299443075
2011-12-27,0.0032320648691666065,0.001352265250013529,0.0066233530491204284
2011-12-28,-0.01823560789077705,-0.03530047939274805,-0.02927522387178394
2011-12-29,0.010461030343646982,0.002795901168933357,-0.00682079188508844
2012-01-02,-0.0013016597997959067,0.011106083613919182,0.03609601575687238
2012-01-03,0.018018505502678472,0.026222117250983334,0.04353713160318362
2012-01-04,0.001593118068348165,0.007114303016608758,0.006765452143705275
2012-01-05,-0.006387757267867222,-0.01158658238500343,-0.027101929777791245
2012-01-06,0.012418564310178404,0.0008960574076255501,-0.008637289781200597
2012-01-09,0.002528446353358582,0.013345393793379401,-0.0012055456553485833
2012-01-10,0.002207158392475428,0.011860450914747966,-0.0012070007500355473
2012-01-11,0.0006297229427243423,0.0004365859052104515,0.00746002737758511
2012-01-12,0.00031471282714523596,0.007392945174494514,-0.01012056831085495
2012-01-13,-0.018098604825881992,-0.0013006721972412816,-0.020553696393498022
2012-01-16,0.007660426863761227,0.025697345495284463,0.006407119010386708
2012-01-17,-0.0015910902322415765,0.0063224657394869155,0.04983066791383761
2012-01-18,0.020489290452470943,0.023667286959685896,0.007218566680976757
2012-01-19,0.003115267316949666,-0.006587096687147742,-0.0027881058953376225
2012-01-20,0.004035392718119812,0.0004129671749790731,-0.0013969734518668453
2012-01-23,-0.0024813908513854344,0.036883613430554796,-0.007248950250676955
2012-01-24,0.0065005646030931175,0.010686822468989998,0.00934367928382418
2012-01-26,0.009213824396836934,-0.019078480105238604,-0.0051282163669195135
2012-01-27,0.0076138634909783676,-0.01008276337798697,0.005825485424803656
2012-01-30,-0.016519188733741252,-0.0040617440081776035,0.010401110756018461
2012-01-31,-0.03196762339332215,0.0,0.027442475009975986
2012-02-01,-0.0022317879501074778,0.015347635664439974,0.019934214900816816
2012-02-02,0.00575081457117399,-0.016976963927129773,-0.0006581112445487314
2012-02-03,0.011403354484838424,0.0032560061325666023,0.006561703333288982
2012-02-06,0.0,0.01010722167960032,-0.00043610990660658544
2012-02-07,0.002516515955300669,0.029332265402951974,-0.00021812629598949584
2012-02-08,-0.003146635698897171,-0.006662772051488686,-0.007005282588408601
2012-02-09,-0.0072750597635167225,0.002748872730352181,-0.009269543309442962
2012-02-10,-0.01890778968756246,-0.08167803101426707,-0.01722059775167084
2012-02-13,0.0,0.035942021691583115,0.024951171866526067
2012-02-14,-0.008658062743114314,-0.048359222555350634,-0.026757449169549474
2012-02-15,-0.011010473926756692,-0.004750602758597955,-0.01778432645323802
2012-02-16,0.00616784945096871,0.03320867099665348,0.0036739421348177537
2012-02-17,-0.0029168712951235243,0.007093708027368972,-0.016174104899048913
2012-02-22,-0.0003246226290474219,-0.006675035214051883,0.0016292334570930933
2012-02-23,-0.015707129205358106,0.0012549677447126761,0.019802627296179764
2012-02-24,0.0016477182834866433,0.02314152856169427,0.005230256380104326
2012-02-27,-0.010259894732829178,-0.005324608115526486,-0.010717238596363643
2012-02-28,0.021392950127902877,-0.0008216927331676782,0.010490404071175963
2012-02-29,0.015829760362705336,-0.0008223684673991372,-0.012096461546147186
2012-03-01,0.013055431412089646,0.02317647954294677,0.011415649083676982
2012-03-02,0.012866959252197496,0.01674012786249568,0.009039609577725205
2012-03-05,-0.014447487477537102,-0.02846453950537331,-0.02968254443047691
2012-03-06,-0.025958836247997663,-0.03475732574745094,-0.049648005938649487
2012-03-07,0.022790265789654818,0.009637619118717966,-0.0014623448864794497
2012-03-08,0.015430947030543152,0.004576667027411885,0.003651860418770969
2012-03-09,0.017655716488415685,-0.015899916549465987,-0.0009725262132920243
2012-03-12,-0.0067775983412325935,-0.01187964755760973,-0.011990844757548302
2012-03-13,0.01685863682441635,0.04179463274994477,0.049938364082340314
2012-03-14,-0.0015209128407063233,0.016240714250425947,-0.009411834182346812
2012-03-15,0.005161693561362313,-0.024873861395128927,0.009411834182346812
2012-03-16,0.0024198438910350006,0.005353111403652688,0.0063032775523246265
2012-03-19,-0.009409691526460318,0.0065493480114224845,0.006957356449889929
2012-03-20,-0.01412799911921514,0.010770609505347917,-0.015370586724972934
2012-03-21,0.002162831060942061,-0.006614327545430232,-0.003762054754464117
2012-03-22,-0.003400838028099873,-0.012941111515650583,-0.02094815949281026
2012-03-23,0.014145377311077123,-0.004210532536343514,-0.0004812319630893569
2012-03-26,0.00972356491244053,0.021290722808881668,0.013387720872379383
2012-03-27,-0.0027252098622487786,-0.017080190272538154,0.007098941312662976
2012-03-28,-0.021763311067581892,-0.017377000081341354,-0.019284016219281774
2012-03-29,-0.006840822697191662,-0.0029972191137961346,0.013371736965889447
2012-03-30,-0.005004702344712619,0.0012856226326147802,0.01739992170086424
2012-04-02,0.002818226383841882,-0.005152437332588633,0.02554505488902903
2012-04-03,-0.007229325843455925,-0.029709480833630453,-0.022751756983415916
2012-04-04,-0.02556049697953533,-0.03566164396094518,-0.019956056081115836
2012-04-05,-0.006493529310548141,0.010969031370573923,-0.0026118974839146603
2012-04-09,-0.005225354802665283,-0.018812208831600064,-0.010516349309065198
2012-04-10,-0.00163853879032283,-0.01870087224650807,-0.009172161816729307
2012-04-11,0.006212215498892171,0.0075223673944258,0.0
2012-04-12,0.020326558839258713,0.03044515586373664,0.06159408384098297
2012-04-13,-0.020326558839258713,-0.015568079990102568,-0.0013689256073416978
2012-04-16,-0.005228770082799095,-0.007410872268629021,-0.021586948055081212
2012-04-17,0.001963994084659859,0.0032490165503498147,0.021122587703110263
2012-04-18,-0.0013089007104301054,0.008306462157753547,0.01016644615842166
2012-04-19,-0.0036083358816063615,-0.014348776613716252,-0.007383513007977349
2012-04-20,-0.0009863554967037835,0.000466091828526638,-0.0023185727984733617
2012-04-23,0.0,-0.008423072729108805,-0.006520749700436923
2012-04-24,0.007863736460214543,-0.0018814680997056854,0.0023337233462203955
2012-04-25,-0.026121505033779524,-0.00519236474577256,-0.014557664931934333
2012-04-26,0.006677821142605511,0.00519236474577256,0.014557664931934333
2012-04-27,0.001662510773613457,-0.01470265991582953,-0.006548199263500365
2012-04-30,0.017454749089854005,0.017053942447479598,-0.0004693733951461887
2012-05-02,-0.014137996463859936,0.03280497445292796,0.013986241974739855
2012-05-03,-0.010939940038334539,-0.027651531330510126,-0.01023740909322024
2012-05-04,-0.005012541823544048,-0.04394212185649882,-0.029187028514182423
2012-05-07,-0.005037794029957299,0.004870930234596393,-0.0007226304060092836
2012-05-08,-0.005740350052822585,-0.015671231585365986,-0.026863642269548293
2012-05-09,-0.006114149481725839,-0.004948055617369551,-0.002478316014467463
2012-05-10,0.003740864760378715,-0.011976191046715767,0.0002481081764376114
2012-05-11,0.0003393857151190449,-0.019772507267864503,-0.03047711013775478
2012-05-14,-0.021262803795494722,-0.009478743954543845,-0.016763771039666864
2012-05-15,-0.008353685892089846,-0.021931876666563266,-0.0075708493715671565
2012-05-16,-0.017630922143578198,0.042356781518604336,-0.0281708769666964
2012-05-17,-0.04474286926349169,-0.0456070552359058,-0.03483143829652713
2012-05-18,0.00630448963754171,0.03413664793059579,0.02344611607140168
2012-05-21,0.06822856222502516,0.06741848123784311,0.031399332495194
2012-05-22,-0.0003453634985115528,-0.0344087796855419,-0.012495177856040929
2012-05-23,-0.01146442989069918,-0.024654561563940414,0.007993647680745397
2012-05-24,-0.009126072464378243,-0.02794803574014737,-0.011477504882594136
2012-05-25,0.010522720736098945,-0.0032137146030959407,-0.018970758629780704
2012-05-28,-0.007354261827685837,0.008015004167928774,0.00898821249260573
2012-05-29,0.010489606671019613,0.003188100468645816,0.016671534287971745
2012-05-30,0.009692010793179051,-0.026883339393440453,-0.00588394315897478
2012-05-31,0.019444583293476203,0.04162820895158226,0.008281067758696192
2012-06-01,-0.004740950295530455,-0.01740091361625784,-0.01582014493186179
2012-06-04,-0.005799095221481476,0.01635488841627808,-0.00216450300957316
2012-06-05,-0.020042135962405894,-0.01635488841627808,-0.0008128980260670993
2012-06-06,0.03935495035061032,0.01530776790175259,0.028592462133142593
2012-06-08,0.00234623871665951,-0.011061477020301691,0.009960763875771494
2012-06-11,0.010987292152805583,-0.026296122101124864,-0.012598591836321837
2012-06-12,0.016420730212327372,0.011354542102925747,0.023235610018179198
2012-06-13,0.0032520353863776386,0.016000341346441127,0.0012894908298717311
2012-06-14,0.006472514505617255,-0.03939003965751664,0.0025740039951727134
2012-06-15,0.013139109065408938,0.020697906645364306,0.015812622255266806
2012-06-18,-0.008312068317092969,0.018692133012152334,0.008315532356556687
2012-06-19,0.007993647680745397,0.03891541624967343,0.023804744181490367
2012-06-20,-0.007993647680745397,0.012642393415176478,0.0029361410865975657
2012-06-21,-0.029318060756611697,-0.03217024930417134,-0.027996378213919648
2012-06-22,0.0,0.01442580400509974,-0.002263867147231924
2012-06-25,-0.02510592113107646,-0.0937768291333354,-0.019324272826402922
2012-06-26,-0.006120386327323146,0.011173300598125158,0.02284363291946656
2012-06-27,0.015567150237412175,-0.020202707317519275,-0.004023138441250129
2012-06-28,-0.00034088972547619,0.0033955890011378997,-0.011912446026773438
2012-06-29,0.020584496002122865,0.030600440448717237,0.022937363510625364
2012-07-02,0.002335280460793454,0.006009305163843681,0.0027373415126583645
2012-07-03,0.01804806987170271,0.03373813963185013,0.01871054091282387
2012-07-04,0.0009751341582067141,-0.002108593295758965,0.006079046076382433
2012-07-05,0.0009741841978430088,0.033725634708036356,0.01252726572839391
2012-07-06,-0.0035766580154250605,-0.02061928720273576,-0.02374142517961708
2012-07-10,-0.01973748283832122,-0.04310324041750624,-0.029607835069032085
2012-07-11,-0.001662510773613457,0.008123521521479438,-0.001010611505923631
2012-07-12,-0.018133472026368613,0.0021551732479831998,-0.0043065297716968765
2012-07-13,0.010785409571808957,0.050889553045682545,0.02110100897888234
2012-07-16,-0.0010062050152981339,-0.010282866955583891,-0.015783867701261833
2012-07-17,-0.00033562678616805286,-0.005181358741997766,-0.003795070968551695
2012-07-18,0.01730492434452091,0.004147232486446217,0.0012666246151926686
2012-07-19,0.011154971312508533,0.01489116091697773,0.0012650223065868715
2012-07-20,-0.0039228556354338195,-0.022681384681924932,-0.024572518664135234
2012-07-23,-0.04900309217600207,-0.011536572628416453,-0.023863725841365202
2012-07-24,0.008904168418575331,-0.009006683401501903,-0.05006486160143275
2012-07-25,0.004422528045124441,0.011114165741066495,-0.00531544124642469
2012-07-26,0.00642871440925008,0.013591427203539341,0.012266671794392447
2012-07-27,0.05415597210237322,0.046165945596140734,0.03965755955544603
2012-07-30,0.012067469400117492,0.006917023626172636,-0.0007992540721195596
2012-07-31,-0.002528446353358582,-0.04069891002259207,-0.009910352974255687
2012-08-01,0.004735604745834454,0.01627706333214074,0.006439517825254093
2012-08-02,0.005432191022197941,-0.011161962665370062,-0.017265063330176744
2012-08-03,0.028586837465297776,0.01719819829722069,0.014855100990924353
2012-08-06,0.022355853721797825,-0.0010035123772400567,0.010666767804195398
2012-08-07,0.00994433386965099,0.0164305413960959,-0.0015927797367862873
2012-08-08,0.01340303012734001,0.044902546620712025,0.007675040983628367
2012-08-09,-0.0059347355198142715,-0.008534902449837345,0.009707540485792698
2012-08-10,0.016236519047640563,0.0033277900926746984,0.007284111290982942
2012-08-13,0.0,-0.0019002381014892045,0.0007773027985620296
2012-08-14,-0.00528480384430674,-0.009075772829442164,-0.04124295853404947
2012-08-15,0.009375984302336438,0.010026343243224378,-0.02045061047129071
2012-08-16,0.0063953706350829975,0.019290177074161807,0.013680103904080365
2012-08-17,0.007793371816224859,0.004185079347204468,-0.03174869831458027
2012-08-20,-0.0031677492292048193,0.0013911432802315993,0.019720122448973143
2012-08-21,-0.002888505763398719,-0.015880763456250557,-0.0074534506545806956
2012-08-22,0.0008674281301455089,0.011701514280681113,0.0002770466841379715
2012-08-23,-0.008999915588849827,-0.009820046180975428,-0.03955317838602168
2012-08-24,-0.00702373387930777,-0.0023523887582788117,-0.004911175550912805
2012-08-27,-0.007073415875726408,0.00657279361589147,-0.015467986785739463
2012-08-28,0.010884060967649933,-0.001404823457449078,-0.002355713692459016
2012-08-29,-0.015033444514461536,-0.0061104772970161925,-0.030228247968453914
2012-08-30,0.0008906041853329327,-0.008047380707081997,-0.0033480475651508357
2012-08-31,-0.020990275891835886,-0.013879141192801647,0.02944039598955639
2012-09-03,0.017720842157721517,-0.0033791970364789314,-0.006832047961963461
2012-09-04,-0.0030075210639552985,-0.012162640810697845,-0.03333642026759165
2012-09-05,0.0030075210639552985,0.007801112210167549,0.016807118316381153
2012-09-06,0.009861128765780158,0.019716916683724772,0.04503130474874695
2012-09-10,0.0008916630104813805,0.0108928379917419,0.036129658562707334
2012-09-11,0.005037794029957521,0.022818219350569935,0.027829320396950852
2012-09-12,0.015254035875741145,0.012354309500935079,0.012959144642505027
2012-09-13,0.025579782399620665,0.040549105993524126,0.025163557890930832
2012-09-14,0.013248960538378096,0.01731645001146087,0.010926227325109839
2012-09-17,0.003912805439272304,-0.002148228538289443,0.010808134033548189
2012-09-18,-0.012066934690941888,-0.002152853361101048,0.012210785146683723
2012-09-19,-0.0005648122149586321,-0.023109814152826758,-0.011443227222343033
2012-09-20,-0.003395589001138344,0.011403632350375448,-0.008475715308482012
2012-09-21,0.009029406719394117,-0.010081172382456094,-0.03011092780995339
2012-09-24,-0.005916343500612875,0.011388646964008764,0.006887444444993118
2012-09-25,-0.06871034570459456,-0.009628083128975895,-0.028382092512945878
2012-09-26,-0.009426860139688298,0.00131839175325843,0.0035244715892792655
2012-09-27,0.012750628118782359,-0.0026385239581809827,-0.0018962487058176158
2012-09-28,-0.01765109734372894,-0.015084580615428944,-0.010631148240037191
2012-10-01,0.01825423367081891,0.006238879416602616,-0.0043944042152457286
2012-10-02,-0.001204456634619877,0.008405269568716012,-0.0038610086574593083
2012-10-03,-0.025325533541592282,-0.015986130846302293,-0.013632148790057474
2012-10-04,0.004316997145401125,0.0026821652199393586,0.01114217655324179
2012-10-05,-0.004626068388782656,-0.006718950248744804,-0.005277057100844029
2012-10-08,-0.003095977705128039,0.007165279200586294,0.032601161375398036
2012-10-09,-0.031178718248450643,-0.008514503601351642,0.005376357036380508
2012-10-10,-0.007707167244937807,-0.004510607557349777,-0.010781775603288413
2012-10-11,0.01757514482150757,0.017033132556240282,0.013459153374004718
2012-10-15,-0.0006337135826783857,0.013245226750020711,0.0
2012-10-16,0.016347424717841452,0.0,0.01880601046528252
2012-10-17,0.004045438845299287,-0.00792606527242068,0.002131061008954216
2012-10-18,0.007425776696849518,-0.005319161477600032,-0.004801289564833056
2012-10-19,-0.0027782083003029534,-0.011173300598125158,-0.021622464013165477
2012-10-22,-0.018721295608208788,-0.009029406719394117,0.0
2012-10-23,-0.010766411788145636,-0.01738378634458737,-0.028545654446956892
2012-10-24,0.007611835039630144,-0.0060171438200251615,-0.007053210224604367
2012-10-25,0.0243457717290414,0.009702085806450489,0.05481201149730719
2012-10-26,-0.013035566337455062,0.015963850989014094,-0.007532992307545339
2012-10-29,0.0003123535867972649,-0.03452586884907349,0.006460318565645995
2012-10-30,0.007157335673212639,0.00839557170163796,0.004817996472061381
2012-10-31,-0.007782140442054608,-0.034494324668999266,0.0
2012-11-01,0.036211381962571565,0.0024009615375382154,0.024790299049477937
2012-11-05,0.005141399500418586,0.018532248128927398,-0.008895924705011993
2012-11-06,0.013483350337287092,0.020503980197707383,0.0047194634006269
2012-11-07,-0.02409755157906046,-0.023332836398185064,-0.010518109063383907
2012-11-08,-0.016600442693035067,-0.027280945270892643,-0.02272521268595895
2012-11-09,-0.0018616201467001048,0.00821459076871367,0.008616100690791217
2012-11-12,-0.006543098588936314,-0.016497220335577545,-0.008075414005545234
2012-11-13,0.020727733580892416,0.0014666343376943392,0.0070024525292176065
2012-11-14,-0.00799266474403515,-0.03327846197270845,-0.018145386142326636
2012-11-16,0.01135503991243958,-0.03966525639243135,-0.030805821589737103
2012-11-19,0.02203197612029717,0.005241102144103227,0.013159926725677451
2012-11-21,0.02009523885642439,-0.0270215116032404,0.013812374287611284
2012-11-22,0.010766872526233762,0.0016098742409034195,-0.004399237229688158
2012-11-23,0.01151091846614083,0.027500410967728595,0.017211188409672395
2012-11-26,-0.00948691893175635,-0.018426422900319483,-0.008431982502506763
2012-11-27,-0.015427463598251201,-0.016609007571827483,-0.0035572619260140215
2012-11-28,-0.006769709444822691,0.007535019504418372,-0.016862873661939393
2012-11-29,0.015822187674363608,0.0264565695368304,0.04337240547175103
2012-11-30,0.031194402279052458,-0.025920520207457276,0.0037303533799066813
2012-12-03,0.00869692674824929,0.018056783747242733,-0.0058682483684320275
2012-12-04,-0.005933058794191481,-0.009518845009206744,-0.01835904696689239
2012-12-05,0.015743929358450703,0.006355953600698738,0.016216571589245277
2012-12-06,-0.02085757686528833,-0.012752563897391322,-0.006724974907673875
2012-12-07,0.0005694760973948831,0.020117142159599144,0.011539105628125323
2012-12-10,0.013009233244365426,0.025357115387844686,0.017718300360244577
2012-12-11,0.005883193884553162,0.021234367104323804,0.022035888399180692
2012-12-12,0.0011166947000753602,-0.007028141379109121,0.010204170174241689
2012-12-13,0.007228277232105285,-0.014206225725214683,0.005568224966516322
2012-12-14,-0.004441983983422215,0.032179750007544694,0.039104215085076
2012-12-17,0.0,-0.014453279259077245,0.019231361927887658
2012-12-18,0.0008343763521194703,0.012472099809668125,0.0193356648781684
2012-12-19,0.024441694534144798,0.03698718449178795,-0.018145896742579826
2012-12-20,-0.009814691653231566,0.005717023670482213,0.00474496738422614
2012-12-21,0.011711968276026052,-0.017250068370938898,-0.008557218844239323
2012-12-26,-0.0208485661215434,-0.03092270922366236,0.006661932799524983
2012-12-27,-0.018427169178165226,-0.032939385352870554,-0.00023716352536196084
2012-12-28,0.006274977806071558,0.005651183804027626,0.0028422567689303513
2013-01-02,0.02388089326191878,0.008671311666087922,0.04214562145076339
2013-01-03,0.056942401125217756,0.03542400819913638,-0.017153079226249535
2013-01-04,-0.017732368822772848,0.003913899321136505,-0.019096993961008835
2013-01-07,-0.004281515772499134,-0.01972450534777881,-0.016356889508874595
2013-01-08,0.003480126655214466,-0.029309829253827413,-0.007918457691720171
2013-01-09,0.012745791242436688,0.009188426054406396,0.004566766739808603
2013-01-10,-0.013280407667894512,0.00759305090759721,0.010496279571287292
2013-01-11,-0.00348199092931889,0.0025182586967231746,-0.02086156461155264
2013-01-14,0.016234554826710212,-0.0015101940952282344,0.0038694123248199652
2013-01-15,-0.015429941668107627,-0.0015124782313578056,-0.006538345123461742
2013-01-16,0.0050809040980510645,0.0010085729548849898,-0.006336847917092658
2013-01-17,0.016402484137948203,-0.006573980692097914,0.0019540797619974626
2013-01-18,0.0036668453867760853,-0.006617484062264589,-0.009069801112547182
2013-01-21,-0.004191779782032334,-0.009751167847803721,-0.0007390073005377751
2013-01-22,0.008105679103168395,0.009751167847803721,0.013948592725410158
2013-01-23,-0.014690715410003552,-0.001533350670989364,-0.0073171058170666825
2013-01-24,-0.0023812684886439506,0.003064353776879969,-0.021027367192075985
2013-01-28,-0.031210496663918175,-0.01231416278935038,-0.030716972662060193
2013-01-29,-0.011544933067108687,-0.013513719166722726,0.011534153245286394
2013-01-30,-0.010282152557352209,-0.04879016416943194,-0.01256587889780647
2013-01-31,0.022100347000665987,-0.006615239118719529,0.03822766441228964
2013-02-01,-0.004930166107858458,0.020799874110675853,0.014548401094366614
2013-02-04,-0.008321823337492429,-0.025234471178541495,-0.009840177801511363
2013-02-05,-0.0008360039500421301,0.004434597067865642,-0.01871545581135603
2013-02-06,-0.01829748444157797,-0.026907452919924246,0.011271252699625922
2013-02-07,-0.008559253395670208,-0.005698021114637575,-0.028291859200247238
2013-02-08,0.019858808649603432,0.013621095951964923,0.007911231768389815
2013-02-13,-0.008746000170805956,0.003376480416606098,-0.005863624193490402
2013-02-14,-0.013407703347135591,-0.007330170966434402,-0.013644181289839796
2013-02-15,0.043277334969234804,-0.0022662899218262034,-0.007284111290982942
2013-02-18,0.016096378084932805,0.015198716436930493,-0.0068116585094104565
2013-02-19,-0.02161211187023504,0.011111225425070703,-0.010305283431287116
2013-02-20,-0.02293806863242498,-0.02687731776374669,-0.032665881854144985
2013-02-21,-0.011096998211731268,-0.01717271737374415,0.007109682668767103
2013-02-22,0.020391530690980986,-0.00986372952234027,-0.027065999052226175
2013-02-25,-0.0025263171331113554,-0.011730339785489763,0.004469281182296836
2013-02-26,-0.022166295457260343,-0.012466768765129865,0.019868203216725444
2013-02-27,0.0057306747089849175,0.004172882359194663,0.010869672236903938
2013-02-28,0.009101314246345638,-0.0119690237953205,0.021391189981317282
2013-03-01,0.012100893404257462,0.0173086983038242,-0.028170876966695957
2013-03-04,0.01815438771817046,-0.023953241022492744,-0.030669623056237327
2013-03-05,0.002487907295718017,0.0036297680505785745,-0.005345349624472195
2013-03-06,-0.0013814064912605062,0.08615553582177649,0.053547451442349736
2013-03-07,0.01017750498585368,0.04865824674954533,-0.0005349023930691921
2013-03-08,0.014670189747794105,-0.031085032301400917,-0.028216739059391927
2013-03-11,0.0,0.030029065994196857,0.009039919115209738
2013-03-12,-0.007851671580971775,-0.010087688410955309,-0.010416760858255714
2013-03-13,0.002985481929798528,0.0010666667678025377,-0.040202181133104364
2013-03-14,-0.002985481929798528,0.032514662884541634,0.0040080213975390855
2013-03-15,0.006772340661295839,-0.01507696872496389,-0.007744194733431353
2013-03-18,-0.017979236688002054,0.005745641296079684,0.00831546010172346
2013-03-19,-0.013281877595743286,-0.005221943981151611,-0.0419886752083114
2013-03-20,0.008874156961033997,-0.013175421158564626,0.022671367018963995
2013-03-21,-0.009152747295751329,-0.017121873596751103,0.008407065025875848
2013-03-22,-0.0016731738426534193,0.005382144316228521,0.0020187461794605177
2013-03-25,-0.012073711177133628,0.0,-0.013341265165460303
2013-03-26,0.014513146509239405,-0.002149382880144657,0.0058224327514331264
2013-03-27,0.021532295126780454,-0.009186770906191688,0.019546468818067986
2013-03-28,0.02401182504664634,-0.0038074563265815264,-0.006568637069354288
2013-04-01,-0.010008914877321473,-0.017038059866101518,-0.027892569402301337
2013-04-02,-0.015448910941047611,-0.01902687505469447,-0.022044383883637053
2013-04-03,0.011904902506318038,0.016807118316381375,0.06274851642013868
2013-04-04,-0.014603150283384547,-0.015677812719229633,-0.03336518869137173
2013-04-05,0.0,0.004504512121104476,0.010763740284644996
2013-04-08,-0.013905907274968765,-0.02215370351794177,0.0040427430169587275
2013-04-09,0.02584278431534992,0.04162580693076201,0.042043150622837366
2013-04-10,0.0231647947913447,0.014766470116301056,-0.03343477608623724
2013-04-11,-0.0011600929375306102,-0.023620982864719142,-0.024878344123119067
2013-04-12,-0.007573587031223905,-0.0016689850883879753,0.012805762888849603
2013-04-15,-0.030278359306261216,-0.041495012334215264,-0.0632669181686989
2013-04-16,0.018217615963900258,0.026912589039944868,0.022541313835997556
2013-04-17,-0.03738753207162038,-0.030400964670398878,0.023691881203210308
2013-04-18,-0.019231361927887658,0.03715774713327891,-0.017402552295646245
2013-04-19,0.011521223501920197,0.0363676441708749,0.006250020345171414
2013-04-22,0.0,0.015570784384879355,0.014228510998369082
2013-04-23,0.012001990507508165,0.021608218856874695,0.025471358848315084
2013-04-24,-0.003677601447976908,0.013979000609163128,0.005374751666740174
2013-04-25,-0.005233196489858205,-0.01293679103071943,0.01917180089269932
2013-04-26,-0.021211026031636493,0.004676547883901705,-0.03266323623028944
2013-04-29,0.005658613024151382,0.053494084970966416,0.014086850657354155
2013-04-30,0.030866647980527517,0.02214484051157295,0.019160497739075577
2013-05-02,-0.0036540844556425256,0.007932614725705056,-0.02243967790212098
2013-05-03,-0.003030305349179141,-0.012422519998557036,0.009213915682859675
2013-05-06,-0.015907340629289557,0.017348638334613087,0.0008871803036440973
2013-05-07,0.02947197966342774,0.01318056670020984,0.029705154413915746
2013-05-08,0.008941937375661624,-0.01613332475109064,0.003151413580801954
2013-05-09,-0.00356718570892145,-0.0024673094184586297,0.005420067469338985
2013-05-10,-0.002385212818373894,-0.014431701083392312,-0.02623006698313235
2013-05-13,-0.022031976120297614,-0.028471674081312015,-0.023641763057040688
2013-05-14,0.011529253921148452,0.008217817176814357,-0.019629197359943618
2013-05-15,0.007513183350782882,0.001022494976610222,-0.021267560720586776
2013-05-16,0.002093615240580604,0.00915570993914594,-0.023641763057040688
2013-05-17,0.022160753240812348,0.010075651988741496,0.009523881511255272
2013-05-20,0.015369303546753699,0.012453461071286753,0.038430511610780815
2013-05-21,0.0028735651957316755,0.0019782400121055588,0.007874056430905885
2013-05-22,0.006007742286555651,-0.01593659226281252,-0.016117119439003957
2013-05-23,-0.013785399237943974,-0.003016593539425738,-0.018877243211095962
2013-05-24,-0.006673461586786278,0.009521495135551783,-0.009731673098536842
2013-05-27,-0.005839432651558951,-0.005501389218885988,0.004720701134937499
2013-05-28,0.007875204766594202,0.006498398274554562,-0.017419284472064867
2013-05-29,-0.022327602020733472,-0.011022155675047385,-0.008019289166619537
2013-05-31,0.019709418706940873,0.01002514661937881,-0.019512814223582087
2013-06-03,-0.028362314706318337,0.011899000085145106,0.03707112643696053
2013-06-04,-0.014488632562316806,-0.010901991029476532,0.01257878220686015
2013-06-05,-0.028683539302891692,-0.0329226999450678,-0.03433267908050519
2013-06-06,0.0006255865077342548,0.002057613894680177,0.011575691957888878
2013-06-07,-0.007532992307545339,-0.03237880760964207,-0.016438726343159793
2013-06-10,0.004087413330982059,0.0021208915691375285,-0.01012584186693477
2013-06-11,-0.039032466047024705,-0.018712120420086187,-0.024930657992499494
2013-06-12,-0.0032679767646159874,-0.022374739682434974,-0.010829209043690113
2013-06-13,-0.013843332475394377,0.03684056922107004,0.04977802649966412
2013-06-14,-0.02113108979643563,-0.04015732184706433,-0.026572007848851165
2013-06-17,0.009110911681910583,0.0016597514183644968,0.010582109330536937
2013-06-18,-0.007417431175577693,-0.014476867532154714,0.020511870048113057
2013-06-19,-0.021896187823852387,-0.0359730480556415,-0.010366144007558198
2013-06-20,0.006550618149192111,-0.010520260674179438,0.007784664677874087
2013-06-21,-0.023645051508492276,-0.03345592789630425,-0.016287004974699038
2013-06-24,-0.02026015629566169,-0.033985352899228216,-0.05259047967776187
2013-06-25,0.00537154380191085,0.005640879890085548,0.017499159866491976
2013-06-26,0.009242867081177941,0.009331327428884206,-0.03284651377229597
2013-06-27,0.010209558845637456,0.014141028756258,0.0
2013-06-28,0.018574215436401253,-0.012285166794577584,0.02259001360510693
2013-07-01,0.0,-0.0012368585373963015,0.013313048649737702
2013-07-02,-0.044037901399429646,-0.048821105242161655,-0.034147135552579755
2013-07-03,-0.00808530681693398,0.03260116137539826,-0.003867116789725067
2013-07-04,-0.0014771051430133575,0.0037664827954768665,0.037335826264723426
2013-07-05,-0.03497254321012111,-0.05208506006628477,-0.026475673984027726
2013-07-08,-0.004987541511038973,-0.01128455386630467,-0.0108601522806957
2013-07-10,0.0026886899239282336,0.01523712818212819,0.02022384129637933
2013-07-11,0.048296864808939244,0.03805683376171953,0.045546748992912
2013-07-12,-0.0021953905634353177,-0.023696273657851652,-0.01595778543861126
2013-07-15,0.024603267046420907,0.007103678564431837,0.009671577806650067
2013-07-16,-0.0017885892802498304,0.0134230203321406,0.03585781815277711
2013-07-17,0.023705337868721532,0.019491343246973658,0.019344189681195
2013-07-18,-0.01337577140113888,0.0024875634718017903,-0.005985212385997141
2013-07-19,-0.016074645105959906,-0.013758816171427712,-0.023981964686484947
2013-07-22,0.036071803305376626,0.026104651993726913,0.016370129646855247
2013-07-23,0.014140604650151545,0.006725797289282909,0.0192343940180133
2013-07-24,-0.01483553171077956,-0.0012195123462610535,-0.0034412672784163156
2013-07-25,0.0020833340868540162,0.027085616058442064,0.010908632406910534
2013-07-26,-0.01890812633683492,0.0065108250122787314,0.0
2013-07-29,-0.0010610080570945257,-0.01605743689585859,-0.01310471172088068
2013-07-30,-0.003900022670682013,-0.013277201681676898,-0.02480254325564113
2013-07-31,-0.016114941392406212,-0.010381772634969977,-0.0012886599721482206
2013-08-01,0.02741848809665326,0.03912626660995455,0.00994394721570746
2013-08-02,-0.0017714796483820905,-0.007703741803384068,-0.0025567287816898876
2013-08-05,-0.020781829962921883,-0.009563730994071706,0.009554212804812057
2013-08-06,-0.020483525238504274,-0.02247285585205816,-0.007636053648908181
2013-08-07,0.0029520316640812005,-0.0018444517986480058,0.021798367461412393
2013-08-08,0.03190988650213766,0.024317307650706166,0.03621138196257201
2013-08-09,0.01029655821494746,0.025497971933970964,0.04623228724850259
2013-08-12,0.015770433729037858,-0.03273127652749075,0.02135312447056892
2013-08-13,0.023708377244749723,-0.009726520449889087,0.003093800808316338
2013-08-14,-0.010238997301094344,0.03481744244341556,0.004762580790886872
2013-08-15,-0.013121735233045051,0.0506145980485897,0.010287870524200216
2013-08-16,-0.009429090288851416,-0.002808201789290532,0.012371291802546924
2013-08-19,-0.0017559267022648761,0.002808201789290532,-0.005204778219978223
2013-08-20,-0.013446770198549007,-0.04005111953902052,-0.028696773455703095
2013-08-21,-0.016885617650686857,0.012184659016367227,-0.010512953765065003
2013-08-22,-0.0036297680505783525,0.05169690381442682,0.03508147036013076
2013-08-23,0.01980262729617932,0.015756913886621815,-0.00386847677792046
2013-08-26,-0.01219527309381796,-0.019597796523413313,-0.00610943305455125
2013-08-27,-0.029667072267093975,-0.04153234388159488,-0.01770455124627235
2013-08-28,-0.005591813265777734,-0.016758554588619967,-0.012266592263658893
2013-08-29,0.014842573037928908,-0.015267472130788384,-0.024405627368140337
2013-08-30,0.0204163124949428,-0.0059347355198144935,0.012277266167231904
2013-09-02,0.009339148338980863,0.008298802814695083,0.03426948707812194
2013-09-03,-0.016855338974120393,-0.00948998818484803,0.006436289184113875
2013-09-04,0.005050515786068743,0.0041629557593103605,0.004175371410480633
2013-09-05,0.011449141164028287,0.040133330145666335,-0.0002778163651706578
2013-09-06,0.01902805824230791,0.012464750619987086,-0.0030610849003438467
2013-09-09,0.02889777966643603,0.022823144844055676,0.02938561020361563
2013-09-10,0.01213361701142679,0.009312584420239078,0.024065332489246583
2013-09-11,0.009668353359737925,-0.004919386799818293,-0.01893642395889783
2013-09-12,-0.01943109711834845,-0.022161571802852498,-0.0051289085303487525
2013-09-13,0.008086297431357803,0.015564516541111573,-0.012253386805765487
2013-09-16,0.004352928353248853,0.01749634571977654,-0.0030182489643770793
2013-09-17,0.010304229446724822,0.004326669810732264,0.002744238824287759
2013-09-18,0.032533773660152754,0.019770881768328197,0.0010955903588349969
2013-09-19,0.004152697231101676,0.013662850477117905,-0.004114667717214804
2013-09-20,-0.02485201324425157,-0.011548684784782326,-0.019709173719176132
2013-09-23,0.006839303650241213,0.009458819865322932,0.009486678289983619
2013-09-24,-0.0019493183560492788,-0.01847505702483776,-0.01567342468264732
2013-09-25,0.004866189651172359,0.0015970192374861192,0.008427016161880019
2013-09-26,-0.0003236769732088973,-0.01123306810255098,0.006968669316093301
2013-09-27,0.025884173952744227,-0.004853069649073394,-0.023609865639133698
2013-09-30,-0.042532183715608074,-0.007596346891934669,-0.020109841717192545
2013-10-01,0.015676349767387965,0.016743572361286763,0.001160092937530166
2013-10-02,0.004874095758245378,0.005874516226485715,0.00028981307259812183
2013-10-03,-0.0032467560988700406,-0.01286191364240774,-0.0137128334047385
2013-10-04,-0.0039100734078427735,0.006987397415922025,0.010520260674179216
2013-10-07,0.0039100734078427735,-0.0026816857047102793,-0.009052478229540917
2013-10-08,-0.0013016597997959067,-0.01678891316250186,-0.01418044441279731
2013-10-09,0.016470580634555088,-0.013194254082282031,-0.012273765814571291
2013-10-10,0.013679233502899013,0.004417456106722728,0.007501910651794397
2013-10-11,-0.003164559602963024,-0.00275862243907965,0.009521047823239037
2013-10-14,0.021634328651205514,0.009348432118135186,0.04544263249407399
2013-10-15,0.002478316014467019,0.00817666043724552,0.008172512726194014
2013-10-16,0.008626054719767406,-0.0038074563265815264,-0.005346853880864533
2013-10-17,0.005201174338061332,-0.007658680761062797,0.011781342440106979
2013-10-18,0.0091130642829782,-0.015495606122474914,-0.007129646627583419
2013-10-21,-0.014314238621039532,0.051627873100313026,0.012514384025728909
2013-10-22,0.014314238621039532,-0.017633371663910324,0.014312016427876273
2013-10-23,-0.02046810419541778,-0.011930727201830749,-0.02368309167891658
2013-10-24,-0.000926354860130818,-0.004922077205428366,0.0
2013-10-25,-0.006508623627387244,0.013613060752848183,0.0005704506714874213
2013-10-28,-0.0006220840013990703,0.07298704746684748,0.006820145788208443
2013-10-29,0.01083098937164273,-0.009598457121938075,-0.004826127181343676
2013-10-30,-0.004009257490718454,0.01261050759192961,-0.0034207559012453537
2013-10-31,-0.002475248788542661,0.02377526549365827,0.02063094228231055
2013-11-01,-0.0003098373378773722,-0.028296750212504218,0.031661281906465
2013-11-04,0.0239201837176517,0.01796455497529892,0.02673956104189923
2013-11-05,-0.013423020332140378,0.0014825799602227185,-0.001848673443443083
2013-11-06,-0.011118088583976782,0.00787018326920541,0.016776278119265964
2013-11-07,-0.00873367996875496,-0.020292703267762446,-0.032763828879578405
2013-11-08,-0.03636764417087468,-0.018163970627671278,-0.012976662225779645
2013-11-11,-0.00097513415820627,0.022653875900523257,0.0054274217353653675
2013-11-12,-0.008163310639161203,-0.027246892395468292,-0.03189712261627653
2013-11-13,0.013353072530659205,0.019752478102317506,-0.007291114744998772
2013-11-14,0.01859027896890808,0.025255117955118367,0.009802627157659671
2013-11-18,0.005699825437615491,0.047275453713790716,0.010259344110088442
2013-11-19,-0.03338993970586479,-0.0155114743423721,-0.018093743442698873
2013-11-21,-0.004253237231317986,-0.009997702889464,-0.016426311000278915
2013-11-22,-0.0065789710980421745,-0.011065785277088347,0.008813134513347975
2013-11-25,-0.008950830520084718,-0.015111182011354973,-0.01943473573514165
2013-11-26,-0.004338401598598107,-0.06493152566218141,-0.03255896924084967
2013-11-27,0.02314152856169427,-0.005781882073217615,0.020655794878478684
2013-11-28,0.0032626456348161526,-0.016476588527725156,0.027651531330509904
2013-11-29,0.009724549891994894,0.024352712204057436,0.018855208940140145
2013-12-02,-0.021520230564759935,-0.09656619839105107,-0.012907025420379359
2013-12-03,-0.01341851733877597,0.008603437065556552,-0.009363098619829646
2013-12-04,-0.015314234973042407,-0.006301940077277246,0.003982935564077916
2013-12-05,-0.004812659684415799,0.013131790189295334,0.01157387654968467
2013-12-06,-0.0006894174695677435,-0.02294994586994048,-0.0019665689720409496
2013-12-09,-0.002762432695909922,0.0011600929375303881,0.009515884848529055
2013-12-10,-0.004505292666479477,0.0028943580263647295,-0.013460663139545748
2013-12-11,-0.0221255733342427,-0.030518800464673035,-0.020536945401873563
2013-12-12,0.008486613877318305,0.00475625153464887,-0.004332136739134906
2013-12-13,0.004567020058248605,0.010032542100887776,-0.006387942744078057
2013-12-16,0.006637578954614476,0.018039476677798705,0.0017462169745741107
2013-12-17,-0.0013937284486034152,-0.0316370849431824,-0.003495488557657467
2013-12-18,0.0055632966853282895,0.0023781224049672645,0.002913754975224947
2013-12-19,0.017188460298087627,0.024055134663188094,0.021301899318598494
2013-12-20,-0.01580245869021013,-0.019906980566879673,-0.018976992720673103
2013-12-23,0.005869169273294617,0.008831379153043883,0.0031879464761872534
2013-12-26,-0.008673081253428805,-0.008240187885455441,0.004330885937839923
2013-12-27,0.006252191259050299,0.00059084196696646,0.022504866607675034
2013-12-30,0.007245158482484637,0.008820992215379686,0.005898065124986918
2014-01-02,-0.0048242684881061315,-0.019509930089348204,-0.02552605978300937
2014-01-03,-0.01393750784378156,-0.019898154246793087,-0.029148085103552823
2014-01-06,0.012205905679503637,0.012106685403019846,0.008247469430016974
2014-01-07,-0.022079046529440483,-0.028067736334352666,-0.024949319047948393
2014-01-08,-0.0007089684806000918,0.0018547145965943646,0.006893478519411023
2014-01-09,-0.02914399466908124,-0.03073305533528159,-0.036190660851090684
2014-01-10,0.008362164706159358,0.017051249872658936,-0.0012395415284021105
2014-01-13,-0.007267473846977346,-0.012602561251974231,-0.006532921041622952
2014-01-14,0.009076119664666038,-0.004448688620684704,-0.000624414631589687
2014-01-15,0.0057657817389644705,0.021424890084106085,0.013339735581530121
2014-01-16,-0.014477270588287183,-0.02845591936868308,0.011642288363402198
2014-01-17,-0.009892002259016763,-0.005144705881237721,-0.0104103818324921
2014-01-20,-0.005908436686166141,-0.02150620522096358,-0.021780574758297977
2014-01-21,0.011416069481284374,0.010485023971626095,-0.0225872494232644
2014-01-22,0.0065693666915409565,0.03207459044716976,0.023216180261605768
2014-01-23,-0.02281187954975472,-0.02363572180130502,-0.02805411906407418
2014-01-24,-0.01992172631226463,-0.02420792076409617,0.01029278948543233
2014-01-27,0.004923319923874736,0.0006620324637696129,-0.004168676872220001
2014-01-28,0.0007552870449685223,-0.003978785089763459,0.02004202602851013
2014-01-29,-0.023296833651278437,-0.0167508104248153,0.04164055704431657
2014-01-30,-0.006201570263281386,-0.006779686985378897,-0.018293193047325573
2014-01-31,0.016962627219579307,0.0,0.016781476962003605
2014-02-03,-0.03461360518889478,-0.05956226115134311,-0.028231393169928065
2014-02-04,0.00738297505527985,0.01718009327724146,0.01666705248521172
2014-02-05,-0.004267707738330628,-0.018625180233922123,0.025088213218041666
2014-02-06,0.019634894509363843,0.027105796432342455,0.02243305406495333
2014-02-07,0.014007421908870832,0.016748472449431784,-0.006148460300452907
2014-02-10,-0.009442940800282074,0.011011811204167055,-0.012114197490773915
2014-02-11,0.00792606527242068,0.023673746783723137,0.024953591844002254
2014-02-12,-0.004899199548643374,0.0,-0.0008701958489658601
2014-02-13,-0.0026480060867393185,-0.023673746783723137,-0.00407095648002187
2014-02-14,0.011299555253933224,-0.002055499182096021,0.015037877364540542
2014-02-17,-0.006764400088541844,-0.010341353794732555,-0.010096725035552812
2014-02-18,-0.00453515516539138,-0.022425606921056884,0.0023168269847837486
2014-02-19,0.02061928720273576,0.006358198742492327,0.010073477037868539
2014-02-20,-0.008945270233136515,-0.0028208763416412985,-0.011520864756174198
2014-02-21,0.020749169735627238,-0.0007064641763270263,0.002603791432025382
2014-02-24,0.011666191371697554,0.024434025337282117,-0.02753542447426982
2014-02-25,-0.023470090874188276,-0.022316128322547257,-0.0350594988571693
2014-02-26,-0.007448824012990851,-0.03589760890957705,0.00030755036379614964
2014-02-27,0.0251028316074966,0.02597548640326064,0.014955261185491509
2014-02-28,-0.00438436946389853,-0.032576170434612806,-0.00030298439862130877
2014-03-05,-0.011416069481284374,-0.0223223554378984,-0.03547017944830788
2014-03-06,0.03525714988684747,0.010479137809992212,-0.0031446566794715025
2014-03-07,-0.01294051127573459,-0.008224345422902957,-0.03852803972109653
2014-03-10,-0.024168148119859456,-0.02354837258782916,-0.016834858721670454
2014-03-11,0.004806812730964616,0.007657005251194393,-0.016446083043826665
2014-03-12,0.0062511694646869564,0.015891367336634765,0.018773598641535383
2014-03-13,-0.02074148430681655,-0.015891367336634765,-0.027269826470620817
2014-03-14,-0.013185348303249356,-0.025493848826219523,-0.0013661204310433384
2014-03-17,0.02101390645831236,-0.016568426347232768,0.0017073591308225389
2014-03-18,0.011812614285745315,0.03132597572619655,0.016915152967178937
2014-03-19,0.009859491955889865,0.02812804215912501,-0.006731765576479809
2014-03-20,0.027948791584048838,0.04757574818991217,0.009077218151116728
2014-03-21,-0.0017683470567417814,0.002142092929054318,0.018239603644262914
2014-03-24,0.027580732364145266,0.026743324975510907,0.004917236592036467
2014-03-25,-0.005871196281751256,0.005540180375615433,0.007817629391053682
2014-03-26,0.021926195280003835,-0.005540180375615433,-0.011421236894352038
2014-03-27,0.037250731889836075,0.07811777926395203,0.020786717911927877
2014-03-28,0.002282733748467436,0.005763704716750029,-0.0032195777971879558
2014-03-31,0.01583487602656053,0.0076336248550710195,0.013134899715117498
2014-04-01,0.01084194293725771,0.0018993358036525354,-0.0019114373452682187
2014-04-02,0.028896482923724154,0.04634749773573277,0.03662954500305293
2014-04-03,-0.005277057100843585,-0.008406127741012126,0.011613822469988655
2014-04-04,-0.01189744778906654,0.002594035177046816,-0.013152047661771693
2014-04-07,0.03952351406399757,0.0639716506522936,0.02613336202917127
2014-04-08,-0.019875291153208963,-0.028969668403060922,-0.0024024035578666947
2014-04-09,-0.008373440148066624,-0.008794026522573217,-0.008454156633328491
2014-04-10,0.006518725551472038,-0.010783485401028026,-0.005472801741355227
2014-04-11,0.025959619306066273,0.03200775276728196,0.005169541693542001
2014-04-14,-0.012437593974092387,-0.01618964376758658,-0.002429396882674073
2014-04-15,-0.009507815834769229,-0.03904495960951193,-0.02741644464121107
2014-04-16,0.011642288363401754,0.029584151105283008,0.004514680354526401
2014-04-17,0.018110968918506387,0.03731776300719525,0.018173623090738555
2014-04-22,-0.003295883133365596,-0.02597548640326064,-0.0301498141374541
2014-04-23,-0.009650255832161392,0.004376374599798893,-0.01377070941358527
2014-04-24,0.01801850550267803,0.006218925515655727,0.01637233689726303
2014-04-25,-0.0020855064910212384,-0.006218925515655727,-0.01538240116223788
2014-04-28,-0.0071835088912037826,0.03252818233565202,-0.02437109436205276
2014-04-29,0.007779811830757044,0.007819588716630133,0.006400560843744962
2014-04-30,-0.010788237685807278,-0.007215906235272351,-0.012842352911227373
2014-05-02,0.012277441237275255,0.060305070605634725,0.026847250036188264
2014-05-05,0.012611987086504683,-0.0017059998451003366,-0.0029845818871816476
2014-05-06,0.007260087065496634,0.03742408244717943,-0.00967803315705007
2014-05-07,0.011793607139429785,0.01846874873950699,0.005017571991979608
2014-05-08,-0.011215070820140394,-0.03840296364032425,-0.016824084578968446
2014-05-09,-0.008421713780315088,-0.01181448341376301,-0.008519390427049967
2014-05-12,0.017919554642115365,0.020168750883621023,0.04614660263578152
2014-05-13,-0.004881560303985566,-0.003889974341172442,0.0016326534238855217
2014-05-14,0.01655761492280039,0.018207399528720636,0.023856708471641674
2014-05-15,-0.012822515048199534,-0.014317425187548194,-0.009281551668673504
2014-05-16,0.006574269784260345,0.0011086475636639115,-0.022765210773012523
2014-05-19,-0.017241806434506124,-0.006112828148239879,-0.03106981166257272
2014-05-20,-0.018134454253460053,-0.03632635512691684,-0.020916243403878543
2014-05-21,-0.02571143129187181,0.00920604890772303,0.0010389611324188586
2014-05-22,0.010244138998563912,0.010823232967849483,0.015456258236691944
2014-05-23,-0.016014845977045056,0.0028288562004776807,-0.002730377122857508
2014-05-26,-0.003967653610293276,0.00899893586856959,0.011552965738036658
2014-05-27,-0.015408625352844929,-0.020934286417842562,-0.017379888822904643
2014-05-28,0.010196287934897352,0.011935350549272972,0.0
2014-05-29,-0.010817598921022853,-0.022858138076050194,0.008557300207725493
2014-05-30,-0.030606585281549137,-0.03589676382998941,-0.03256262754767558
2014-06-02,0.0016007687106425195,-0.005407042311246002,0.025722655599898836
2014-06-03,0.011494379425735168,0.017910926566529817,-0.010001807812950236
2014-06-04,-0.008608374536600127,-0.017910926566529817,0.0024234043364552704
2014-06-05,-0.0077145994953307095,-0.01701134582653685,-0.004852695831341958
2014-06-06,0.04757551753603506,0.08004270767353638,0.020293043751306694
2014-06-09,0.026716828897997313,0.0218190473946398,0.008813616374945266
2014-06-10,0.007758916871058563,0.014831362224181799,-0.006433067724798569
2014-06-11,0.022921955678645745,0.029018693889035774,0.006770506567210788
2014-06-13,-0.002326935314063583,0.005809364106839743,-0.03571808260207909
2014-06-16,-0.000873998598971415,-0.013252248013918555,-0.006313595156852703
2014-06-17,-0.01349785751207433,-0.022666917564291733,0.0010550379033853474
2014-06-18,0.01727968020124626,0.03644561992045636,0.013961832381768957
2014-06-20,-0.0026166608911717404,-0.01591545530589955,-0.002776815390652221
2014-06-23,-0.008184786995483417,-0.0216224640131657,0.01174858019407532
2014-06-24,0.015436450390803547,-0.03673200926872999,-0.013836263624559031
2014-06-25,-0.04323225022457278,-0.020040750883446146,-0.0017430717329469658
2014-06-26,-0.0021351235806839064,0.0017336034390900146,0.02344935031480988
2014-06-27,-0.011053228898023182,-0.006952519314881833,-0.009589114572698954
2014-06-30,-0.010552549816559065,0.005218915875791819,0.006174976739441007
2014-07-01,0.0,-0.005800480300441224,0.013924490562156944
2014-07-02,-0.0021898960730357686,-0.004080448681161863,0.02629540754975057
2014-07-03,0.0173863429543184,0.02195351021587233,0.019519162321532946
2014-07-04,0.004606180414897576,0.0,0.005782219772267894
2014-07-07,-0.007380107297622729,-0.012651117553558855,-0.013544225107757324
2014-07-08,-0.010861239431604552,0.002889340351605041,0.000324622629047866
2014-07-10,0.029210378099801204,0.04402516816780744,-0.000324622629047866
2014-07-11,0.006042314455962483,0.009343294130681912,-0.0032520353863771945
2014-07-14,0.03550668845690996,0.043880769026580335,0.005198192341863361
2014-07-15,0.008971265494342351,0.008342071317395394,0.006459970785526181
2014-07-16,-0.03339501888175178,0.002592690070443382,0.027311954861066745
2014-07-17,-0.004478287824695837,0.012863568166248118,-0.013880349032405537
2014-07-18,0.04676480369045821,0.0479133556958975,-0.0009534404027529142
2014-07-21,0.007963637081545016,0.018349138668196652,0.003491512831224064
2014-07-22,-0.00340522462983861,0.007151401157625248,0.00977463245157173
2014-07-23,-0.0011376565504610525,-0.03825206130785319,-0.004402522834141109
2014-07-24,0.013005555099034005,0.002464876771755886,0.019042248553856833
2014-07-25,-0.008462673918734342,0.008823586658515126,0.0012360941005282733
2014-07-28,-0.010250659233340453,-0.016732673858116387,0.013497137412455729
2014-07-29,0.004283884889213496,-0.02665483425547488,0.0030422901469240315
2014-07-30,-0.005142868478179352,0.011654552995982392,-0.02149299806004068
2014-07-31,-0.008630663469691324,-0.03851567208061524,0.010189990905749902
2014-08-01,0.009775811032566306,-0.004723178552246354,-0.024254920373153244
2014-08-04,0.007087201883055005,0.022881913564117395,0.011578912027941701
2014-08-05,-0.0085106896679088,0.012771565679487562,-0.016311528528040853
2014-08-06,0.0005696382950959311,0.030494739848350383,0.005676458004805429
2014-08-07,-0.010591196756114751,-0.007909087199601261,-0.00630916919326463
2014-08-08,-0.021819047394640023,-0.04258119195226895,0.0003164056346598443
2014-08-11,0.02755794406365819,0.04208479084999328,0.0072498347486558146
2014-08-12,0.0,-0.023613254889448543,0.00532499300558964
2014-08-13,-0.00948691893175635,-0.051106010933496204,-0.02115311705389722
2014-08-14,0.02931759711224169,-0.004827040748315969,-0.024222078765062438
2014-08-15,0.013927801744468837,0.0755662018146337,0.013314046322333795
2014-08-18,0.006891826037921156,0.016807118316381375,0.007712120486339291
2014-08-19,0.02977215833367053,0.024692612590371477,0.0003200512109251541
2014-08-20,0.00531916147759981,0.02129250065145194,0.01650307209901447
2014-08-21,0.013175421158564404,-0.002812941376614475,-0.006631952303751465
2014-08-22,-0.015831465216680662,-0.01800143351865735,-0.006038473775086484
2014-08-25,0.028060055223356972,0.05215334508799141,-0.006395928423341246
2014-08-26,0.005415873973032781,-0.009115833408009255,-0.004823936030852849
2014-08-27,0.02614693946840374,0.04477023391110513,-0.011021181249337708
2014-08-28,-0.0015045138244182965,-0.0017528488274145548,-0.04500009350969547
2014-08-29,0.024539588060240813,0.02383644815451147,-0.007185659660874588
2014-09-01,-0.002697071636143633,0.020348306995744192,-0.005855019309481069
2014-09-02,0.022636965149218646,0.030173812168290848,-0.006932436775644479
2014-09-03,0.002163722445311045,-0.025150779422017155,0.008658062743114314
2014-09-04,-0.03519424812179306,-0.04964648059933152,-0.01109581425505457
2014-09-05,0.01701853875157555,0.0013155011763368307,-0.01510655813896955
2014-09-08,-0.028275693276210045,-0.050325083887515776,-0.005323881252749629
2014-09-09,-0.013423020332140378,-0.010189990905749902,0.01798673072231871
2014-09-10,-0.025043260495655417,-0.024983623272517352,-0.007367161894858754
2014-09-11,-0.004716989878138733,0.012334122208444542,-0.0014094435032334651
2014-09-12,-0.028508657750181854,-0.051764881286174846,0.009126072464378243
2014-09-15,0.031393905653377185,0.02015305365182729,0.01697598362922692
2014-09-16,0.02687500247059882,0.04751487560751322,0.0013731550389697311
2014-09-17,0.005086480956373762,0.02610636010437739,-0.003092254654364801
2014-09-18,-0.013279051100173689,-0.03824469774874628,0.0010318143649734601
2014-09-19,-0.023408090898014766,-0.01800996546484579,-0.026826203681591387
2014-09-22,-0.008191352447341593,-0.015421992400844076,-0.03741443585025728
2014-09-23,-0.008259005251627372,-0.022594281387998016,0.00984870262366222
2014-09-24,0.0077282196765331435,0.004955411527954201,0.00326146330054522
2014-09-25,-0.02418172639076932,-0.019466549322927573,-0.010547470031478934
2014-09-26,0.0431147136995258,0.053961103585664194,-0.01399139171635122
2014-09-29,-0.07292647151063747,-0.11849962472323528,-0.016072108247577432
2014-09-30,-0.024104385517766946,-0.027802281311951837,0.011612792050812448
2014-10-01,-0.0365377483601006,-0.05686580227970417,-0.0007451565173410835
2014-10-02,0.02368185515828003,0.012213004376233627,0.028657361504530243
2014-10-03,0.020589803723801037,0.05892307299684618,-0.014961052640111383
2014-10-06,0.07285369835533206,0.10541501008578447,0.005133857993851798
2014-10-07,-0.006600684031352166,0.039428183990227295,0.0021921820982209184
2014-10-08,-0.008512953778696097,-0.017118820331780693,-0.0010954903414366335
2014-10-09,0.01931532466374808,0.016647233433156217,-0.01732123644479433
2014-10-10,-0.0494192928469932,-0.05726940779089218,-0.02446029757016044
2014-10-13,0.07528726392921703,0.10020238017588379,0.04615631313952129
2014-10-14,0.01369537003083554,-0.021928699614459646,0.029392796946654087
2014-10-15,-0.056210574546215586,-0.07180116605580666,-0.0003532944746162947
2014-10-16,-0.03608149431520413,-0.07735814230286753,-0.03304898478888907
2014-10-17,0.037944931564123596,0.02331849164783173,-0.0030007524392385854
2014-10-20,-0.023954852887106082,-0.06324723019087175,-0.01019453797959402
2014-10-21,-0.0528572631687001,-0.07170701061618368,0.015439960272656705
2014-10-22,0.0022948948683385595,-0.004205473305397334,0.0
2014-10-23,-0.062058313818283306,-0.07498827429317911,0.018145285849224813
2014-10-24,0.025584540700638758,0.05614845848069239,0.007312646846286963
2014-10-27,-0.02193268028186779,-0.13160511587094081,-0.04089789296816848
2014-10-28,0.06554424244780499,0.05048821182310714,-0.008001566791295378
2014-10-29,-0.040347948528917765,-0.06956332215843908,-0.054237260379680574
2014-10-30,0.06563019400320202,0.021172279926055637,-0.04375439967531003
2014-10-31,0.03462251224818491,0.06488762220587474,0.05340077672711541
2014-11-03,-0.012402423737465806,-0.028544918489665783,-0.004008021397538641
2014-11-04,-0.005615738785635926,-0.0020222453807676732,-0.032241111277582224
2014-11-05,-0.01485911440374954,-0.028749413285985792,-0.0045728618451343905
2014-11-06,-0.021736995619924038,-0.02389432019943616,-0.014690715410003552
2014-11-07,0.0041637811717794015,0.014825545106226024,0.015523701713895388
2014-11-10,0.005249355886143725,-0.020531694683080692,-0.03043345608018244
2014-11-11,0.0060439744425666575,0.0014295928095944266,-0.03183176974221036
2014-11-12,0.002735231464599419,0.007826436249463997,-0.0022177875579547646
2014-11-13,-0.02685282452953608,-0.03681397312271639,-0.0026678539611926233
2014-11-14,0.0033613477027047978,-0.02985296314968111,0.023758266618852275
2014-11-17,-0.022625399517978817,-0.04652001563489283,-0.0030481190593363294
2014-11-18,0.04392929001985646,-0.011976191046715767,-0.04004093605556136
2014-11-19,0.04208044132546407,0.02616082603867209,0.0058837010648313814
2014-11-21,0.07335778457165265,0.11237808831647311,0.0625340315405003
2014-11-24,-0.016228534178241993,-0.006313595156852481,0.004652154721501933
2014-11-25,0.014275408557359981,-0.00423131801976262,0.010910725106163088
2014-11-26,-0.01031696697093265,-0.003539826705124094,-0.039153937419558194
2014-11-27,-0.018943736988822568,-0.04793946228911916,-0.002607563407080793
2014-11-28,-0.004539730369159223,-0.04879016416943194,0.013829088151045443
2014-12-01,-0.05374427600669085,-0.03822121282019775,-0.0474605763601712
2014-12-02,-0.03127342926941168,-0.015542235149414774,-0.02598732976298468
2014-12-03,0.016693979506254397,0.04827968961335616,0.013761685072681384
2014-12-04,-0.02159328163056795,-0.04006946287023405,-0.012838323972912846
2014-12-05,0.021860268683282058,0.0024499808089841757,0.009644162005512769
2014-12-08,-0.051490014778253546,-0.06399489513886092,-0.03251563738051999
2014-12-09,0.023059779949653247,-0.012248622076199034,-0.0229236399019368
2014-12-10,-0.029545069844760352,-0.04777835228010607,-0.03790756604662038
2014-12-11,0.023760726489143735,-0.0009237875945637963,-0.028500656805798386
2014-12-12,-0.060348416870610766,-0.06787124038595538,-0.02403459474853875
2014-12-15,-0.028573372444055778,-0.09649782839998111,-0.011702261202894526
2014-12-16,0.005119722069874211,0.021552558385734444,0.03470379800831935
2014-12-17,0.04780267938446814,0.02941388520629329,0.018433701688838067
2014-12-18,-0.006031901097706349,-0.020921265160639746,0.012604149718689062
2014-12-19,0.02531780798428951,0.03836655109528819,0.07757318951774694
2014-12-22,0.008391657636248606,0.048644825894341714,-0.009315391070008783
2014-12-23,0.018312950146674556,0.06108051423372207,0.03900471488042756
2014-12-26,-0.021445517139476955,-0.06302037905154889,-0.024602607640038077
2014-12-29,0.006822084446162169,-0.001943635208570882,0.019639818297909173
2014-12-30,-0.006822084446162169,-0.025617164370300483,-0.009086841261979561
2015-01-02,-0.02191552532119445,-0.0681378051672179,-0.02917548913393153
2015-01-05,0.01880748942238908,-0.08352097204986131,-0.015151805020602094
2015-01-06,0.03236713877302044,-0.03306086226088811,0.03929411034220154
2015-01-07,0.03897135416720543,0.04000533461369926,0.036039936483197366
2015-01-08,0.005137229089070328,0.05715841383994835,0.01056347850956918
2015-01-09,-0.04439047191212442,0.023682484643559376,-0.021687063728231593
2015-01-12,-0.0179211168012281,-0.053535447793240376,0.012891932275404194
2015-01-13,0.0031523166955169657,0.010050335853501347,-0.005758598416341076
2015-01-14,0.010530907055940286,-0.029314387668775144,-0.08382595464731768
2015-01-15,-0.010244824948424824,0.0663960625733071,0.011527505171067265
2015-01-16,0.00967841315191631,0.01064972791665808,0.043911772111389524
2015-01-19,-0.021186020003395978,-0.02684004378981375,-0.010567523105281307
2015-01-20,-0.0031879464761872534,0.014046692329904187,0.004148427244564434
2015-01-21,0.024090640227511173,0.052258493668874806,0.015518339715831164
2015-01-22,0.010990670024630056,0.04285658321804264,-0.007729067801519385
2015-01-23,-0.00872630449441969,-0.024692612590371477,-0.06554313330480666
2015-01-26,0.015986878138023908,-0.009040744652148991,-0.04689138320020447
2015-01-27,0.0016680571006970624,0.02589786171857189,-0.030069657935923644
2015-01-28,-0.02417885569715894,-0.11888984263157454,-0.002635047638005261
2015-01-29,-0.010585136739181156,-0.03149866705937099,-0.04865824674954533
2015-01-30,-0.03036729694621121,-0.06736154975486752,0.03055338587526979
2015-02-02,0.010323052887556194,0.057022571959688295,0.05894796335117558
2015-02-03,0.009101314246345638,0.14387037041970185,0.055665687083774174
2015-02-04,0.02488594804179023,0.0019980026626729153,-0.015451780146865879
2015-02-05,-0.01614734415980479,-0.0222007099801923,-0.004878058453432921
2015-02-06,0.004201098462828234,-0.07191258159028635,-0.001468069752291079
2015-02-09,0.01028787052420066,0.01739174271186905,0.05571543179019667
2015-02-10,-0.018555494426254704,-0.03956560020619104,-0.056695343676545384
2015-02-11,-0.02732803459314992,0.01225642083697609,0.03373813963185013
2015-02-12,0.03889538038547613,0.05073943117760116,0.022493919347967406
2015-02-13,0.02629909354701576,0.050292794053966916,0.04085906519550209
2015-02-18,0.010869672236903938,0.012929071198857223,0.010179331091976884
2015-02-19,-0.00216450300957316,-0.03724637884956361,-0.02722774759376012
2015-02-20,0.0024347367634129924,-0.008238975544552773,0.023256862164267034
2015-02-23,0.009680097099328044,-0.0187896968433664,-0.04521565847691189
2015-02-24,0.010911618575971005,0.03824755599270746,0.01924017207365125
2015-02-25,0.005543105126170733,-0.049906405596410686,0.004526942995777272
2015-02-26,0.002103603194871795,-0.011796383440369596,-0.04102903191006524
2015-02-27,-0.012422519998557036,0.03184982588709917,0.0
2015-03-02,-0.013656658894349416,-0.017923516188904642,-0.0330094547834614
2015-03-03,0.002425550306554669,0.021053409197832162,0.011124661282957415
2015-03-04,-0.020944598073791898,-0.04147324820657483,-0.01942751728355807
2015-03-05,-0.0016506193568841532,0.0075716965308934014,-0.04463011901666247
2015-03-06,-0.012188516542496863,-0.004319661144516207,0.004604766386748338
2015-03-09,-0.029126899984062593,-0.0363676441708749,-0.0025555853418128827
2015-03-10,-0.033852079788071254,-0.04124295853404902,-0.02277531156205237
2015-03-11,0.029538629534351823,0.027683428748416672,-0.012645057847272767
2015-03-12,-0.018028984991698582,-0.033548548200814876,0.0
2015-03-13,-0.012400513198455254,-0.023810648693718295,0.0010598835120432248
2015-03-16,0.014745180157709648,0.01909365881557956,0.001058761348242232
2015-03-17,0.03847732756100086,0.04957787590768137,0.050552279162831226
2015-03-18,0.03867885456511111,0.04185633005195044,-0.014694969271978664
2015-03-19,-0.01694492579954554,-0.04073210283966955,-0.022716516329794434
2015-03-20,0.015317586140170647,0.04932506656250135,0.055852077925893084
2015-03-23,-0.0024459857282606023,0.0,0.006399234242030705
2015-03-24,-0.009569451016150587,0.004268949919576048,-0.04004539069221469
2015-03-25,0.0005492996567668662,0.046810417843990426,0.009151055217357928
2015-03-26,-0.03123511036021087,-0.051079367763566474,-0.04344012869598979
2015-03-27,-0.028607844419574757,0.003203419717537792,-0.030589989123152694
2015-03-30,0.020761991448429384,0.03560585545421446,0.014606697348341413
2015-03-31,0.015967725028494417,0.001028277725566018,-0.03720341521827075
2015-04-01,0.031190318654590765,0.04815373597866035,-0.022548869686613404
2015-04-02,0.0038835000263972574,0.048743523466081795,0.02588777095212791
2015-04-06,0.005475935731990678,-0.0028024306057021775,0.007196266870594936
2015-04-07,0.0035273405179681028,0.018536211907915323,0.04687095439968081
2015-04-08,0.002238210366829474,-0.02699093582684764,-0.013245226750020489
2015-04-09,-0.018047541085787877,0.08669686212620986,0.0026631174194835516
2015-04-10,0.010674531246920083,0.022242148733720768,-0.02041983900874289
2015-04-13,-0.002254792387089033,0.037364246744868046,-0.009820046180975428
2015-04-14,0.008349438357392103,0.01777106541466611,0.027576767770234767
2015-04-15,0.013342002233079686,0.06508881005313105,0.008097210232619556
2015-04-16,-0.0025276474753033185,-0.030466941406851245,-0.02946203273031678
2015-04-17,-0.02595883624799722,0.006168099740647914,-0.014501090690799412
2015-04-20,-0.006841531816716984,0.006130287397394518,-0.003940337211923328
2015-04-22,0.013314046322334239,0.0022892035941344258,0.09258894997833877
2015-04-23,0.021698362461078702,-0.015361285161487048,0.08095192442622823
2015-04-24,0.02370666230098717,0.025975486403260417,0.09535328418158073
2015-04-27,-0.01490710834913811,-0.05264373348542195,0.01114456455306545
2015-04-28,0.015215322252025043,0.015773197677094286,-0.03956177727664212
2015-04-29,-0.024014876203874103,0.0031250025431353023,-0.06598820408845807
2015-04-30,0.015037877364540542,0.01778168227617849,0.07041299006881374
2015-05-04,0.004653335525641289,0.055880458394456545,0.08987702427195332
2015-05-05,0.011489025614669135,0.041169760129741606,0.08801974654164546
2015-05-06,-0.025642430613337375,-0.07823643037051276,-0.08198472520717548
2015-05-07,0.0028467518829660143,0.004389180418763239,-0.043030609011065035
2015-05-08,0.00283867088583456,-0.013225762219261306,-0.04847614312744186
2015-05-11,-0.003154576748515936,0.014684551682921265,0.023029477466277815
2015-05-12,-0.010162043626084749,0.005089069507471233,-0.04166355701117075
2015-05-13,-0.014791266450032037,0.01296848146365992,-0.03323775116194705
2015-05-14,0.024004993267257912,-0.0057430165026179925,-0.012578782206860595
2015-05-15,0.020658011620422023,0.012164729616266579,-0.002346868009815317
2015-05-18,-0.024777808288814818,-0.020115620797006573,-0.05010682005417877
2015-05-19,-0.014715556652644235,-0.0652160607269614,-0.005946499187726495
2015-05-20,-0.025458293983438463,-0.0015503879074549864,-0.013510338098338792
2015-05-21,-0.017339547466844074,0.042527289096752074,0.019950786419348443
2015-05-22,-0.02141846283255955,-0.02789476001879554,0.0004937052679894194
2015-05-25,0.005824926526347696,-0.021639175103481012,0.015185204844328393
2015-05-26,-0.030173955536634267,-0.03255547528452052,0.010638398205055744
2015-05-27,0.02675163871246955,0.012830969936741932,0.007666544498225125
2015-05-28,-0.006189840946066116,0.009516328755254655,-0.01976444186773474
2015-05-29,-0.027274417919659122,-0.027201677156794668,-0.024145050747833796
2015-06-01,-0.001773993724063061,0.003238869228143537,-0.000498877535914044
2015-06-02,0.017124304524964717,0.037291111857418624,0.06332146345796952
2015-06-03,-0.023134575401657198,-0.0007791196342699092,-0.021781164106159157
2015-06-05,-0.023682484643559043,-0.021269017587492556,-0.013979499772938997
2015-06-08,0.0014513790646470959,0.0007958615621035392,-0.024571260730505085
2015-06-09,-0.01093703938989421,0.03132597572619633,-0.00598804184462276
2015-06-10,0.03423140929013657,0.0061491354403500065,0.05974099535618338
2015-06-11,0.002476562383793901,0.0,0.005641763906667929
2015-06-12,-0.018905503330483686,-0.0023014969882793057,-0.008001925493160478
2015-06-15,-0.005778275376645325,-0.002306806097915004,-0.03952321636968481
2015-06-16,0.025037073181745306,0.02733655416375025,-0.02943589927328283
2015-06-17,-0.021060924802105863,-0.012057418117035423,-0.014278671963022571
2015-06-18,0.03683135853114372,0.01877636836578045,0.046660081466062486
2015-06-19,-0.01966355490877847,-0.02029381933981389,-0.003929278139889636
2015-06-22,0.010582109330537381,0.0022753138371354176,-0.031494730059246745
2015-06-23,0.004549439167864211,-0.0175778312639725,0.006075968059425119
2015-06-24,0.005571045049455048,0.0175778312639725,-0.0005049230099700708
2015-06-25,-0.006269613013595077,-0.04652001563489283,-0.024541108916117604
2015-06-26,0.01628869837880531,0.04727730457680179,0.015408625352845373
2015-06-29,-0.022246311934770446,-0.03544284692979893,-0.021639175103481456
2015-06-30,0.0017559267022648761,-0.003142186403072289,-0.048555816630961424
2015-07-01,-0.004571838453844901,-0.04259382291961189,-0.009890190507452434
2015-07-02,0.007649550514095438,0.00980400009662108,-0.002211167291184868
2015-07-03,-0.012197398128748649,-0.04744959971298779,-0.02181904739463958
2015-07-06,-0.018401085370891135,-0.021543271773963868,-0.00169827383019161
2015-07-07,-0.0046536686813469785,0.0257967873320204,0.015739504237735513
2015-07-08,-0.018103318441269334,-0.019717741255637966,-0.043894193557225236
2015-07-10,0.03905206960911878,0.020566277581476777,-0.0029180061557139148
2015-07-13,0.018106344230830018,0.0025412974286727064,0.0781076441801769
2015-07-14,0.006534846987093612,0.015113637810048042,-0.03744931004161556
2015-07-15,-0.007225216362114484,-0.016807118316381153,-0.04065833413856135
2015-07-16,-0.002073972399129431,0.010118130165584605,0.030505962674542975
2015-07-17,-0.006247850938362998,-0.04460430623675382,-0.01082940193020887
2015-07-20,-0.0182717662359555,-0.054993576130406785,-0.008055279460318143
2015-07-21,-0.008904778342959663,-0.0018552881017459555,0.013769580723756558
2015-07-22,-0.00790233997342149,-0.03881225433696023,-0.014925650216675468
2015-07-23,-0.04537012663551021,-0.018510026770868326,0.0017336034390900146
2015-07-24,0.007893294129693196,-0.01286509579688555,-0.031078432044839843
2015-07-27,0.009316258922236642,-0.05423323770628419,-0.0017883760355124068
2015-07-28,0.01253241614680789,0.04723670741644814,0.07636420435326663
2015-07-29,0.010929070532190277,0.07253057166890908,0.014270275093375862
2015-07-30,-0.02012876743061387,-0.023597130760210527,-0.0502899258521432
2015-07-31,0.008466827682770628,0.002861232281032189,0.023783680522900585
2015-08-03,-0.03165410435906324,-0.04679216150675902,-0.015792770421870106
2015-08-04,-0.01525000960972367,0.01584191546565794,0.028581379522313544
2015-08-05,-0.0030781093945764226,-0.016840417795247364,0.04905321822855768
2015-08-06,0.0019249284095841368,0.030499166726287497,0.02954348060202605
2015-08-07,-0.02808296874282501,-0.06298933415074193,-0.06107160627520303
2015-08-10,0.011797226872039435,0.026478125267826558,0.04925538864862977
2015-08-11,-0.000391006847601183,-0.012133617011426234,-0.03953083875663488
2015-08-12,-0.03259430028839594,0.005073577600701262,0.017057982904576274
2015-08-13,-0.01506236496157376,-0.0381686352024776,-0.023530497410193973
2015-08-14,-0.00699735310315841,-0.022329476398088577,-0.015267472130788384
2015-08-17,-0.016660110451195642,-0.01954459607297032,-0.010494434894884996
2015-08-18,0.018723243017132685,-0.013245226750020489,-0.033308187763507746
2015-08-19,-0.027582191484339713,-0.02360986563913392,-0.03386196261017638
2015-08-20,-0.008083430528745161,-0.006849341845574619,0.019406666095203473
2015-08-21,-0.005568658639582225,-0.05050985504895855,-0.027754955486674504
2015-08-24,-0.01776861482854697,-0.06727318060742515,-0.08104121000312636
2015-08-25,0.003491928471864192,0.01788042527784861,-0.0032520353863771945
2015-08-26,0.04806368393406579,0.02623510865434564,0.03520363519297964
2015-08-27,0.024206310100645112,0.09182918139849183,0.10668039894550807
2015-08-28,-0.02628488079288749,0.012297527810406161,-0.021715138983575688
2015-08-31,-0.041637280305720115,0.020891359031376067,0.03463303835866638
2015-09-01,-0.029051338831993956,-0.06751720037143161,-0.046838944038170016
2015-09-02,0.0074906717291578495,0.026423134022535932,0.05738580838670737
2015-09-03,0.024714026095870256,-0.0068259650703998975,0.03366224456067535
2015-09-04,-0.04332333582800807,-0.02895396236301717,-0.026509531809811637
2015-09-08,0.022989518224698635,0.015160640230681532,0.037130980575045935
2015-09-09,0.011731614020646042,-0.02936206233684946,0.006843933004824443
2015-09-10,-0.021834928603200243,-0.05135602767699121,0.04513586630763644
2015-09-11,-0.011098893068048898,-0.039672509049623605,-0.02488069446923724
2015-09-14,0.043675063502661704,0.0078023802841846734,-0.015544354437800223
2015-09-15,0.019048194970694432,-0.009108716198240274,-0.029141134907499033
2015-09-16,0.03663714962999176,0.062084532176004625,0.02338044864406319
2015-09-17,-0.0028334364230766518,-0.035003573573333835,0.023359484156250332
2015-09-18,-0.05584784450792668,-0.033638359148829844,0.021320604556635647
2015-09-21,-0.031347799743460136,-0.040273899137939995,0.0010040161485984633
2015-09-22,0.003972638197478506,-0.04625912338191296,-0.02386505746684442
2015-09-23,-0.03450936205756028,-0.021755752917061666,-0.029199154692262308
2015-09-24,0.011786174514706094,0.020320002490957556,-0.024097551579060905
2015-09-25,-0.0232515603730572,-0.020320002490957556,-0.028589082869494575
2015-09-28,-0.025223196129353864,-0.057330931739108415,-0.07767518341468804
2015-09-29,-0.006168465585182359,0.023024808398153462,-0.006652579721027507
2015-09-30,0.01932655016269358,0.09406785788320926,0.006049625225823085
2015-10-01,0.013447918870597597,-0.030857988359905386,0.03787434929243583
2015-10-02,0.044512343542369104,0.10150694634183643,0.034249923043078834
2015-10-05,0.028898683525644397,0.006414390177663654,0.017798022644327283
2015-10-06,0.009450242151802346,0.0462293433077583,0.00932791399942845
2015-10-07,0.03528295423234695,0.033616610798985036,0.09575692970627259
2015-10-08,0.0008250825550577545,0.03252319170555995,-0.004476505858902247
2015-10-09,-0.010779540531888898,0.005698021114637797,0.03574431933613198
2015-10-13,-0.056153597992051996,-0.07919079792444161,-0.11238636848422923
2015-10-14,-0.005305052229693352,-0.021131923703427535,0.006437790474848715
2015-10-15,-0.003552401604367539,0.00501254182354427,0.014335260086381751
2015-10-16,-0.01931342313263551,-0.006269613013595299,-0.023606246378150786
2015-10-19,-0.001361470598320924,0.0,-0.0342385735291213
2015-10-20,-0.023898196160916818,0.012500162764231382,-0.010731534789924613
2015-10-21,0.0013943762426547046,-0.037979248065216464,0.026892376899088966
2015-10-22,0.014753610165327391,0.03424557851316734,0.022951827178202322
2015-10-23,-0.01382510499184253,-0.0037476621002395794,0.0048504541337495155
2015-10-26,-0.007452293455442405,-0.017677227983866395,-0.040598005270802595
2015-10-27,0.004198746546349552,-0.03236528450203158,-0.04758708077375573
2015-10-28,0.02528289117358784,0.013072081567352845,-0.027382663236125815
2015-10-29,-0.04597977294474265,-0.011757156986043737,-0.026293168596668526
2015-10-30,-0.001902950146086102,0.01305501570164358,0.05543587922173021
2015-11-03,0.051507557145931804,0.09519226222857369,0.03964897385789179
2015-11-04,-0.038954200470141975,-0.04831857727080768,-0.019915309700941464
2015-11-05,0.02688701493388268,0.0037059955943173906,-0.02620237239402412
2015-11-06,-0.01449300730256664,-0.03641331357010169,-0.07851977745853
2015-11-09,-0.022607652594329286,-0.023286951378790666,-0.014786511771299082
2015-11-10,-0.005146210187841671,-0.003934431304834618,-0.003893580519132467
2015-11-11,0.02409755157906046,0.01435119216309022,-0.003908799765052429
2015-11-12,-0.0004579803148518913,-0.018301164382404478,-0.017781173117560556
2015-11-13,-0.01476722728221369,-0.04175690810885224,0.021039566355619765
2015-11-16,0.008333381559144426,0.05746403731421024,-0.021039566355619765
2015-11-17,0.03666398437159124,0.007762005335488986,-0.03585098179823465
2015-11-18,0.007968169649176904,0.00770222036209256,0.004809353138044203
2015-11-19,0.031252543504104224,0.002554279805096704,0.003421145998471209
2015-11-23,-0.009877683919370828,0.030153038170687596,-0.027000601818506054
2015-11-24,-0.006929434397010326,0.05067429096326659,0.015320633928733063
2015-11-25,-0.04989899251250285,-0.07320340402329484,-0.028743654260873663
2015-11-26,0.021690863967266827,0.002528446353358582,0.009203604789432385
2015-11-27,-0.037344958952281626,-0.04124295853404902,-0.06477345594424322
2015-11-30,-0.020155357711695965,0.009168368086879486,-0.009822519472518332
2015-12-01,-0.005698021114637797,-0.023747817850036768,-0.02537621749337471
2015-12-02,-0.004757382902269125,0.003997340432620344,0.00775799081093953
2015-12-03,0.04293706662094299,0.0593722734999691,-0.005424267464719357
2015-12-04,-0.013799667008055572,-0.0593722734999691,-0.04124295853404902
2015-12-07,-0.01024217519565962,-0.044874966228793056,-0.011400774951372705
2015-12-08,-0.02223891036029113,-0.008379937306750906,-0.046949108110903914
2015-12-09,0.049017980550415174,0.07039441341223995,0.03624501249495937
2015-12-10,-0.04424470179775741,-0.026491615446976313,0.047685801826378826
2015-12-11,-0.008608374536600127,-0.02721256352488466,-0.036981706210434284
2015-12-14,-0.01793118069801225,-0.005532517569725837,0.020268225236693693
2015-12-15,0.015526755399210224,0.02871010588243139,0.033152207316900384
2015-12-16,0.008629008480125933,-0.017675511158722235,0.028321831756023652
2015-12-17,-0.014979743744398588,-0.012422519998557147,-0.03925090228821393
2015-12-18,-0.010630320301756147,-0.025317807984289953,0.011705166807078893
2015-12-21,-0.029436672295129807,-0.05565125454937725,-0.04766589337315286
2015-12-22,0.008870394713652807,0.022338978082262373,0.02093474199984957
2015-12-23,0.007762005335489208,0.02040887163120697,0.052010168845747495
2015-12-28,0.009746165887166924,-0.033752286804891396,-0.04486444570482884
2015-12-29,0.0050916606945849985,-0.0014936522567832178,0.00630916919326463
2015-12-30,-0.021042603468634624,0.0014936522567832178,0.024078833224777663
2016-01-04,-0.014629310015959351,0.025056579837337667,-0.026440109410457602
2016-01-05,-0.003667806050545064,-0.028046118685703836,-0.013486916054343823
2016-01-06,-0.014274627792593142,-0.04281999718292795,-0.07632226755963334
2016-01-07,-0.020441809165177016,-0.022117805253619116,-0.06132529826733957
2016-01-08,-0.019759149980462354,0.0015961695328221004,-0.03450225673176344
2016-01-11,-0.02867781570133432,-0.029128272923023668,-0.028875923501854306
2016-01-12,-0.0057208394012138175,-0.09646026618756215,-0.08452866601407338
2016-01-13,-0.014446942975820276,-0.048157452980972515,-0.044548376261069
2016-01-14,0.029818723023674387,0.07667988558496863,0.0697333380146754
2016-01-15,-0.0257524961024147,-0.0958375596179018,-0.029444819100564068
2016-01-18,-0.008733679968754515,-0.07425677060649255,-0.05258604672451739
2016-01-19,0.006993035490970412,-0.029600469776290633,0.032100155106585815
2016-01-20,0.0023201866556972206,-0.05061586408051039,0.0032626456348163746
2016-01-21,-0.01459027924751144,0.01567781271922994,-0.007629464801156782
2016-01-22,0.020367302824433553,-0.020202707317519553,-0.012108018037164658
2016-01-26,-0.01158761517238771,-0.04879016416943181,-0.00889883514213019
2016-01-27,0.012163486193197182,0.08442867961679056,0.05011942131052449
2016-01-28,0.0017256259674698349,0.006543098588935842,-0.008537938738035766
2016-01-29,0.0422003544903764,0.05085841723349108,0.040950603613095105
2016-02-01,0.025565711138061387,-0.025105921131076264,-0.022893819865852594
2016-02-02,-0.01335579118155561,-0.09319377689794732,-0.09952959534703298
2016-02-03,0.04705463206035021,0.04323767905464625,0.04657286836078445
2016-02-04,0.05308217974852569,0.05207250074967873,0.13768479746003637
2016-02-05,-0.010188575145936296,-0.04099819045058506,-0.010695289116747775
2016-02-10,0.011201746458543216,-0.05198910793760016,-0.0029368596733096997
2016-02-11,-0.026162046109570625,-0.018735911057469634,-0.032887866844835356
2016-02-12,0.003113650673279622,0.050702103119962136,0.03777785213902707
2016-02-15,0.0,0.015607897665990716,0.025049479304442457
2016-02-16,0.03512705260146887,-0.017857617400006076,0.07159019327271099
2016-02-17,0.01094538290322089,0.05264373348542167,0.053461005205638124
2016-02-18,-0.020495593715040172,-0.019418085857101502,-0.03416216063341748
2016-02-19,0.004032263527938396,-0.028731258040481072,0.027422455256504108
2016-02-22,0.05099143796829453,0.1222573160513046,0.1050223350661692
2016-02-23,-0.009606221805440018,-0.024097551579060628,-0.05957874580001432
2016-02-24,-0.0019323677510540982,-0.010214593409718115,-0.05563908964682418
2016-02-25,-0.002905571051414313,0.004098366392282005,-0.06073137388485783
2016-02-26,0.002905571051414313,-0.004098366392282005,-0.0018165309263977747
2016-02-29,0.03141619623337899,0.053959142372575236,0.0710513574109004
2016-03-01,0.027728208973476942,0.03253875578677362,0.08127948569937193
2016-03-02,0.02303104732622252,0.06206370990450227,0.10442330846645209
2016-03-03,0.08552217343816171,0.15085828733816953,0.09390272003644506
2016-03-04,0.09828637247737104,0.09434112040821574,0.057833957411531856
2016-03-07,-0.028637978187529,0.02056275329651025,0.0603757904339588
2016-03-08,0.0049571121527920425,0.013477292943480768,-0.15671368849214762
2016-03-09,-0.046320792604051864,0.017253248147559463,-0.035899554338354234
2016-03-10,0.029442754816700223,0.04502368137395529,-0.035091319811270116
2016-03-11,0.03497125657782263,0.0174568024041597,-0.00932909528851833
2016-03-14,-0.0063706417446076635,-0.08914873086027619,-0.031492899231736926
2016-03-15,-0.054067221270275745,-0.11289634634652923,0.0029717703891576353
2016-03-16,-0.022472855852058604,0.08965538230707837,0.09477051438377981
2016-03-17,0.12246182770797409,0.11362502550771969,0.044862404057260274
2016-03-18,-0.013374499019144448,0.0024660924951934726,-0.011028331041478268
2016-03-21,0.016600886474667398,-0.007416597655049539,-0.011811160928344666
2016-03-22,-0.010433625860472251,0.006184311608784521,0.0183131344196914
2016-03-23,-0.033091254626328226,-0.041541529937021315,-0.08872143430997359
2016-03-24,-0.018487604467365415,0.0038486256612944025,0.06378575912978879
2016-03-28,0.047592624425858876,0.0775773447562711,0.007941802165555956
2016-03-29,0.01727904760835175,0.0059066917153902665,-0.005287520580683047
2016-03-30,0.0014265337654539856,-0.0059066917153902665,0.02938507215974351
2016-03-31,-0.03591897104810471,-0.0107207697451015,-0.025416812984123016
2016-04-01,0.019389669096894213,0.0011968882338461162,0.023484445233069362
2016-04-04,-0.018643343854487515,-0.09794522744233003,-0.04753370046573924
2016-04-05,0.005629588896722382,0.03244931034843157,0.03324774321826274
2016-04-06,-0.031169379962952437,-0.03244931034843157,-0.014493007302566863
2016-04-07,0.008458335702738129,0.015707129205357995,-0.0039893669930335385
2016-04-08,0.048206605906464084,0.07020425867324842,0.07876068908816114
2016-04-11,0.02093939321266758,0.015615932946228206,0.04396974451260327
2016-04-12,0.04026449723969705,0.07351184694977908,0.09921319756414082
2016-04-13,0.00922295179884447,0.05179150912840491,0.04333750459770913
2016-04-14,-0.024437629800328153,-0.037497697871259894,-0.07257618732523508
2016-04-15,0.004519388884735243,0.056248247216635905,0.02173998663640564
2016-04-18,0.002305033675217061,-0.047552540249082065,0.023905520853554574
2016-04-19,0.002299732711531277,0.04030237902402223,0.0714046589507702
2016-04-20,-0.0007659900795822239,-0.01465994841068452,0.0616016614642616
2016-04-22,-0.021297997678934255,0.028082968742825343,-0.1184151287675026
2016-04-25,-0.02336277314848667,-0.04403227015050337,-0.06795874523140011
2016-04-26,0.03542282984248413,0.035793294605950376,0.034289073478632304
2016-04-27,0.03458448418854987,0.058249396119214314,0.03985844859698373
2016-04-28,-0.02075937919670734,-0.0019531256208820125,0.017329689550019012
2016-04-29,-0.012279509630061636,0.0,-0.005065866963439802
2016-05-02,-0.019887572988904978,-0.005882369903066564,0.009100163912691084
2016-05-03,0.0004026575452029668,-0.03910272601374276,-0.06282886114452779
2016-05-04,0.04178771164021411,0.014213437250055638,-0.06991198919871433
2016-05-05,-0.02541681298412346,-0.011150647719509688,-0.043459569481786975
2016-05-06,0.004741217889821847,0.027150989065950815,0.01311885242911437
2016-05-09,0.006286857642201937,-0.06136894637629209,-0.10286232226074032
2016-05-10,0.04218416857244822,0.07418331590964367,0.04116336763124728
2016-05-11,0.009716070454932613,0.0039100734078429955,0.0044011388237512605
2016-05-12,0.021340029826408813,-0.0459162490419982,-0.03187012876543882
2016-05-13,-0.041246790472875716,-0.03428907347863208,-0.05047552141026057
2016-05-16,-0.017604740928814255,0.030194901945968966,0.016886588364729338
2016-05-17,-0.032970019237569925,-0.02597548640326075,0.01330691624916569
2016-05-18,0.0043798596793021005,-0.01912916990899516,-0.028151993186918522
2016-05-19,-0.02087590865852551,-0.03939240171066072,0.01216231208257157
2016-05-20,-0.01101377643557333,-0.006718950248745026,-0.05238964999948159
2016-05-23,0.002867091867755356,-0.04598511324182353,0.021701936768244057
2016-05-24,0.0028588951471295587,0.003523198007317041,-0.029517251858236282
2016-05-25,-0.004086642385451533,0.016279429288862834,0.041905572715188466
2016-05-27,-0.014436216887578457,-0.05208277610347212,-0.02283046237985631
2016-05-30,-0.002912421447034852,0.01806189980501327,-0.0007000350303378866
2016-05-31,-0.05129329438755059,-0.04141883130311674,-0.004210532536343292
2016-06-01,0.01825344030935039,0.017263067423780587,0.014659948410684631
2016-06-02,0.03181604518466008,0.02653955523461249,0.03540192705091583
2016-06-03,0.00499792793805609,0.02003602676042049,0.08276603489683643
2016-06-06,-0.0058333498746985235,-0.012918558991556472,0.0392443960861768
2016-06-07,0.012871259280831548,0.018735911057469634,-0.019127899381237157
2016-06-08,0.03087166366708738,0.08556020854456992,0.025619512617744533
2016-06-09,0.0015987213636967645,-0.02261808858777259,-0.07955263170195348
2016-06-10,-0.04075543656489078,-0.044550796985373675,-0.048949412517567126
2016-06-13,0.016502024636387613,-0.01839132297142365,0.016584128015535438
2016-06-14,-0.019835361056145917,-0.03782956987304931,-0.03822121282019775
2016-06-15,0.0016680571006970624,0.024986427782730414,0.02497598607017726
2016-06-16,0.014888612493750841,-0.001175779089012119,0.015216965804860205
2016-06-17,-0.006176671891729324,0.051587368790493304,0.003277616831304009
2016-06-20,0.01638709345299727,0.025373672345635034,0.018801202107532333
2016-06-21,0.011714939067697383,0.03741751303371177,0.0019249284095845809
2016-06-22,-0.0020100509280238654,-0.020138465425359575,0.01589858606779826
2016-06-23,0.015031928613034484,0.03472205722445165,0.04563060387906326
2016-06-24,-0.025046031926087675,-0.044404757940869066,-0.08684699793115147
2016-06-27,-0.04025184039550789,-0.052147143877308455,-0.027325925501131998
2016-06-28,0.02442679925111113,0.04672707640796914,0.04362886238920671
2016-06-29,0.023844330311016293,0.03208831455150063,0.016041409108253468
2016-06-30,0.005575482384303498,-0.008456710018223346,0.03502546896341663
2016-07-01,0.017323267852387136,0.04158603377810277,0.02128386819635608
2016-07-04,-0.0038819924527242478,0.005078731079015575,0.02084028981883268
2016-07-05,-0.00038902937662399495,-0.060561300619643044,-0.0551153707275196
2016-07-06,0.0,0.022353245780748043,0.014219714095338176
2016-07-07,0.0038835000263977015,0.006295928456814814,-0.01671348097374059
2016-07-08,0.027147528373362206,0.028867984000852,0.010555826049330808
2016-07-11,0.011252931946934108,0.051496525767175005,0.0405501848841654
2016-07-12,-0.008239746992939612,0.02760765532409737,0.04805555559798469
2016-07-13,0.021946203468069303,-0.001879699801577761,0.007321913870969254
2016-07-14,0.04038039592619436,0.027831109834590695,-0.02672891564979496
2016-07-15,0.0,0.008200501536321125,-0.0005765350404725034
2016-07-18,0.02063370982895174,0.046973633243034385,0.01374592090463489
2016-07-19,-0.0038148130189221696,0.019717741255637966,-0.043004883442849806
2016-07-20,0.00864907657731706,0.0033898337545115176,-0.019790750882143993
2016-07-21,-0.007607228940101685,0.002534855603187891,0.05250394828844662
2016-07-22,0.006573280890036948,0.007566240383315881,-0.01447203260853458
2016-07-25,-0.003108273958219332,0.007509422022131451,0.015620797812407883
2016-07-26,-0.007987540296835238,-0.012547216052088528,0.05581805940280393
2016-07-27,0.0034806857278022463,-0.03164009120070754,0.026782532796571612
2016-07-28,-0.04549469678669604,-0.0061002367821396675,0.0063224657394869155
2016-07-29,0.03079369699140111,0.03689822266992504,-0.02877129727894001
2016-08-01,0.0014094435032334651,-0.053646079971147564,-0.032970019237569925
2016-08-02,-0.004627166113144732,0.00973028464257597,0.005015335115732267
2016-08-03,0.022924650554722703,0.046439986824478474,0.045104086194792004
2016-08-04,0.010750927202144656,0.009201235974408473,-0.003193190579154681
2016-08-05,0.006189840946066116,-0.030433456080182664,0.01113184036884407
2016-08-08,-0.009991469855004986,0.022072203355499198,0.0005270092348590438
2016-08-09,-0.005207441033427074,-0.002522069432709717,0.000526731642412237
2016-08-10,-0.014373604165679232,-0.027305450690267463,-0.048553225416990475
2016-08-11,0.02922963831493819,0.04565458935846389,0.017534695837782888
2016-08-12,0.0013708021337786036,-0.008298802814695083,-0.024746932370933283
2016-08-15,0.014618652311237934,0.025505290408361914,0.025832708807678628
2016-08-16,-0.015303818490834065,0.0145163839411242,0.029406021500050006
2016-08-17,0.011245645860208153,0.021386953779157336,0.007349114441473237
2016-08-18,0.002707277457270507,0.009360442759563936,-0.01051534399952292
2016-08-19,-0.005761751238826829,-0.007012105085456355,0.008421102396408031
2016-08-22,-0.027219596063267737,-0.022418873288413632,-0.03737754909259916
2016-08-23,-0.010886850284504757,0.02558093125906158,0.019930635488878856
2016-08-24,-0.007087201883055005,-0.02154052172205656,-0.03252319170556017
2016-08-25,0.004612390649985976,0.010429296296985635,0.0016515280384727937
2016-08-26,0.013710884499994691,0.0015948966698160483,-0.026192636954590398
2016-08-29,0.017993565048012528,0.02517835603024232,0.021782486477037732
2016-08-30,0.0030816665374082675,0.016949558313773316,-0.02517615489247449
2016-08-31,-0.006516915535728529,-0.018504768580579922,-0.04105809415539685
2016-09-01,-0.010029480578680694,0.011605546120308174,0.02908872925692485
2016-09-02,0.019795868278805973,0.04291211638524106,0.04485056616535177
2016-09-05,0.003373822363549994,0.018978671829888993,-0.01881627179947598
2016-09-06,0.010387092886487093,0.010787591128997409,0.020459657543206333
2016-09-08,0.013245226750020489,0.017021687569430677,-0.026623868712171816
2016-09-09,-0.05684886423215252,-0.051219272402987404,-0.05369254910403454
2016-09-12,0.003475846391352455,0.03204935629526706,0.03668533645680139
2016-09-13,-0.04252944259022984,-0.06976121574296079,-0.07230636779956434
2016-09-14,0.008292818392146906,0.007657005251194615,0.022486514162116222
2016-09-15,0.026923340688725705,0.030054854196499114,0.0
2016-09-16,-0.018342665945866088,-0.026248226074936376,-0.013918530291062936
2016-09-19,0.005325771508888799,-0.008393792128468691,0.015119731636696887
2016-09-20,0.01091752347697783,0.03390155167568132,0.00239808268401287
2016-09-21,0.019424821655512847,0.01178216869826021,0.055327063956596145
2016-09-22,0.019054676545198657,0.024585475472614693,-0.005681833467430675
2016-09-23,0.0020202027072757645,-0.02239169031490129,0.005681833467430675
2016-09-26,-0.01252343326369143,-0.021410932343491673,-0.011969364898472001
2016-09-27,0.020563677582256634,-0.021116923440922752,0.009132483563272675
2016-09-28,0.00598804184462276,0.054147449117404545,0.03297309048592467
2016-09-29,-0.01672279772945995,-0.030794222098201374,-0.011055944567589293
2016-09-30,0.0006743088589962198,0.010370463311631717,-0.010055950660871282
2016-10-03,0.023434592547743716,0.029050699422092485,0.01615184097020972
2016-10-04,0.013333530869465093,0.0035727083375736157,-0.02517615489247449
2016-10-05,0.007915608612661273,0.039165844974068165,0.011827792069047494
2016-10-06,0.0,0.03504401724036632,-0.003365118150313595
2016-10-07,0.014027305520582622,0.010540282035432558,0.01117330059812538
2016-10-10,-0.0003239915790529402,0.030334691213875553,0.056695343676545384
2016-10-11,-0.003570852682488024,-0.021851769219398687,-0.023905520853554574
2016-10-13,0.0012999676838822971,0.02375713657894507,-0.046776064797730665
2016-10-14,0.00808673337860899,0.03123301968993175,0.015096736258767063
2016-10-17,0.01977735913784784,0.038605517809362944,0.012134732465993281
2016-10-18,0.02402986586636091,0.030305349495329148,0.0286428659522322
2016-10-19,-0.0071174677688641275,0.01141564908367676,-0.00802357874949644
2016-10-20,0.014490773062616036,0.006787356373399778,0.025452063203663222
2016-10-21,-0.009534133422687496,0.011768138052854482,0.04153378302352051
2016-10-24,-0.00962590882361214,0.013831479148461945,0.019398767971636754
2016-10-25,-0.004691173575880114,-0.01104983618658495,0.05043085362689226
2016-10-26,-0.004083561509374167,0.005540180375615211,0.019481135571822517
2016-10-27,0.016544781947185783,-0.0005526388645762381,0.010509578111859597
2016-10-28,0.003708286078919709,0.0,0.006343473922175047
2016-10-31,0.030977271908970483,-0.022359791235509796,-0.0027137058715962503
2016-11-01,-0.029744226130055562,-0.04805555559798469,0.009914457057178527
2016-11-03,-0.018768145513321954,-0.044263060436591894,-0.015364061824743036
2016-11-04,0.0,-0.008717365291254664,-0.016066446122535716
2016-11-07,0.03414360216017487,0.0735270833775854,0.06797430572455321
2016-11-08,-0.0006105006294627735,-0.00992708882227844,0.035672572202945396
2016-11-09,-0.027865580063088036,-0.023153304974717015,0.042072776421907765
2016-11-10,-0.09339678388485995,-0.07157019250125174,0.07213459775919917
2016-11-11,0.0017220600088241333,-0.10106866357628519,-0.03368341138494646
2016-11-14,0.007200442561657638,-0.0007140307336570562,0.01830714744435591
2016-11-16,0.014920588770721999,0.051507557145931804,-0.050776262141061235
2016-11-17,-0.0318029880152948,-0.031004894819414597,-0.0164365295814064
2016-11-18,0.017223987633889326,0.015967017454874055,-0.006895180431254033
2016-11-21,0.005789221004484535,0.07046103104595214,0.05001042057466121
2016-11-22,0.006768215346138806,0.022216083479354998,0.0724196942109594
2016-11-23,0.004374901812128851,-0.005034623598667576,0.014301280569573027
2016-11-24,-0.009446763910089029,-0.017181459880687422,-0.02080419365908659
2016-11-25,0.0047345370821121335,-0.018135212044212423,0.046388206889191874
2016-11-28,0.01240585902438962,0.010403214760886348,0.07046813799397089
2016-11-29,-0.03216800131013908,-0.053133346700770634,-0.06082619001771805
2016-11-30,0.023466473849501845,0.08746602578127582,-0.039138468420324646
2016-12-01,-0.05741549087548625,-0.03562717764315093,0.014505826615631268
2016-12-02,0.027009459907491262,0.024945329296290453,0.05865555458131144
2016-12-05,-0.005273346725335415,-0.010797183330263582,0.0037231385028300146
2016-12-06,0.02127368807177632,0.030810359106008267,0.013423020332140378
2016-12-07,-0.006230549750636083,-0.018119833461963664,0.033757096798133546
2016-12-08,-0.010471299867295336,-0.010139503852439447,-0.029433125318079068
2016-12-09,0.013245226750020933,-0.0076726719116602116,-0.017409211028709848
2016-12-12,-0.04243918327515672,0.0012828738128893846,-0.004060919286315023
2016-12-13,0.003966113004943317,-0.00966191091173707,-0.040129908984759766
2016-12-14,-0.011945843414587376,-0.04704411658256391,-0.016011727950102195
2016-12-15,0.0032721352590985298,0.0074349784875180625,0.012475656373075239
2016-12-16,-0.005459522204898981,-0.006079046076381989,-0.01714940207295479
2016-12-19,-0.022141125877213508,-0.027474255552248472,-0.0632180719930675
2016-12-20,0.021410932343491673,-0.0006966214144479288,0.020141285085723215
2016-12-21,-0.0084357734803584,-0.0006971070341559304,-0.0037693222162915596
2016-12-22,-0.006335031434511418,-0.02328147482255849,-0.042428268782566114
2016-12-23,0.02071846214359807,0.016283545634913965,-0.007514371921722329
2016-12-26,0.018142732760259683,0.012561225872973258,0.03126475828887987
2016-12-27,-0.009756174945364737,-0.0006937218453721972,-0.005014475309687683
2016-12-28,0.03531667192490007,0.025352505508625,0.031216847703711803
2016-12-29,0.016339664761065187,0.006070844952007937,-0.03820174222566264
2017-01-02,-0.006920442844573493,-0.014223064013558329,-0.024439529353838196
2017-01-03,0.03390155167568132,0.055717327466695554,0.04334076707413237
2017-01-04,-0.0063534739721751166,0.0,-0.018122724640880605
2017-01-05,0.011009285508368993,0.016000341346441127,0.03742322914624907
2017-01-06,0.00628412850214044,-0.0057306747089849175,-0.02697219537276574
2017-01-09,0.001317957357167554,-0.021297997678934255,0.020202707317519053
2017-01-10,0.0,0.009737175277858112,0.07416187905651395
2017-01-11,0.007544729900677893,0.011560822401076143,0.0204619589226529
2017-01-12,0.023256862164267034,0.015209418663528762,0.03175942602909432
2017-01-13,-0.008014147717646303,-0.013933094303924198,0.030136574799219495
2017-01-16,0.0019292610485610595,0.004454350349380354,0.026430451109983988
2017-01-17,0.02818872311505194,0.004434597067865642,-0.040075887006898014
2017-01-18,-0.010044026685334106,-0.0018981340719570472,0.049148372198679624
2017-01-19,-0.0009468203326861158,-0.0012674272926036512,-0.020132797025107063
2017-01-20,-0.0047475955608700104,0.0144793212648342,0.019821319059654563
2017-01-23,0.02258565264874912,-0.0006251953939184762,0.037001622069618545
2017-01-24,-0.003729028559866787,0.0031220755925056576,0.024319110713027392
2017-01-26,0.022168395505666627,-0.01507566240544711,-0.01565069594945756
2017-01-27,0.0030404401652668334,-0.011457795621381495,0.0029717703891578573
2017-01-30,-0.017764632559203353,-0.05122590667230531,-0.04397979411653452
2017-01-31,0.010451985712916834,0.012056408596754276,-0.00217290167754447
2017-02-01,-0.008291157583981246,0.0,0.021823518636728156
2017-02-02,0.005785937067043889,-0.00869279964007097,-0.007017572658646554
2017-02-03,0.024067026082637444,0.02977394924319232,-0.0648243345849977
2017-02-06,-0.02086702335196655,-0.025083823392778815,-0.02279959985104485
2017-02-07,-0.0015987213636972086,-0.017532478761640657,0.010638398205055744
2017-02-08,0.018389865111590797,0.02684725003618782,0.011507606851480112
2017-02-09,0.005951466274567441,-0.003316752625993624,0.01589136733663432
2017-02-10,0.014879381767123334,0.03461004924771727,0.05386398989065144
2017-02-13,0.0027654035137785193,0.002564103968937692,0.08779866862024344
2017-02-14,-0.0061557596662327185,0.012722817927967922,-0.04017061963098856
2017-02-15,0.021381388750282948,0.0012634240467721547,-0.017004220908918732
2017-02-16,-0.003329804802068015,0.0012618298204218892,-0.0014795090729577964
2017-02-17,-0.002124754176204391,-0.015888481679360966,0.008844397275398652
2017-02-20,0.003942385697528916,0.019664445888896154,0.06697537934759756
2017-02-21,0.02775883351971542,0.010621780588054852,-0.02473378829396733
2017-02-22,0.006455421478717138,-0.024537248650029486,-0.024207361744847056
2017-02-23,-0.01532597047822648,-0.0089571936040167,-0.044805608022697285
2017-02-24,-0.007452710005735774,-0.02472474678276182,-0.01365934122441459
2017-03-01,-0.009017193650188826,0.022150742787588884,0.01365934122441459
2017-03-02,-0.001211387186296875,-0.026772738470424606,-0.05292895532882902
2017-03-03,0.023361349913173513,0.013802388027797319,0.0113781252795091
2017-03-06,-0.009817124805416189,-0.014464420491566932,-0.0228872037244523
2017-03-07,-0.013544225107757324,0.005284028146605335,-0.005804595465967566
2017-03-08,-0.017115332219268087,-0.0423877783499822,-0.02621382078752843
2017-03-09,-0.008979778563583896,-0.003442344190972779,0.0019900504080099246
2017-03-10,-0.005614487611878438,-0.013190055858169236,-0.01771732789596836
2017-03-13,0.01243410486640295,0.00418410652257406,0.04484760766862328
2017-03-14,-0.008376037802182434,-0.0558084719278813,0.005146360666888228
2017-03-15,0.017601195477008336,0.04390773644416268,0.06670172351939607
2017-03-16,-0.004601940933369075,-0.03511647103299187,-0.023995076813381644
2017-03-17,-0.031233019689931307,-0.040943567677051984,-0.038544642939152496
2017-03-20,0.017610518008635,0.032887866844835134,0.010487939771449906
2017-03-21,-0.030060798544796707,-0.045120435280469495,-0.0854318473609621
2017-03-22,0.003847391728893701,0.0495224966811072,0.012320484388040231
2017-03-23,0.0009595394946999569,-0.006610380295866136,-0.005457039463057978
2017-03-24,0.01428368991799367,-0.0066543683626167915,-0.008241804895103844
2017-03-27,0.008473297204622643,0.021285207256402483,0.013358650444351916
2017-03-28,0.005609238764510582,0.012987195526811046,0.014189427259154286
2017-03-29,0.020606603366382092,0.035214906291066495,0.010013434803662236
2017-03-30,-0.00641321483471291,0.0,-0.0003321707388121986
2017-03-31,-0.007997581846417301,0.002764341774149859,-0.0103524050296393
2017-04-03,0.004929153541402442,0.012345835822299422,-0.00944357777034277
2017-04-04,0.011355039912440024,0.012195273093818182,0.037903473427372436
2017-04-05,-0.020657432574753276,-0.019035245041594928,-0.03993875228462507
2017-04-06,-0.01064839375703519,-0.0027491426249222073,-0.01850635406934087
2017-04-07,0.0022016049150663797,0.011632016202499207,0.00826735676824697
2017-04-10,0.006263722327065402,0.016194685919980634,-0.004125134759962901
2017-04-11,0.002494544480355465,-0.01755615651830178,-0.012827355636512827
2017-04-12,-0.010015733178711184,-0.002045687723293055,-0.04422974826585735
2017-04-13,-0.030987945030741315,-0.03968498473318016,0.0
2017-04-17,0.04380262265839274,0.014104606181541968,0.0003646308153433253
2017-04-18,-0.005918098568590935,-0.012685159527315637,-0.03035021995991416
2017-04-19,-0.010047180278942136,-0.0361050046421163,0.0022522532043254273
2017-04-20,-0.0175080072969771,0.020379162336652268,0.050449293774782245
2017-04-24,0.01813892214440349,0.010748939035710947,-0.018051031645568205
2017-04-25,0.009103814249470599,0.021854941057104726,0.03226086221822122
2017-04-26,0.01673419899116535,-0.023995505556215546,-0.02211217054607406
2017-04-27,0.028776785015221407,-0.019474109835379005,-0.03299419519015423
2017-04-28,-0.0023916304374482777,0.01732895348899066,0.023573835669649768
2017-05-02,0.009988805463136519,0.00143061540851952,0.021250574567132308
2017-05-03,0.0006422607799452251,0.01207829958818385,-0.06401596821719835
2017-05-04,-0.014877376601817094,-0.04035129552356742,-0.03755037641992409
2017-05-05,0.0013025075107484518,0.043876149367003014,0.02723903816218387
2017-05-08,-0.0006510416896623461,-0.009190591379113044,-0.0007680491929020761
2017-05-09,0.008753500535991776,0.004252309738530524,0.01789501398570259
2017-05-10,0.014739132572282987,0.04087857000611206,0.0022615916160564353
2017-05-11,0.006025069756551815,0.006091389393402036,-0.009077218151116728
2017-05-12,0.010066143505986336,0.04163138347581352,-0.015700111883097723
2017-05-15,0.0015637219761828192,0.014777011578507304,0.028160156037834838
2017-05-16,0.0015612805669524832,0.0012746974320005933,0.022631275656533223
2017-05-17,-0.01985255053920376,-0.00574897782692152,-0.015527114164905598
2017-05-18,-0.1405579306365614,-0.17148997590356707,0.0007448789916102427
2017-05-19,0.016349138001529706,0.03511754209759266,0.014415330014161842
2017-05-22,-0.028881554148337152,-0.016284593764500643,0.024289756784918737
2017-05-23,0.0066543683626165695,0.006693963262798919,0.012104099362209464
2017-05-24,0.011357513548816645,0.03281373511271313,-0.026534364191238335
2017-05-25,-0.0069457416871530064,-0.014451118538174379,0.006519400128149666
2017-05-26,0.022847775371011014,-0.004376374599798893,0.00575955515836668
2017-05-29,-0.010090175697334836,-0.008073438347626638,0.0071531063226553115
2017-05-30,0.015810606026642304,-0.015596305738278193,0.01906164315149228
2017-05-31,-0.01907561890356213,-0.030397477184370914,-0.05129329438755059
2017-06-01,-0.005465490012555474,-0.010861239431604774,-0.01857408524433346
2017-06-02,-0.02164030899381908,0.01778168227617849,0.004116002069103342
2017-06-05,-0.0007418397966323376,0.009912395305658572,-0.010888036979048277
2017-06-06,0.013269638130607664,0.0,0.003391750001121352
2017-06-07,0.015982904706829615,-0.02380150746632581,-0.004902894980791217
2017-06-08,-0.015250840252466702,-0.0023337233462201734,0.0213211742277446
2017-06-09,-0.020703142407715536,0.0007785130794135675,0.0103093696588612
2017-06-12,-0.016193161217126217,0.0038835000263977015,-0.016993390087432836
2017-06-13,-0.008004616782613994,0.003095977705128039,-0.01766631173828559
2017-06-14,0.03792457487420231,-0.025040431959687304,-0.01029168603654762
2017-06-16,-0.004801486602199034,-0.02731093439407073,-0.020906684819313792
2017-06-19,0.002588280239550045,0.000814000858947006,0.03195652100589852
2017-06-20,-0.023539289739765934,-0.03561453000836412,-0.026105129237434355
2017-06-21,-0.005687219120589226,-0.018723951266287342,0.02913199496121166
2017-06-22,0.012469460642121621,0.033786997577383016,0.020565316293042812
2017-06-23,-0.008295673516799607,-0.009178203770850102,0.008109148749258832
2017-06-26,0.04407304641406329,0.028101022612995186,0.008408018825870833
2017-06-27,-0.01129543800285715,-0.004901970600206695,0.01624877778698952
2017-06-28,0.008392678344895543,-0.01070409561594432,0.030684826729912462
2017-06-29,0.004712714903201132,0.008244069775082075,0.0038134904943021297
2017-06-30,0.017921626617355635,0.015478924122645399,0.003454234868087269
2017-07-03,0.002840911001603441,-0.0008087343748517384,0.022166295457260787
2017-07-04,0.00782643624946422,0.00564745349307505,-0.0010123166040818532
2017-07-05,0.0003542958407298791,-0.017857617400006465,-0.02357068985160904
2017-07-06,-0.014630055770100903,-0.0032813811231775514,-0.0003457216974798172
2017-07-07,0.0010777798779959546,-0.01991767088961094,-0.0010378828124202322
2017-07-10,0.011069564916548646,0.004182356577478563,0.027988174996372628
2017-07-11,0.017250911870906993,0.028796724488949543,0.01104613742141769
2017-07-12,0.026181309405155062,0.04828797189650147,-0.0046713464992933496
2017-07-13,0.008801681736826605,-0.005424267464719135,-0.024374937302001243
2017-07-14,0.001010611505923631,0.013889112160667239,0.01158445663763219
2017-07-17,-0.006756782462880029,-0.012336316817606274,0.006752220117286711
2017-07-18,0.012464368882244337,0.0038714721216581705,0.006038260547082341
2017-07-19,-0.012464368882244337,0.022163689054109925,0.0
2017-07-20,-0.0033955890011378997,-0.009874747919758509,-0.04026473621661708
2017-07-21,-0.004089985251525263,-0.031797948480809524,-0.007689656905418563
2017-07-24,0.008502006662720607,0.01486143894991132,0.021864483696738102
2017-07-25,0.01612396369644431,0.026055113747332603,0.049558181985978056
2017-07-26,-0.008701527460636793,-0.018321123147596374,-0.03152741624753519
2017-07-27,-0.0013454425171226525,0.001539646185592991,0.0013477090988680551
2017-07-28,0.0013454425171226525,0.009950330853168099,0.021319928111732
2017-07-31,0.014681611727108468,0.012112184410449034,0.03115112362572159
2017-08-01,0.012181220579572383,-0.01287408920921096,-0.007697279825566561
2017-08-02,0.015297287721363073,0.029292368456164564,0.0016084931890043563
2017-08-03,-0.0003230495909214426,-0.01491451956508727,-0.013918334410489841
2017-08-04,0.0009688358581176892,0.0067390745498454585,0.017768194795931613
2017-08-07,0.011553401939151886,0.011131840368844292,0.03739634501254274
2017-08-08,0.010474623622673818,-0.004437877106045374,-0.01147833294085121
2017-08-09,0.0006313131522812654,0.0022214003951532835,-0.004064410785070471
2017-08-10,-0.009511802848967577,-0.02471110388559472,-0.013245226750020933
2017-08-11,0.008880489696686311,-0.01836317858367642,-0.022472855852058604
2017-08-14,0.019697369678062238,0.009988557883505944,0.016752969135374496
2017-08-15,0.0024737180208784793,0.0053374125947209805,-0.005767398235916765
2017-08-16,0.0,-0.0015220703090688126,0.019411906284913627
2017-08-17,-0.008373440148066624,-0.006111554546002429,-0.016844510779667754
2017-08-18,0.020345954609300776,0.041281658973303825,0.01115549417178574
2017-08-21,-0.00030520372585440825,-0.0193027522545286,0.006319136351478516
2017-08-22,0.022337179846151578,0.03317665131773273,0.003458579143201579
2017-08-23,0.008915363657952646,-0.0021778593000127966,0.021118797308989468
2017-08-24,0.0032491536485741435,0.0029027596579613846,0.04035476799296189
2017-08-25,0.000884303668533093,0.005780362915499548,-0.0014768869912367144
2017-08-28,-0.015439736638832358,-0.0007207207519184244,0.015545114323437303
2017-08-29,0.016911840540776435,-0.0014430016933926204,0.0023255824434755823
2017-08-30,-0.010053307617287732,-0.02930612658549947,-0.002907824090200517
2017-08-31,-0.0020824044413418896,0.01476041558312069,0.02132031203465301
2017-09-01,0.020631442080184303,0.026745359975475225,0.016678831866817845
2017-09-04,0.0023384985810337433,0.010642172096145153,0.011982865968034773
2017-09-05,-0.014409894980477844,0.016795356308841658,-0.013947227480850088
2017-09-06,0.01499366615876152,0.041460236324557975,0.005602255548669444
2017-09-08,-0.007909811270356393,-0.02085511172264254,-0.03756844761116218
2017-09-11,0.03780568532413353,0.018855777501160187,0.017536743799631438
2017-09-12,-0.0014170329705707196,-0.008037551642442686,0.004832987374600695
2017-09-13,0.004245089154088166,0.01070244329281933,-0.013994230949954112
2017-09-14,-0.0076541833648615665,0.0006651147568106364,-0.03363381803930077
2017-09-15,0.02111862240056528,0.0,0.005339674508503478
2017-09-18,0.008600413672209317,0.0,0.013225762219261306
2017-09-19,0.0030340665945187695,0.006626929487609123,-0.009681753784532177
2017-09-20,-0.005800320087408828,0.04709028652901481,-0.022358957964740966
2017-09-21,0.00027696995053094753,-0.012682478170388034,-0.020098118643147256
2017-09-22,-0.0024954955415563695,0.0012755103770114573,-0.018628294025661685
2017-09-25,-0.01708007362399755,0.009514819641338823,-0.02603321621948984
2017-09-26,-0.0011302629064231517,-0.017834867636034257,0.013101321760925266
2017-09-27,-0.010515941727975875,-0.01619730908065309,0.013558460895103153
2017-09-28,-0.01265111755355841,0.001957586269517586,-0.005653281387989928
2017-09-29,0.014078669544744127,-0.0026109675407204325,0.003772403090544163
2017-10-02,0.009936206659129532,0.006514681021193791,0.0009408813615539025
2017-10-03,0.04093491869179422,0.036970430918545016,0.024157260201003172
2017-10-04,-0.006525308634922844,-0.02022824977547133,-0.0021442801905742215
2017-10-05,0.0008179959556318117,0.015209418663528762,-0.010480983737357619
2017-10-06,-0.010411052940946242,-0.01329554248124487,-0.004036645754503798
2017-10-09,-0.0005509642012651028,0.012666413803683607,-0.020113814477778824
2017-10-10,0.02099599963223442,0.018703787140919248,-0.005730674708985362
2017-10-11,-0.004326669810732042,-0.006817503938723712,-0.007049051937413786
2017-10-13,-0.0076170118001170906,0.0,0.05656874377006016
2017-10-16,-0.0027344835195965977,0.0024844733276621067,0.013281209406383887
2017-10-17,-0.002467444706295563,0.0006201550586351079,-0.02335916918773373
2017-10-18,-0.0044016577256611455,0.0018581609558319112,-0.009560597110028546
2017-10-19,-0.0041442247460263815,-0.0006190034242838927,0.022369555402609986
2017-10-20,-0.004995847193371983,0.004324999018601394,-0.00151630051796392
2017-10-23,-0.009505243497427873,-0.001233806448928565,-0.007310419398223633
2017-10-24,0.01339305733643803,0.018955015693698618,0.033667141242324394
2017-10-25,0.0030441423812281876,0.012639349724518523,-0.008311119374926346
2017-10-26,-0.009160369398664159,0.0005979073421773506,-0.026579637804712064
2017-10-27,-0.001953943399052527,0.01777297967586433,-0.0036798569584006735
2017-10-30,-0.018043906521260755,-0.014788793635536868,-0.006163347707668354
2017-10-31,-0.013461466344332873,-0.0005961252039425879,-0.007757990810939308
2017-11-01,-0.03163708494318218,0.007722046093910029,0.02218205552597441
2017-11-03,0.006506973565386431,0.0023640672948808117,0.021700670733117988
2017-11-06,-0.00413589954404836,0.028515170308021087,0.023572099074266717
2017-11-07,-0.030965949298393358,-0.05483247862539464,-0.02416857985544718
2017-11-08,0.03569129772481938,0.026907452919924246,0.012451984192197951
2017-11-09,-0.03691341825578753,-0.013662226169903757,-0.03416574441598241
2017-11-10,0.0009167303926962411,0.0,-0.0009150526793746394
2017-11-13,0.004875085828337067,-0.004796172263492826,0.011227549287693428
2017-11-14,-0.02150620522096336,-0.08069396135985651,-0.03001756768765107
2017-11-16,0.02575249610241448,0.029527177188174436,0.01358884406189631
2017-11-17,0.01740217932769239,0.013195290418832828,0.009768087436207384
2017-11-21,0.02264469646370504,-0.007518832414027399,0.03374965678665198
2017-11-22,-0.011405299828013415,0.013121087962697064,0.02006172821743757
2017-11-23,-0.007380107297622285,0.00495357050066092,0.01315432179109255
2017-11-24,-0.00892863074430128,-0.0055744956991263805,0.0166224421738832
2017-11-27,-0.0014958865915830621,-0.014388737452099898,-0.010674258654122415
2017-11-28,0.00298953884836628,-0.0018921481520377537,0.023445115176871756
2017-11-29,-0.01928932622189894,-0.03272669350255697,-0.01528869251509013
2017-11-30,-0.006411256886681649,0.00325627119377514,-0.015810606026642304
2017-12-01,-0.0024532364342979562,0.014843770449842753,0.009629074682427241
2017-12-04,0.005754975750285496,-0.00836286636575978,0.03734357301559532
2017-12-05,-0.010321888848431104,-0.011042658491988488,-0.02223839070916389
2017-12-06,0.010321888848431104,0.013623305085480153,-0.007244389442496946
2017-12-07,-0.0072749638830269525,-0.01689448889876166,-0.011814483413762566
2017-12-08,0.0027343173651432906,0.005880448176895037,0.003953690549828082
2017-12-11,0.0,0.001952490044291988,0.007860792863934485
2017-12-12,0.019528936695743404,0.007126690351279219,0.011676529661835744
2017-12-13,-0.017104693084237343,-0.020215882461293466,-0.0019366446777824287
2017-12-14,-0.007900375337093646,-0.01126212632211332,0.003593645885412222
2017-12-15,-0.0039737175932432756,-0.004005345808675065,0.017777030433805407
2017-12-18,0.00793170723280845,0.017899052596844545,0.025426232575093355
2017-12-19,-0.006401485052040634,-0.005270104424237143,0.0002642356997801798
2017-12-20,0.009132483563272231,0.0065833022491974535,0.033769442553354345
2017-12-21,0.028970220706012295,0.039876665948201495,0.014706147389695445
2017-12-22,0.002939449500382718,-0.006959850935059686,0.011373811477924267
2017-12-26,-0.002398801749974755,0.013871596955279175,0.001506780797386753
2017-12-27,0.0012001201560440933,0.004996887349103529,0.00025090954842443836
2017-12-28,0.01488122699665162,0.003110422414392744,0.009985105426996821
2018-01-02,0.02191468270539465,0.02756682983265457,0.03562220992092646
2018-01-03,0.0051948168771036585,0.009022617599637295,-0.006010355874281892
2018-01-04,0.016274449127336332,0.0017947955760233558,0.004090969488478535
2018-01-05,0.005648137014701238,0.005959493203981703,0.015489407737628635
2018-01-08,-0.0002816504736262715,0.011813486471882628,0.02198404719514313
2018-01-09,-0.009339249995478749,0.0,-0.0037079996135211957
2018-01-10,-0.010576059705462715,-0.01359760826538392,-0.014028754740839311
2018-01-11,0.019915309700941464,0.02643325706815558,0.01935469068326423
2018-01-12,0.0,0.0028943580263645075,0.005757068290067835
2018-01-15,0.007017572658646554,0.002886004889135041,-0.0018386582978111576
2018-01-16,0.006690852950922643,0.017143276986437472,-0.027283958948468356
2018-01-17,0.024699389517644832,0.0394386018130386,0.019895331477204792
2018-01-18,-0.0010848929732385493,-0.007654493360532255,-0.006743427484006137
2018-01-19,0.007030856437160615,0.002192983335010279,0.00046652671711555627
2018-01-22,0.013649348800377936,0.011434919044326142,-0.005378242824858326
2018-01-23,0.003449651822149402,-0.009793331808374273,-0.04263097636150226
2018-01-24,0.05288143659535827,0.055821027622374064,0.02202145855223403
2018-01-26,0.034571344065088994,0.030050644199554943,-0.008412500039109538
2018-01-29,-0.029558802241544502,-0.0040221270915037355,0.011041878869633148
2018-01-30,0.009950330853167877,-0.018302493613730153,-0.010076860700653612
2018-01-31,0.008626054719767406,0.010717122224473519,-0.00048239267698590993
2018-02-01,-0.026860605160632822,0.04078138455862601,0.00816919487852008
2018-02-02,-0.018566804627519584,-0.02716887287484515,-0.023974995049708347
2018-02-05,-0.016269054714868503,-0.04768911806450449,-0.011090686694157803
2018-02-06,0.023530497410193973,0.048690119149089384,0.051206549609221774
2018-02-07,-0.015100521249734822,-0.02789934948001549,-0.018057036116325698
2018-02-08,-0.012406124540098595,-0.020265697459582954,-0.0028811544540334744
2018-02-09,-0.011486703031797774,-0.014807250974292696,0.00980986452854804
2018-02-14,0.03588775626347829,0.02525121013537568,0.05804426474439417
2018-02-15,0.004138650501266827,0.007762005335489208,0.03183996577393344
2018-02-16,-0.0018085523596442776,0.0010303967938967151,0.0017395090274541225
2018-02-19,-0.004925479821700218,0.031925690889399005,0.00908310743069718
2018-02-20,0.029952322283351762,0.019264611582925584,-0.020444383231296825
2018-02-21,0.005282366703791119,-0.009338971782955507,-0.015723942607611452
2018-02-22,0.006003019527875075,0.023909409248833002,0.01923348777596834
2018-02-23,0.009184624575250933,0.018156256036679697,0.008937389190728062
2018-02-26,0.0,0.018762276455522864,0.028243212313395105
2018-02-27,-0.010931785883292022,-0.0009298001599666872,-0.0014778847828740282
2018-02-28,-0.031982421321644416,-0.0018621979310646797,-0.049371359863809694
2018-03-01,0.005658451311667978,-0.0202407474879438,-0.01340802209443348
2018-03-02,0.01515764409001008,0.022567953565030052,-0.01587334915629013
2018-03-05,0.00660739379708053,0.027964233374495606,-0.0011435107020787427
2018-03-06,0.0017714796483820905,-0.009995539831679112,-0.004817075491997613
2018-03-07,-0.01785761740000602,-0.010557821274187251,0.007966302673090286
2018-03-08,-0.013214339196158331,0.0013834449981457997,-0.0329765380361553
2018-03-09,0.021162080044811127,0.031302170064249735,0.015318633680702298
2018-03-12,0.007885072012446148,-0.0026833647585970954,0.00851471558677419
2018-03-13,-0.014546639050355026,-0.009901070982711424,-0.0078023802841848955
2018-03-14,-0.005413081911978868,0.012137708014424264,0.011094177284399542
2018-03-15,-0.014579794842949134,-0.04899125677325333,-0.004705891037412702
2018-03-16,0.0026191738388487984,0.005615363374959825,-0.002361276185679717
2018-03-19,-0.010253803524643779,-0.023608273027577287,-0.028778964550043362
2018-03-20,-0.0010576415581353693,0.010929070532190277,0.012092045765028647
2018-03-21,0.0050138645739918886,0.04119999490275639,0.021403908663153448
2018-03-22,0.006035971612592839,-0.015079106827120325,-0.013502514747699923
2018-03-23,0.0067796869853786745,0.0013802624689585041,-0.007901393915453525
2018-03-26,0.005700974238230572,0.012791403279558633,0.009569451016150587
2018-03-27,-0.012219052327414825,-0.02714682461165041,-0.02751802889389232
2018-03-28,0.006518078089184254,-0.011257154524634716,0.01650522905849039
2018-03-29,0.026162046109570625,0.009856920923624779,0.01600034134644135
2018-04-02,-0.001965464622616153,-0.024108943630826163,0.018542955899154556
2018-04-03,4.440892098500626e-16,-0.009132483563272453,-0.0030278350836763224
2018-04-04,-0.008658062743114758,-0.016062647612914205,-0.007492425590502894
2018-04-05,0.0030808034450084953,0.037085877697708325,0.01631737835850533
2018-04-06,-0.0030808034450084953,0.006127758981156584,-0.011861983486886718
2018-04-09,-0.038603792688411076,-0.03588043344260128,0.004901398539262747
2018-04-10,0.008419268777183575,0.04150369099696327,0.043063949773694876
2018-04-11,0.02314719719065117,0.018519047767237673,-0.004470280130903781
2018-04-12,-0.0182445197425376,-0.0055197932235977465,0.0038010107249961678
2018-04-13,-0.022106775781029597,-0.022388994893478786,0.0037866177331178363
2018-04-16,-0.022005050851380048,-0.027739703089152634,-0.0098302847019478
2018-04-17,0.012548715609344452,0.019688511125794506,0.030730836508480408
2018-04-18,0.03300051244922164,0.03595998008043466,0.033190071403764954
2018-04-19,-0.0017251298125464665,0.018182319083190457,0.007344487950738721
2018-04-20,-0.014201079114827042,0.0071813594086647115,-0.004190242879436479
2018-04-23,-0.00029192818773982054,0.005352376738591902,-0.0027331037721736173
2018-04-24,0.0017502921621241896,-0.0035650661644961446,0.01690886752571963
2018-04-25,0.012167009885624136,-0.030367164592655982,-0.007479777236867768
2018-04-26,0.0,0.04058266537710775,0.015520228759096533
2018-04-27,0.010882123424358348,0.003528896472021259,-0.007212808189240416
2018-04-30,-0.015499736246807672,0.011383660583539568,0.006596601946059266
2018-05-02,-0.026082064559407314,-0.01623911042276638,0.0008215239730886559
2018-05-03,-0.01922558465337465,-0.006659292089977065,0.007771000251509896
2018-05-04,0.0009095043828408755,-0.00805013291898704,0.012349585032621846
2018-05-07,-0.009132483563272675,0.016919370659766786,-0.009298631786330613
2018-05-08,-0.005212337417947577,0.011413644536361067,-0.0010159505090041598
2018-05-09,0.00796085037129668,0.07846337973559225,0.021320196131936697
2018-05-10,0.019928195717680453,0.03839775090874875,0.022627625521934203
2018-05-11,-0.018100041643617892,-0.012111888637823531,0.0236481269045683
2018-05-14,-0.014410796681130211,0.030962225603966553,0.030685288709625613
2018-05-15,-0.005885102938772757,0.020743719480629252,0.006977626547234106
2018-05-16,0.016024996239575984,0.02214929971846935,0.022615165538506066
2018-05-17,-0.042466574471362595,-0.054006373663089136,-0.009345862418237427
2018-05-18,0.00445576803400316,-0.011628037995119245,-0.011075918947185848
2018-05-21,-0.014393339797915239,-0.02366974408590461,-0.032850685243508426
2018-05-22,0.02826931141167277,-0.004038777703190943,-0.012531016450121779
2018-05-23,-0.026659782656027975,-0.060043042686318104,-0.007671690867397718
2018-05-24,0.001606942335189654,-0.14744068249067221,0.00996176820412531
2018-05-25,-0.02011095998959611,-0.014042357123038585,-0.018857591710801813
2018-05-28,-0.04318662729310141,-0.15777677479000074,-0.007996142068373402
2018-05-29,0.004096967150950537,0.13219993300035093,-0.017979344334887237
2018-05-30,-0.006151762394475124,-0.016719302729058194,0.009326389657152934
2018-06-01,0.024048576384986475,-0.16084674008883226,0.04120904186729568
2018-06-04,-0.001655903673623893,0.0813746458401936,-0.0045592784145180865
2018-06-05,-0.04925430899094607,-0.05511359473078992,0.02277745530613462
2018-06-06,-0.01685433155498206,-0.015796197219979602,0.04262940539485083
2018-06-07,-0.01786399773835612,-0.03552882255264045,-0.030788378977751663
2018-06-08,-0.00868941021415992,-0.032895581376312544,-0.06614609055708787
2018-06-11,-0.019090153892915573,0.010437146278603926,-0.0007863181061726898
2018-06-12,-0.002597886040795583,0.003239393827251469,0.01657765901981456
2018-06-13,-0.02065025510450802,-0.018936249798835014,-0.002905571051414313
2018-06-14,-0.041438648952432544,-0.0046250495395623314,0.0030989759451611754
2018-06-15,0.017637141486106955,-0.00864654538934162,-0.05118134022757337
2018-06-18,-0.03277687289389153,-0.03189954900500824,0.0016270086973300124
2018-06-19,0.05049008149296208,0.061516718708654716,-0.018665294219359918
2018-06-20,0.021148824492976726,0.04996296761240138,0.010503649240529267
2018-06-21,-0.04236466364324931,-0.07093359192670623,-0.033329475340860615
2018-06-22,0.01892313657929723,0.0006620324637696129,0.016803587984653312
2018-06-25,-0.0015313938674279548,0.03830393606961402,-0.017863246873679017
2018-06-26,-0.005378422492758439,0.021424890084106085,0.024713299606167194
2018-06-27,-0.01631104123149596,0.031300499384703695,-0.003938237031202441
2018-06-28,0.03349687570464743,0.003016593539425516,0.018926711857677248
2018-06-29,0.01838356029875232,0.034925124032260335,0.010541350399230431
2018-07-02,0.008700641230831696,0.016157304751207358,-0.016878895887971535
2018-07-03,0.034075471201070684,0.0017157567835031085,-0.016542974453757076
2018-07-04,0.013951218947095612,0.05286348955706788,0.001458485517419117
2018-07-05,-0.0021337134695471605,-0.03250079503818326,0.034179117425850336
2018-07-06,0.0028439407721290166,0.00446928118229728,0.012795056604586463
2018-07-10,-0.013221561191689712,-0.01064734070922535,-0.016221443107023337
2018-07-11,-0.0039646835137210346,-0.019340762141327072,-0.013619480770552084
2018-07-12,0.02883275009173447,0.030545361154190154,0.032023680970023616
2018-07-13,0.019802627296179764,0.008874156961033997,-0.0027788822963907833
2018-07-16,0.004461994703451211,-0.012781502149953994,-0.0061808590750809245
2018-07-17,0.028361117621698018,0.022671692657406428,0.01390290516899162
2018-07-18,-0.0249423108729121,-0.013208777623884504,0.014684551682921043
2018-07-19,0.012548918279708943,0.01920497983604985,-0.04005293496119089
2018-07-20,0.03412622029042067,0.047236162302698004,-0.014467903917226632
2018-07-23,-0.01146613708764388,-0.0015564205476581439,0.017901210329240413
2018-07-24,0.014718172474021074,0.020555708349040858,0.03389483122299186
2018-07-25,0.018018505502678472,0.01514415616429754,0.008538767191604624
2018-07-26,-0.02584123118388737,-0.02794187370239909,0.01970789892969993
2018-07-27,0.011064219605380288,0.018377240001606676,0.012614306395875907
2018-07-30,0.007415800549817053,0.0060514556833553,0.016329923092377463
2018-07-31,-0.019462177706730532,-0.008583743691391588,0.009343294130682356
2018-08-01,0.013016779950191903,0.014598799421152941,-0.03299650598452031
2018-08-02,0.010403214760886126,0.01979282822611128,-0.004154869055469135
2018-08-03,0.037452806416748974,0.03372188503847573,0.004577539940440634
2018-08-06,-0.0068771762139561154,-0.0033214739907201363,-0.0028585059959636006
2018-08-07,-0.015170961007806572,-0.015808712462016317,0.006657181029179338
2018-08-08,-0.024175230531987335,-0.027908788117076533,-0.006657181029179338
2018-08-09,-0.010495340681730525,0.00988150332999771,-0.01074453928297725
2018-08-10,-0.05106773112911345,-0.037570158663964515,-0.0025108656358892034
2018-08-13,0.01924458017435482,0.02271104426021453,0.010962702347891096
2018-08-14,0.016875189518885225,-0.014903405502574962,0.009139439093092783
2018-08-15,-0.012121360532344472,-0.04766467164769761,-0.045563759754574384
2018-08-16,0.0,-0.005263170044274679,-0.013782301452029078
2018-08-17,-0.030962225603966775,-0.02619770245372921,0.02148908794192561
2018-08-20,0.006269613013595077,-0.005431843882361731,0.012519725344927846
2018-08-21,-0.024605810802200256,-0.03548044001540962,0.005621804086059612
2018-08-22,0.02425852828438435,0.03493562932364447,0.02989844715637524
2018-08-23,-0.02532671425029287,-0.022039459566291386,0.0009376465759634023
2018-08-24,0.008866878451727622,0.01931094491308749,0.014883995699237484
2018-08-27,0.026482383839799617,0.022157080438623078,0.027683428748416894
2018-08-28,-0.0062090575469322395,-0.019428565785419183,-0.00035932447386288757
2018-08-29,0.012037978559479079,0.05047552141026057,-0.007756871219545491
2018-08-30,-0.043675063502661704,-0.026248226074936376,-0.0118409253038676
2018-08-31,0.013480161556692849,0.02417353653407628,-0.017562148390327437
2018-09-03,-0.00884804923013105,-0.01359142720353912,0.0079874112774041
2018-09-04,-0.018746042821055298,-0.018592833076616078,-0.03866582550379016
2018-09-05,0.006167260614195147,0.0,0.0028804628653542608
2018-09-06,0.0281708769666964,0.018066378734370003,0.025183570786960985
2018-09-10,0.0038603311669791474,0.014117881545785194,-0.004873486684199069
2018-09-11,-0.030585598919148804,-0.04025967428570043,-0.011908277948290191
2018-09-12,0.00036107601042223436,0.02403319944415605,0.016220649869801207
2018-09-13,-0.003979024964098077,-0.01274579124243691,0.006155013369664175
2018-09-14,0.004339970645692137,0.004266673139375454,0.02606130244233107
2018-09-17,0.028110728399717733,0.03194825264390855,-0.0029027596579611625
2018-09-18,0.008037785716593415,0.0428817274832658,0.04093826683013546
2018-09-19,0.0045146803545268455,-0.0134230203321406,0.021394880944363592
2018-09-20,-0.0020811662038249246,-0.005520716656681968,0.012553175870143818
2018-09-21,0.01584600845007822,0.013496830726690723,0.028091267894029937
2018-09-24,-0.027019309048203155,-0.006975613736425412,-0.013365432848985837
2018-09-25,0.0007020007308295995,0.00399202126953746,0.032682647430358536
2018-09-26,0.002453128968077145,0.005463137501217741,-0.035843784743712526
2018-09-27,0.022496190079871692,0.06100330487780625,-0.008871093409466901
2018-09-28,-0.019002126427274835,-0.01739174271186905,0.005699931609847386
2018-10-01,-0.011224249721517587,-0.004276556767260242,0.009649051738967351
2018-10-02,0.030115623904623856,0.08311490671050659,0.013158084577511442
2018-10-03,0.04242071588395202,0.04162797988093647,-0.020636308044757357
2018-10-04,0.004780885600341733,0.009621492336971293,-0.019369026568941905
2018-10-05,-0.01505714815772663,-0.0025010434045888985,-0.02253083526938182
2018-10-08,0.065587035166768,0.10452544254040497,-0.007682943327115055
2018-10-09,0.0036210057669521234,0.00823666206587892,0.010635615902171658
2018-10-10,-0.0330709868438821,-0.029130109654156522,-0.031178218928649137
2018-10-11,-0.005932882351869839,-0.02960870751750222,0.010501119903379763
2018-10-15,0.005310023409279552,0.018801963982399972,0.020850514442334767
2018-10-16,0.046562495616207844,0.03657550548655397,0.0005200658867323682
2018-10-17,0.001188707420805013,-0.010530371846519282,0.018884681390527458
2018-10-18,-0.028009661229994265,-0.02876516640313409,-0.03990121675218594
2018-10-19,0.0033541729876307436,0.008523879582899907,0.0005308325348041265
2018-10-22,0.01210302217124326,0.023261296665574305,0.03203058852849994
2018-10-23,0.003602525661419609,-0.012516757382597277,-0.028146402854187347
2018-10-24,-0.024265673475140304,-0.020046931945290725,-0.04174018391540324
2018-10-25,0.028452282461076894,0.024616627635356103,0.003301543717953326
2018-10-26,0.017160184400592637,0.047486666265987854,0.017966185092474607
2018-10-29,-0.018952299575574205,-0.04369447362892509,-0.046006273008643905
2018-10-30,0.03812778543656359,0.058083211081024544,0.014396808444549603
2018-10-31,-0.013034217838907125,-0.013664362194057755,0.0513768253334943
2018-11-01,0.055569851154810834,-0.010921113278556716,0.013834385777367952
2018-11-05,0.02322826118134458,0.030283496587252268,0.000521603071897303
2018-11-06,-0.010863767898986687,-0.03505327264546243,-0.005228314454191363
2018-11-07,-0.01957873100837304,-0.033280319460660346,0.006270705097570328
2018-11-08,-0.021106735421015266,-0.03679020914652664,-0.00994685803405515
2018-11-09,0.014681234894832418,0.004329863092068287,-0.0424528688619783
2018-11-12,-0.0008411608515039859,-0.0051191291156766905,0.0036529720986915315
2018-11-13,-0.01811541189373056,-0.04398530281247015,0.02555934672394855
2018-11-14,0.013898961514795971,0.03486368493662462,-0.019923480520086745
2018-11-16,0.0473135547327348,0.027506645789833417,0.017788628259351125
2018-11-19,-0.0043080303568912015,0.007722046093910251,-0.01398875034957614
2018-11-21,-0.011124792524553229,-0.032443728874257394,-0.015286921896905614
2018-11-22,0.004084416842224492,-0.005155672732908512,-0.00902649584597226
2018-11-23,-0.0021762794225952398,-0.03150502890863338,-0.07072589392742668
2018-11-26,-0.014538728176638926,-0.004936250253622543,-0.004578489136704
2018-11-27,0.040081184128299086,0.0514376138699002,-0.0039984059666950955
2018-11-28,0.020234562398141698,-0.005892768967150852,0.04657464700970504
2018-11-29,0.012409673215712846,-0.008308653139017075,-0.005752652489450227
2018-11-30,-0.011889517157170904,0.01145578398203595,0.015267472130788828
2018-12-03,-0.017309637535091404,0.01867758575903755,0.024507820942428094
2018-12-04,-0.007666924535548958,-0.02340200399530512,-0.022993816111212872
2018-12-05,-0.0005309264791559798,0.008644454616341113,-0.001514004831215221
2018-12-06,0.01082804716540009,-0.03868877328123288,-0.009514819641338601
2018-12-07,-0.004739345363896863,0.007293387273167085,-0.019500569669700152
2018-12-10,-0.019454311084871723,-0.05518927879245639,-0.021480774703493744
2018-12-11,0.011505143630448966,-0.006419880812562173,0.00793654959573642
2018-12-12,0.006628686607590861,0.0004292766754052657,-0.0045558165358605685
2018-12-13,0.02608389923944676,0.002571797388371433,0.0045558165358605685
2018-12-14,-0.01139318382944321,-0.013359388517368842,0.005518342738446869
2018-12-17,-0.019724505347778365,-0.007839761407967716,0.00724569898665095
2018-12-18,0.018421573567362515,-0.038783554676373955,0.0037004619108462755
2018-12-19,-0.014445425187723071,0.011299555253933447,-0.028193094498551563
2018-12-20,0.005277057100843585,-0.03475429795783014,-0.004007218345620345
2018-12-21,-0.0076608484561200285,0.0027881058953376225,0.02086099290878174
2018-12-26,0.005204778219978667,0.0515846555317474,-0.008292248897255217
2018-12-27,0.02429269256904476,-0.00046136102317761996,-0.018811841522074157
2018-12-28,0.030205842057065446,0.04555466331128355,0.029852963149681333
2019-01-02,0.04403545454189084,0.05906723168698158,0.0017631506183808376
2019-01-03,0.011840296193671662,0.024226189942166076,-0.0417684852320801
2019-01-04,-0.007877933406709392,0.002835732100791022,0.06307060754469562
2019-01-07,0.011793748493543976,0.015653540580003567,-0.005379455816184375
2019-01-08,0.006087928214845828,-0.005991629668266718,0.009585962974937079
2019-01-09,0.01709031848010234,0.02061928720273576,0.024129351620403305
2019-01-10,-0.0031074484190076745,-0.008671713781617463,-0.011049836186585171
2019-01-11,-0.006484951272431427,-0.010746372075484123,-0.013652089168326942
2019-01-14,0.011738067459449386,-0.005617992304223218,0.00419128066409824
2019-01-15,-0.0019070327591217406,-0.0008051530225625658,-0.004764182427118069
2019-01-16,0.00476078023685611,-0.00040281974361411343,0.005714301263438415
2019-01-17,0.003319111629346505,0.013605652055778572,0.029568022272984607
2019-01-18,0.010126072630369798,0.009493742192251187,0.009725739567278957
2019-01-21,-0.011547200297305604,0.005105057228901533,0.00945117903916648
2019-01-22,-0.004513607852878909,-0.01579187969789153,-0.003624505598960326
2019-01-23,0.016997576368571465,0.011867227878527453,0.010295403861099395
2019-01-24,0.010015222877497454,0.004316271170364816,0.008944603462898382
2019-01-28,0.00807852056520142,-0.030612607103124967,-0.28135012834429896
2019-01-29,-0.012957145644003631,0.02393413010992229,0.008458697050848674
2019-01-30,-0.0023315468710869425,0.009805922857397675,0.08646529124059832
2019-01-31,0.054951394625843086,-0.0015625003178916241,-0.023888215174695304
2019-02-01,-0.012450138585867965,0.008563695776875102,0.016349138001529262
2019-02-04,0.030231241985509527,0.008875227078902315,-0.034535489757434146
2019-02-05,0.00043782837827244236,0.0007680491929020761,-0.0008956561279442887
2019-02-06,-0.04819939976877885,-0.021731549811351947,-0.050067861797945756
2019-02-07,0.01504473327725142,-0.015816858009693124,-0.020702702520289495
2019-02-08,0.010577346280374655,0.0015929911771699334,0.03705438663511362
2019-02-11,-0.00583746606001645,-0.011607094490222902,-0.026768444973079397
2019-02-12,0.01984236318497734,0.034813642304140524,0.05283898163423517
2019-02-13,-0.015573173462969603,0.012748868829957516,0.02650784453082311
2019-02-14,0.037408102066169846,0.033965529155630225,0.0037301195197363413
2019-02-15,-0.0065005646030935615,-0.004089985251525263,0.004806651159520836
2019-02-18,-0.023090635571465512,-0.0029850768434531716,-0.013826622115234777
2019-02-19,0.008418304035128443,0.02290458460027489,0.0052898514359775994
2019-02-20,-0.01668373699503478,-0.012495568685539471,0.006791569538226572
2019-02-21,0.008710272824893117,0.013225762219261306,-0.00921261176844368
2019-02-22,-0.008261741756597552,-0.009902886723184068,0.03486333376302886
2019-02-25,-0.010140931976049483,-0.015976561264636535,0.0027627262286067378
2019-02-26,0.01773533970721397,-0.004504512121104698,0.001696353248178184
2019-02-27,-0.011188301985753935,0.018636394758974717,-0.007869869396059048
2019-02-28,-0.026680410534635435,-0.000738825301432211,0.005748977826921742
2019-03-01,-0.016779699217410737,-0.013393057336437808,-0.007672671911660434
2019-03-06,-0.012010034857532048,0.0022446698538238774,0.027641806305589434
2019-03-07,0.007082182576291451,0.0003736222722334759,0.01671693041329325
2019-03-08,0.013783654739003559,-0.003742519338338246,-0.00020468734080258955
2019-03-11,0.03980059139510317,0.039696501998520484,0.020865742323044056
2019-03-12,0.0028943580263640634,-0.009049835519917782,0.0018027045442776668
2019-03-13,0.009514398578690297,0.021583571667174617,0.01450308524102395
2019-03-14,0.00219973691869102,0.0031977287863207415,0.00019721920979032248
2019-03-15,0.004166215871608259,0.0021261524664288878,-0.003160184340447625
2019-03-18,0.005237899360793108,0.017196423058428945,-0.0017820022535683933
2019-03-19,-0.02178543634332275,0.015878828623356878,0.028137846958931068
2019-03-20,-0.02751639549280016,-0.007907897492976712,-0.026158040333240873
2019-03-21,-0.022197443186012134,-0.014253674309875564,0.006505690762139249
2019-03-22,-0.035943414595711154,-0.056170271467054445,-0.016643934839511765
2019-03-25,0.0021789138265941865,0.012513965291474527,-0.010040244985232594
2019-03-26,0.006508399495788186,0.04610428781422016,0.014625122946049895
2019-03-27,-0.03521146157870003,-0.04610428781422016,-0.013616549991164906
2019-03-28,0.049524683033386196,0.025994243378511417,-0.006066752682237553
2019-03-29,0.01690975003046047,0.0,0.032528059847868995
2019-04-01,-0.00883251670862073,-0.002140564499111264,0.03226397884715082
2019-04-02,-0.01837468177858259,0.010303875138272023,-0.018613220852106593
2019-04-03,-0.011302748188607659,-0.02686889201296694,0.0029010754318341547
2019-04-04,0.02553091400534191,0.03321140798943745,0.0073119432950057295
2019-04-05,0.008275909303859574,0.010829800169275483,-0.0034568884050534265
2019-04-08,0.0013726838119723084,0.01619887221864369,0.026764433298750667
2019-04-09,-0.003848273028423055,-0.0030816665374082675,-0.0196715251955486
2019-04-10,-0.014424660648309828,-0.013117205681235422,-0.011334287123900832
2019-04-11,-0.01605442170987459,-0.027476191284018014,0.0005794302431545439
2019-04-12,-0.009127273859678375,-0.08066790306745464,-0.006003697707873901
2019-04-15,-0.0022948948683385595,0.0038639924428238714,-0.002918006155714359
2019-04-16,-0.0017246339428518276,0.030011749117871966,0.03390155167568132
2019-04-17,-0.013905206667612191,0.0011221246735706458,-0.016137037402972787
2019-04-18,0.013617478281222173,0.03128129938108892,0.0062959284568151475
2019-04-22,0.0083106940573896,-0.005813969865419821,-0.024645067125011355
2019-04-23,0.023968439091325067,0.008708327891783885,0.012013320219110835
2019-04-24,-0.006709558299210716,-0.0028943580263640634,-0.03050686321968854
2019-04-25,0.011712348055142652,0.00722024797348686,-0.0005958883878776078
2019-04-26,-0.0030542853120283375,-0.015656609640215535,0.0017866009715050701
2019-04-29,-0.013156242945014274,0.004394001943334391,-0.003377374820588752
2019-04-30,0.0025327155792838063,-0.009544859542013562,-0.002989538848365836
2019-05-02,0.0005619556202960396,-0.014116133359746375,-0.023425950076293667
2019-05-03,0.007536672101350561,0.004479290804046077,0.029396117062797433
2019-05-06,-0.02734490322382266,-0.0029839634226127565,-0.014791394997302199
2019-05-07,-0.00630736035982693,-0.015813582544889737,0.0008051530225623438
2019-05-08,0.020496020638635315,0.03797924806521635,-0.014184634991956546
2019-05-09,-0.017624105970845516,-0.019926858615054943,-0.009432097812171136
2019-05-10,-0.008929916751704958,-0.005606443390109739,0.018776061794814947
2019-05-13,-0.025199106577538988,-0.02967125234193091,-0.041909322203780075
2019-05-14,-0.002971770389157413,0.003853569315990013,0.003367715243528746
2019-05-15,-0.010772096981910728,-0.004626068388782212,0.007536146196428284
2019-05-16,-0.011802225056628313,-0.02385254823259708,-0.03285934209723784
2019-05-17,0.0075815374523977574,-0.023624722362915795,0.028051137997505915
2019-05-20,0.026827242233144144,0.033469259439402155,-0.02053634149501926
2019-05-21,0.04035129552356764,0.03730484480738916,0.014018921179330679
2019-05-22,-0.017956874119958943,-0.0019000575733452152,0.0010540740935907067
2019-05-23,-0.004901263956091473,-0.01726495982738885,0.007556711022561391
2019-05-24,-0.00987518916770469,0.009628420234236046,0.010194616536136625
2019-05-27,0.014201079114827042,0.005732864927251224,0.03817722510052679
2019-05-28,0.02725118959555628,0.021116923440922974,0.001194743272342702
2019-05-29,0.019687312693104975,-0.011257154524634494,-0.011005613836601924
2019-05-30,0.018229317202037354,-0.01329554248124487,0.006218052328229362
2019-05-31,-0.002429478857274958,-0.02321187386121837,-0.020402687320185908
2019-06-03,-0.003248513955831367,0.01707453200368536,-0.010592887805921603
2019-06-04,-0.0021569164468928648,0.008047562113652429,0.005717801977584536
2019-06-05,-0.015504186535965747,-0.01306203742333989,-0.014769499245926188
2019-06-06,0.021692824611259987,0.0161108202726985,0.008437132053874308
2019-06-07,0.00026820437333929803,0.018100041643618114,-0.002872975503724895
2019-06-10,-0.011869575555383705,-0.004119084648174454,-0.006597962080039377
2019-06-11,0.00460268851000567,0.018956152078641875,0.06196228451148755
2019-06-12,-0.011683328114235891,-0.011479481735621633,0.0011659542712254556
2019-06-13,-0.010992141455464566,0.012215587768123815,0.006967320617486283
2019-06-14,-0.0016592924161020761,-0.004424785980355672,-0.008716762214417084
2019-06-17,-0.002494112419411998,0.0018460407679321555,-0.023623145763435716
2019-06-18,0.008564771239391256,0.01246350444496569,0.03522869188374367
2019-06-19,0.012303641195356985,0.002546845109603346,0.005752652489449783
2019-06-21,0.0223037594304607,0.02724182796322916,0.0026732878246220615
2019-06-24,0.007940751095461884,-0.001061383435922103,-0.0007630675685028621
2019-06-25,-0.008472383218562918,-0.026543882655966744,-0.019657599645258816
2019-06-26,0.012419237440919773,0.005799218862351463,0.0038850087714612513
2019-06-27,-0.004738097834783961,-0.016029487113166763,0.002323781061184693
2019-06-28,-0.00423057214797673,0.006588603629026135,0.0023183936195803057
2019-07-01,-0.012412677527309235,-0.0054874840463075,0.03470529394274369
2019-07-02,0.002919710103335138,-0.01627254841485426,-0.04303786807256893
2019-07-03,0.013426554206981134,0.011492248817307704,-0.0019477996029615419
2019-07-04,0.021472820883778887,0.009537856604146633,0.007381540897916317
2019-07-05,0.008664682139932989,0.0003650301190378791,-0.025680133122946813
2019-07-08,-0.004577830985450948,0.009082714574319084,0.011647550492587477
2019-07-10,-0.004598883935766462,0.015075662405447332,0.02289583911128057
2019-07-11,-0.00848661387731875,0.011687754793369365,-0.0015358037190367213
2019-07-12,-0.01877010268199042,0.004567020058248161,-0.00462161423428098
2019-07-15,-0.004219415542708216,-0.012343658754874642,0.016842503394497665
2019-07-16,0.0002642356997806239,-0.012497930932734658,0.006809180838797779
2019-07-17,-0.005298025637555437,-0.005404444788330576,-0.006809180838797779
2019-07-18,0.021545762518301093,-0.006160555812985358,-0.0018996966199416043
2019-07-19,-0.022874666368355,-0.002547772078798971,0.002468902592998923
2019-07-22,0.013735028390152504,0.001820499319469704,-0.005134555351945291
2019-07-23,0.003404481486543709,0.0010907108879889549,-0.013242684649661385
2019-07-24,0.018648559078072946,-0.006196484197152685,-0.021678419497952905
2019-07-25,-0.06001536429009313,-0.01696205858721722,-0.003163933823867815
2019-07-26,-0.012889250153539145,-0.0282877620846973,-0.0051628391088711645
2019-07-29,-0.002210556302212119,0.00913943909309256,0.0005970743534930989
2019-07-30,-0.020965128465044724,-0.005321183213280234,-0.004986546684634163
2019-07-31,-0.02575249610241448,-0.006116227017435971,-0.004007218345619901
2019-08-01,-0.00873367996875496,-0.018576385572935505,-0.02871595336260624
2019-08-02,-0.001166180890182389,0.035306813832144845,-0.011637704080209588
2019-08-05,-0.01825190496691942,-0.03726184866794813,-0.03922071315328157
2019-08-06,0.015037877364540986,0.012833152982986373,0.013388237118516333
2019-08-07,0.02085218907148212,-0.010878118147183091,-0.0030075210639552985
2019-08-08,0.004860624294405813,0.028875923501854528,0.014947961435872958
2019-08-09,-0.016681433697596226,-0.002660081370961409,-0.036477552397616186
2019-08-12,-0.02110277606773625,-0.024264621999631197,-0.007280782300451261
2019-08-13,0.01002071456171505,0.01681369032422797,0.02924057331184926
2019-08-14,-0.019843683857463823,-0.0343161259740008,-0.03546005137886965
2019-08-15,-0.0069038245095640605,-0.02807915909081804,-0.022305757514298197
2019-08-16,0.002106214107942428,-0.013294753358201072,-0.00456726073679814
2019-08-19,-0.014532499173828928,0.00500626827814421,-0.0009159606777333629
2019-08-20,-0.009807004741801961,-0.0004162330965400418,0.004343360354148729
2019-08-21,0.01951876544440001,0.057828926344694276,0.007046284410209047
2019-08-22,-0.013072081567352622,-0.00907841245975849,-0.005906423349826273
2019-08-23,-0.021965306920052274,-0.03798436434547581,-0.013995869161916641
2019-08-26,-0.010375820172296546,-0.013267192944048878,-0.011152531950475275
2019-08-27,0.012562979300704935,0.015735314312132376,0.01207631954503885
2019-08-28,-0.00594774018198585,0.01021876866872029,0.003686640120218687
2019-08-29,0.018663061131926728,0.036338595936279194,0.03658118425562451
2019-08-30,0.015290817798417233,0.0,0.010367358767158219
2019-09-02,-0.010372271147288448,-0.007874056430905885,0.009609158891585867
2019-09-03,-0.012091295968692517,0.011787955752042167,-0.010706974349301568
2019-09-04,0.012399414905038153,0.025454517389133402,0.021730537832388208
2019-09-05,0.02284247330221012,0.00493828164058252,0.0
2019-09-06,0.04100264667502351,0.004914014802428923,-0.0015058623906161195
2019-09-09,0.012636584004511953,0.015341741505845885,0.030530249094670392
2019-09-10,-0.017852475284797276,0.006292821062147791,0.007281838064411961
2019-09-11,-0.004367454896875955,-0.008523305258255398,-0.006029751089482449
2019-09-12,-0.010855321500113035,0.007046200115242041,0.03564490428478173
2019-09-13,-0.013064318827726407,-0.006674107087693226,0.00201045503986208
2019-09-16,-0.013237257066695651,0.042962559019366076,-0.02439641223627964
2019-09-17,0.026301575894422058,-0.013273737491444226,0.006359648063014589
2019-09-18,0.0029455102297570868,-0.017119339959550395,-0.0102775827582402
2019-09-19,-0.012132120991959816,0.0025683374969269757,-0.0016542600960263165
2019-09-20,0.017412274063243416,-0.010683468715918298,0.0020673978833527507
2019-09-23,0.0020458870207891167,0.017621601349819827,-0.006630774398197037
2019-09-24,-0.012929947988439494,-0.0076712704966515055,-0.02462504730538928
2019-09-25,0.006485871793019626,0.002563634438306206,0.01962295267390113
2019-09-26,0.014296377702412766,0.013081581897489425,0.0
2019-09-27,-0.0005795421779128951,-0.0014450869566808855,-0.004187610809631259
2019-09-30,-0.016954513113611736,-0.003984790637688196,0.0018865952561433197
2019-10-01,-0.013654115365024477,-0.0014529606624407165,-0.0008380473987235071
2019-10-02,-0.02912083169938917,-0.029137226268038052,-0.05625877301938287
2019-10-03,0.002795466954799597,0.0007482230053521555,0.007510527904262876
2019-10-04,0.010183701649714383,-0.008638551372862846,0.02499315141580949
2019-10-07,-0.006468527097851506,-0.012908303758879747,-0.011875341975023268
2019-10-08,-0.0009275004529487596,-0.005748243457695423,-0.015762147693876294
2019-10-09,0.028059175364521405,0.019033692233302535,0.007693191037101865
2019-10-10,0.011363758650314804,0.008261406356135481,0.03379936413225382
2019-10-11,0.011236073266925661,0.019259854594589676,0.02920524632874999
2019-10-14,0.014014827929645701,0.0018325092172268853,-0.01345358178775724
2019-10-15,0.00808551907102073,0.01056283723749063,-0.0016684049751232166
2019-10-16,0.023590691838214717,0.011885607233981244,-0.023441047971429985
2019-10-17,-0.01699757636857102,-0.009714053720473625,-0.0019249284095841368
2019-10-18,-0.0041346780699402785,-0.002171553513507618,-0.014664916684866913
2019-10-21,0.007077587786615602,0.006140528595603989,0.025312376729045294
2019-10-22,0.028105572976599547,0.028400914923973453,0.001904560939692157
2019-10-23,0.008534902449837123,0.013212987776322738,-0.004025002785937648
2019-10-24,-0.0011337869695267067,-0.022001935193485256,-0.007671036977253465
2019-10-25,0.0129615790385742,0.03231130485234601,0.0379858910165467
2019-10-28,0.03547739038976605,0.011894787652149574,0.002878883337301019
2019-10-29,-0.013875885809618627,0.007404948006577428,-0.001027221456530114
2019-10-30,0.004646721494788952,0.008681189745046947,-0.0012340602142022483
2019-10-31,-0.04176553559734364,0.01025310784706246,-0.029023855826301848
2019-11-01,-0.008566585798331694,0.0013153569801778175,0.025932026093381744
2019-11-04,-0.004575358281916131,-0.0023030113814503927,0.028090591149142696
2019-11-05,0.013380982570760036,-0.02366382708369441,0.0010031097239968645
2019-11-06,-0.005387791283551824,0.0020215640307816862,-0.003615913943801896
2019-11-07,0.002555730483833063,0.03927249442918335,0.008416883357404092
2019-11-08,-0.029354625696182524,-0.02889235769838372,-0.01873355218358652
2019-11-11,-0.002339182353172653,0.014222167950590059,-0.02158135347302892
2019-11-12,-0.009411834182345924,-0.0006660006906180627,-0.004790178898148145
2019-11-13,-0.01039664793190953,-0.004005345808675287,-0.016417965073538543
2019-11-14,-0.004189114444480779,-0.020270964373619194,-0.002549937633272492
2019-11-18,-0.006618556049827973,-0.007536863357703094,0.01289522149636868
2019-11-19,-0.001812689318103189,-0.01036995120609685,0.011693597435701975
2019-11-21,0.005728946771080157,0.036504138379389595,0.005176530867783136
2019-11-22,0.01640114295501327,0.004345652835840319,0.0327098739902012
2019-11-25,-0.005040781615047507,-0.008373855664445262,0.0164539344938599
2019-11-26,-0.021635459295878512,-0.018330452143982878,0.007053320777405503
2019-11-27,0.01656913941436633,0.004784698123335929,-0.012573839529559816
2019-11-28,-0.007798479834579819,0.006795812766471787,-0.004160481484260181
2019-11-29,0.004806257374627254,-0.012951782959329972,-0.0077728343507526
2019-12-02,0.006571110860918772,-0.0027481982257162585,0.02684725003618782
2019-12-03,-0.002963843307737246,-0.0031007776782483454,-0.018082253683220362
2019-12-04,0.02549588651739354,0.02319339981724955,0.009867851929431737
2019-12-05,0.0040427430169587275,0.013063324271430421,0.0005889859795282781
2019-12-06,-0.011302830082455362,0.009933856524290796,0.007820176705833237
2019-12-09,0.00841682519332032,-0.004623522106926625,0.0017511435547969967
2019-12-10,-0.003474236268186104,0.007584537594904184,-0.004676547883902149
2019-12-11,-0.005817352065913273,-0.001314924581309107,0.012229600156153264
2019-12-12,0.013329667083379793,0.018576385572935727,0.021378939845800193
2019-12-13,0.0017256259674693908,-0.032488501310659945,0.015181624167478702
2019-12-16,-0.01768418312921849,-0.019195740108547632,-0.007843177461025697
2019-12-17,0.018258730688833325,0.014850087272707313,0.00018745899389394083
2019-12-18,0.02747659043789108,0.022852459951875126,0.0022467712128779738
2019-12-19,0.018272933676732883,0.0022894531668349316,0.009863297603633914
2019-12-20,-0.003914993814793544,-0.011500044597111181,0.014523648986050297
2019-12-23,0.006145270735922637,0.00789997525315611,-0.0038401802701319987
2019-12-26,0.012453461071286753,0.01335307253065876,0.0038401802701319987
2019-12-27,-0.003857816854011098,-0.005554662215388362,-0.00724977615343958
2019-12-30,-0.0013814064912605062,-0.011202753076553496,-0.005612736904957671
2020-01-02,0.03637751812978962,0.017083201253448532,0.019140229391632957
2020-01-03,0.016396013047314195,-0.00817666043724552,-0.007389651214295689
2020-01-06,-0.018023352706689977,0.01175331845267058,-0.005951291509689316
2020-01-07,-0.017525092555380706,-0.0039024439769317354,0.007248428724827782
2020-01-08,-0.01559051622911678,-0.006210185018278747,0.0001851680405255962
2020-01-09,-0.016122538450521695,-0.0032840752011900065,-0.01323288343300133
2020-01-10,-0.0184177868016544,-0.004285485378548781,0.0011250704355698637
2020-01-13,0.010689109429996346,0.0019801986668626093,0.035711506920920844
2020-01-14,-0.0011500863832374364,-0.010939940038334317,0.006129458526952902
2020-01-15,-0.01770471438039234,-0.015113637810048264,-0.0032403268676102215
2020-01-16,0.014246497677435688,-0.0010157441198352934,-0.005242712903292368
2020-01-17,0.023114169283902086,0.011116840106339065,0.03263194055021046
2020-01-20,-0.019655952580945435,0.005012541823544492,0.006295928456814703
2020-01-21,-0.0339412334280329,-0.012747572822502828,-0.023459934714171293
2020-01-22,0.0035650661644961446,-0.011203648000010613,0.004807273568451453
2020-01-23,0.026051524513598157,0.010528200490372619,-0.014311514393256175
2020-01-24,-0.007540638978894343,-0.010186845306992875,-0.03110955358464995
2020-01-27,-0.023267137069352906,-0.044312150846324894,-0.0631021306877777
2020-01-28,0.0011911853701529473,0.027100021965203336,0.013568195565500929
2020-01-29,-0.014388737452099676,0.0017346058122083008,-0.008827914123565428
2020-01-30,0.009914457057178971,0.003114728249228982,0.014670189747794105
2020-01-31,-0.01688312637327183,-0.017076560630997495,-0.024173329965206936
2020-02-03,0.006364622182051249,-0.00953565410180568,0.012650890209760846
2020-02-04,-0.019447134935521415,0.01584261263948905,0.02636322481058606
2020-02-05,0.019150794734804855,-0.008418148625143562,0.01368062377984014
2020-02-06,-0.01162630475618931,0.02744657260975991,0.005457809727463125
2020-02-07,0.01132987671192609,-0.00860442410659612,-0.022396077472812692
2020-02-10,0.010616437076252705,0.006889451983299821,-0.037349145092478775
2020-02-11,0.00876173829436322,0.011943496349792415,0.03638899139413532
2020-02-12,-0.01346624564803589,0.02180928582107411,0.019407001778825705
2020-02-13,-0.019342962843130973,-0.013701133292651768,-0.017679388334447932
2020-02-14,-0.022793875467747693,-0.010145504676266626,-0.022106775781029597
2020-02-17,-0.008334667788197248,-0.0020415114269769497,0.04617236162735283
2020-02-18,0.0015603061364948267,0.013195928245324229,-0.011486803639463083
2020-02-19,0.014241726780196196,0.02653555362596549,0.00018937600662605192
2020-02-20,-0.014553593303852974,-0.020837532511327694,-0.011618071830248766
2020-02-21,-0.007828441420354437,-0.02641535233921788,-0.040462863613180744
2020-02-26,-0.05525553400622263,-0.1059707834317436,-0.10020945471426668
2020-02-27,-0.004328290426258263,-0.03533662160184048,-0.01959537203854067
2020-02-28,0.01851292541821481,0.0015797791595182353,-0.003604419311206808
2020-03-02,0.013340038398133913,0.045891993256655494,0.04522663326015275
2020-03-03,-0.015810606026642304,-0.01825839995027234,-0.00021572645968648274
2020-03-04,0.010896591224212937,0.03173670208139745,0.04678476434578904
2020-03-05,-0.03339208405831018,-0.06134540959889967,-0.036055047673221985
2020-03-06,-0.02893760303557702,-0.10233360014016979,-0.048992959544257975
2020-03-09,-0.07472655937407069,-0.3523666109656791,-0.16485561049523545
2020-03-10,0.023819510956431422,0.08991473863094557,0.1693288901531136
2020-03-11,-0.08437351379751856,-0.10245408788368082,-0.09522091799939192
2020-03-12,-0.14393229086858028,-0.22947268636585738,-0.1419120184560776
2020-03-13,0.15586560670359306,0.20067069546215133,0.19357343359138923
2020-03-16,-0.1540188841104282,-0.16251892949777513,-0.09428506438907958
2020-03-17,0.0772001815981258,-0.006899222460271748,0.0613476005200555
2020-03-18,-0.12393986641211985,-0.14103197929996614,-0.07138758703151638
2020-03-19,0.002895754919255644,0.07833790996104262,-0.059978000390735975
2020-03-20,-0.07555480143914695,-0.017348638334612865,-0.03380682330920104
2020-03-23,-0.08512315890595534,-0.04255961441879608,-0.03146456704402256
2020-03-24,0.1402293413086504,0.1416505170630269,0.09876993042770765
2020-03-25,0.07210329390134396,0.07765960910026837,0.0818395065888331
2020-03-26,0.020834086902842053,0.004876359366776883,0.027762796977356174
2020-03-27,-0.06720155887181489,-0.07876948567156838,-0.046293283970844534
2020-03-30,0.03068449370701254,0.00599701947237441,0.040802044196560416
2020-03-31,-0.035008305391618144,0.04458173397730736,0.03412497256965574
2020-04-01,-0.04480197927099416,0.0219167485884717,0.0034646067685351056
2020-04-02,0.005025136202672975,0.0812254399225858,-0.013697254193015151
2020-04-03,-0.03779816655540724,-0.011021181249337264,-0.05476872954176626
2020-04-06,0.0905190129341431,0.027645605035836907,0.0629168365472581
2020-04-07,0.03687699069031636,0.039171933855205676,0.014958281434965137
2020-04-08,0.02623397845606945,0.05458056830413649,-0.006186295362128114
2020-04-09,-0.0004465282503307577,-0.02929324858948723,-0.005300162194362468
2020-04-13,0.025574586090343132,0.006518541600242012,0.029370352420238444
2020-04-14,-0.018306073273387735,-0.01188368114631122,-0.0008978676248534434
2020-04-15,-0.0293219757158667,-0.021142436573809542,-0.03055413236100124
2020-04-16,-0.02619373871663866,-0.04112729142386273,-0.010005900815765578
2020-04-17,0.01934104425459804,0.025747105136056936,0.02858654776141689
2020-04-20,-0.0329535559383789,-0.011222062906263819,-0.03562717764315115
2020-04-22,-0.0035596274555733665,0.04893942904022186,0.0103093696588612
2020-04-23,-0.014366588812578573,0.011869575555383705,0.014118970798617347
2020-04-24,-0.08124929232392786,-0.060809004595605565,0.00572936138113711
2020-04-27,0.02873125804048149,0.030866647980527295,0.01789199580309253
2020-04-28,0.08405676223537917,0.047486666265987854,0.0013458952233551535
2020-04-29,0.03299979318563828,0.053609450605381026,0.04642830757216121
2020-04-30,-0.07492822498670737,-0.008275909303859796,-0.040839827620272384
2020-05-04,-0.04540165577927935,-0.03782556494164413,-0.020949071104374273
2020-05-05,-0.010869672236903938,0.03171273679340425,-0.005249355886143281
2020-05-06,-0.020983652300590627,-0.03748309325474031,0.014313546655417397
2020-05-07,-0.043919233934835766,0.009216655104923754,0.03806611394435366
2020-05-08,0.043919233934835766,0.05792264773270461,0.05902661578747592
2020-05-11,-0.015181624167479146,-0.018018505502678472,-0.02319424747098653
2020-05-12,-0.031657319870691314,-0.000551116023869147,-0.005672880010187509
2020-05-13,-0.008810629682154847,-0.030788885937523824,0.0225009492908379
2020-05-14,0.05341493591890867,-0.01086035252898343,-0.009313945008884161
2020-05-15,-0.044019681841266145,-0.014472032608534358,-0.0008321198732699209
2020-05-18,0.05126407128376309,0.07793238652576018,0.06466858551962362
2020-05-19,-0.02986978896047532,0.0075228726629874565,0.022758937959574066
2020-05-20,0.01024482494842438,0.03265166311014345,0.0011435107020791868
2020-05-21,0.05400761408163124,-0.00571578589123134,-0.026441760505670597
2020-05-22,0.005883943158974336,-0.027471352465977317,-0.016962931387423996
2020-05-25,0.06853054240710899,0.04247034066075761,-0.003387469613664429
2020-05-26,-0.044293318043063135,0.009706334186578847,-0.018127384592556695
2020-05-27,0.017032669834171177,0.01313150182373568,0.028848154337658194
2020-05-28,-0.02277531156205237,-0.008060497042177817,-0.010920390466395258
2020-05-29,-0.007884403524148986,0.028423753437888166,0.05647052618259618
2020-06-01,0.043878006172054285,-0.0004917629801586276,0.007893294129693196
2020-06-02,0.02448702172755679,0.05129329438755059,0.0
2020-06-03,0.04354687083303865,0.0032656898628837805,0.004482637315663229
2020-06-04,0.014256392295739051,-0.0018648024052039247,0.03659391110026666
2020-06-05,0.018100041643618336,0.03078579903822165,-0.019044739933682386
2020-06-08,0.051136331396858914,0.019270145920445847,0.003108147670869865
2020-06-09,-0.02240507335637787,-0.036614259378418446,0.0038261866847908443
2020-06-10,-0.047744958952773864,-0.014842573037928908,-0.014470442074122403
2020-06-12,-0.011491737588813056,-0.03809984623227036,-0.014870162479451388
2020-06-15,-0.022441334472680374,0.004842624475787982,0.008948605576013957
2020-06-16,0.040765255321964844,0.03185436905973282,0.02763972050284913
2020-06-17,0.01576254206952754,0.003270266871545191,0.014517684854633117
2020-06-18,-0.0035810244177061357,0.0074349784875180625,-0.0005339503553041247
2020-06-19,0.002686969820825169,-0.006036702799429916,-0.017963479260001858
2020-06-22,-0.03550668845690996,-0.024517965522542706,-0.0030861420518686344
2020-06-23,-0.0013911432802315993,0.032866808080351806,0.01067014373290709
2020-06-24,-0.033021868304946356,-0.030483016725075585,-0.0036042569203655894
2020-06-25,0.02369779142982331,0.022134174167266485,0.010952618690136973
2020-06-26,-0.03140124791718213,-0.029782395005523377,-0.006808841929330622
2020-06-29,0.03420761084413959,0.038593024687678223,0.00017977528138324317
2020-06-30,-0.03372440233026808,-0.00509142502308757,0.005199473838352731
2020-07-01,0.02197890671877545,0.0073971673404436,-0.024987720508112155
2020-07-02,-0.019146043634471255,0.015993029935156056,0.017268446920367442
2020-07-03,0.006578971098042619,-0.00363306484988124,-0.004153504842539402
2020-07-06,0.05910811225440904,0.023826705943165605,0.023429489859793762
2020-07-07,-0.042386868038842174,-0.012516926942535589,-0.003541707261580651
2020-07-08,0.03351763029806243,0.018717123952937564,0.016712500866487456
2020-07-09,-0.0225234746670826,-0.02277392464855188,-0.015825897386120946
2020-07-10,0.01447334174809578,0.016573727638149904,0.00970110791845391
2020-07-13,-0.014017864627946519,-0.015670793039557873,0.011865433222763677
2020-07-14,0.016708449210736553,0.03284804868111091,0.0678936841962745
2020-07-15,0.016433858635290566,0.019031716298216095,0.0014576081615458314
2020-07-16,-0.01777824602128364,-0.026923033005459507,-0.027398974188114433
2020-07-17,0.004920609346762639,0.0008798944694394795,0.015186822091427743
2020-07-20,0.009327182875138451,0.0,-0.003939598004080391
2020-07-21,0.026610076094343516,0.027327660228376738,-0.018257768573564537
2020-07-22,-0.01736908624061373,-0.013787379108109121,-0.007735030998958337
2020-07-23,-0.014560151331329596,-0.025805061875350033,-0.006605155693312437
2020-07-24,0.006202944124607868,0.007064047035007626,-0.004257137123318877
2020-07-27,0.044912556680822835,0.020466640807812242,0.046186419818038615
2020-07-28,-0.006779686985379119,-0.01739174271186905,-0.01692588267009043
2020-07-29,0.030977780485478057,0.01609780248388981,0.04234552675944103
2020-07-30,-0.03566562201308443,-0.015220994010355371,-0.027050433752792813
2020-07-31,-0.04231820084832405,-0.027545055555695974,-0.0091818975952207
2020-08-03,-0.010752791776261983,-0.018182319083190235,-0.007439895440187527
2020-08-04,-0.009622067364062126,-0.0009178522902288933,0.007275164363297559
2020-08-05,0.004593485339190018,0.06229772040679116,0.02425051705034509
2020-08-06,0.006850905991594214,0.0017241383581396708,-0.005805531545320264
2020-08-07,-0.005934735519814716,-0.018692133012152334,-0.022572106509676004
2020-08-10,0.008662009937547843,0.028548651634695332,0.0285384226843326
2020-08-11,-0.008204239272652458,-0.015904053252389527,-0.03135462598683958
2020-08-12,-0.009195467093100707,0.017182553319996963,0.020036801054177378
2020-08-13,-0.021004272770531962,-0.027635610172086267,-0.018876227268931345
2020-08-14,0.0014140940371980548,-0.007470920268371817,0.01643422361337965
2020-08-17,-0.029638880812797197,-0.003092558241197363,0.014242027424206327
2020-08-18,0.010617860370512933,0.018413497015496327,0.013249455535788268
2020-08-19,-0.0038480085961731803,-0.005663269329261311,-0.010681647994219556
2020-08-20,-0.0024125464053841306,-0.00701449610002336,0.00893575436766092
2020-08-21,0.0,-0.007507211234593969,-0.011985760745222063
2020-08-24,0.022451384875450398,0.018010590071148913,0.012144604364013656
2020-08-25,0.0,-0.004363008666317114,-0.02151311094062569
2020-08-26,-0.02100315869908531,-0.028833223823205856,0.0021074823395643705
2020-08-27,0.014843461421820692,-0.0031552877203393503,-0.015668673747455397
2020-08-28,0.020231224021180605,0.017454012120485585,0.00508656441691846
2020-08-31,-0.03459240908930861,-0.029261597076858603,-0.023514910282044
2020-09-01,0.020048404188717672,0.043796096499918225,0.034258949821015516
2020-09-02,-0.008017020067327518,-0.0030654720742946395,-0.007149851712907385
2020-09-03,0.03854668068311984,0.003502630551201813,-0.03315953673388217
2020-09-04,0.0009107468753382086,0.001746725334941912,0.019531544849091365
2020-09-08,-0.016059074185456268,-0.02921854599914009,-0.020374786319075966
2020-09-09,-0.00277906617026602,0.020894292017053173,0.012241286422353781
2020-09-10,-0.03348579779598593,-0.027203461210317803,-0.02480511891897086
2020-09-11,-0.0188821877213301,-0.010909199100353817,0.056788164772021865
2020-09-14,0.011661939747842798,-0.009182800982334927,-0.0006458905440109852
2020-09-15,-0.010684900100016215,-0.00046136102317761996,0.011083560574912
2020-09-16,0.0019512201312616995,0.0027649787200705322,-0.026383338186327876
2020-09-17,0.002433683362297323,0.019143702222806258,0.01804193595523884
2020-09-18,-0.024109408841337387,-0.022832042042645773,-0.006788453416959328
2020-09-21,-0.01505296862896266,-0.03525629547773357,-0.027290860235903658
2020-09-22,0.006048405535880708,-0.004796172263492826,-0.005692124036345003
2020-09-23,-0.023901468341097853,-0.027786335527618222,0.022069153317667567
2020-09-24,0.018863674311140777,0.008368249670516414,-0.007472860862747233
2020-09-25,-0.001010611505923631,-0.013323661198470615,0.010007716465935346
2020-09-28,-0.0030379770200767986,-0.025152231363330335,-0.007964119024469252
2020-09-29,-0.02412228844069597,-0.016435911847946683,-0.0073423022582064235
2020-09-30,0.008277336447125805,0.015416543767831747,0.012940756103713369
2020-10-01,0.004626068388782212,0.012164366924944714,-0.004238372030951343
2020-10-02,0.011779905745401109,-0.0427129500159551,-0.009216655104923976
2020-10-05,0.014155949230132414,0.05174009256048273,0.021542687058484944
2020-10-06,-0.003520245023252766,-0.005005015453023898,-0.016411839476141665
2020-10-07,-0.010635704206879648,-0.007049374610228698,0.026097953949514086
2020-10-08,0.05014701648072162,0.032317005721029135,0.01844280826538025
2020-10-09,0.004348883394339698,-0.03181182763501411,0.005045173041833717
2020-10-13,0.005769246771245129,0.016529301951210496,0.008728033425427384
2020-10-14,0.0009583134418114092,-0.00798009222397611,0.01374482242663122
2020-10-15,-0.006727560213056538,-0.011077656080592968,-0.008448284886054314
2020-10-16,-0.019966575161125988,-0.02149519812689138,-0.003688561635342147
2020-10-19,0.01367876726211259,0.009781287764706992,-0.004670271794984693
2020-10-20,0.04227654023124927,0.033252433940516246,-0.0017772037959851161
2020-10-21,0.010180559932117639,-0.000991571722294804,0.016200530757089826
2020-10-22,0.045012098787216015,0.03317377368199814,0.003969834510911152
2020-10-23,-0.004411123164976605,-0.01304051322030042,0.005531424613229419
2020-10-26,0.012302439872219573,-0.01567891011231759,-0.015085637418041031
2020-10-27,-0.028345564712795035,-0.01844059232412021,0.00047988483685079686
2020-10-28,-0.058268908123976004,-0.06279624367479641,-0.036977907877051575
2020-10-29,-0.010050335853501124,0.03266886936400626,0.028788379970147826
2020-10-30,-0.030771658666753687,-0.01831073915970549,-0.023987443673201714
2020-11-03,0.03365350504164244,0.03680125055733785,0.04504757111139268
2020-11-04,-0.02483413203773832,0.003556010859219194,-0.02817989861413972
2020-11-05,0.01535538808319492,0.008583743691391588,0.015629094416566236
2020-11-06,-0.0023837913552764434,-0.007063601518749962,0.010179823872443539
2020-11-09,0.09074346533307809,0.09000267917166371,0.0
2020-11-10,0.06252035698133396,0.06581027112110416,-0.00047487139792279365
2020-11-11,-0.004103411584592376,-0.008703275128301824,0.006942280958635472
2020-11-12,-0.040273899137940106,-0.043320012904221716,-0.014730606109492506
2020-11-13,0.03491416666190972,0.03233330603807061,0.009212263371045637
2020-11-16,0.04288683109943303,0.028747624250803794,0.02606061503876056
2020-11-17,0.0059230183031218075,0.017028934274444518,0.03108901527556851
2020-11-18,-0.03119005326818325,-0.005927197708267329,-0.007794972762704244
2020-11-19,0.0008120179090114199,0.011399743464727274,0.01893177210568009
2020-11-20,-0.011018271028204296,-0.007162448989212145,0.010575891759057932
2020-11-23,0.004503590007010505,0.05950473119979627,0.040798616105544916
2020-11-24,0.04395433850657149,0.04365463219781529,0.04806181985089397
2020-11-25,-0.012984640429327676,0.0011435107020791868,0.009314771274547606
2020-11-26,-0.016370898656091093,-0.016516603619136205,0.014072698870053024
2020-11-27,-0.008084118399958928,-0.012470933254115968,0.02412864620311339
2020-11-30,-0.013894788318816076,-0.023810648693718628,-0.0056251746385536094
2020-12-01,0.05445700884098725,0.02772454801485491,0.04082199452025481
2020-12-02,0.0007719027785819677,0.01203664308850172,-0.017506189206637934
2020-12-03,-0.013204075333377308,0.02778485109816975,-0.011083236877982738
2020-12-04,0.008563695776875324,0.032862473482327736,0.037533919950965444
2020-12-07,0.006567533747085186,-0.019439453150186914,0.011762701560261934
2020-12-08,-0.01200866648716703,-0.012672551253766429,-0.0006029544952039778
2020-12-09,0.002724267106162692,0.01044785623165545,-0.00241546011160354
2020-12-10,0.04037105726286461,0.032143015513078854,0.02743165446067053
2020-12-11,-0.007869630271418071,-0.009026961459591476,-0.0016484167161374685
2020-12-14,-0.005281038301613972,0.001811922945440525,-0.015557584732776242
2020-12-15,0.0,0.008292818392146906,0.011306279321725565
2020-12-16,0.022439236191277967,0.01213433875272818,0.020150634955860447
2020-12-17,0.004796172263493048,0.0017721074990202368,0.011302161595945215
2020-12-18,0.0018385737850632466,-0.004969836285341422,0.006857169726137258
2020-12-21,-0.024545672615086556,-0.0391922438076473,-0.01076387353439534
2020-12-22,0.02012740327742213,0.00957650044320868,0.0009205984539701895
2020-12-23,0.022620446436047104,0.024263366625846938,0.004819286435949088
2020-12-28,0.0096931292056599,0.0081953068694256,-0.0005725081738789939
2020-12-29,-0.010478867340780962,0.0031886652349650824,-0.0027526109821920386
2020-12-30,-0.014267664747793063,0.002473062557035277,0.004354808624086992
2021-01-04,-0.02650892579052533,0.019913321765720582,0.04483451676529793
2021-01-05,0.0019065782705816048,0.03834227086767905,0.01669777492334701
2021-01-06,0.030760114588577192,0.0009981701045038704,0.027677923944098737
2021-01-07,0.02804773184000897,0.03045920748470854,0.06782774017323279
2021-01-08,-0.008658062743114758,0.0038634948250448886,-0.003132343986316677
2021-01-11,-0.017913109212529754,-0.008389852375176421,-0.00019609765726080752
2021-01-12,-0.0007380074135707737,-0.007480926090330797,-0.027739512869107585
2021-01-13,-0.01525043504958079,-0.049525008048182606,-0.03039996648659482
2021-01-14,0.030271783625102966,0.010238997301094344,0.01628734076946392
2021-01-15,-0.02802543299872884,-0.04621284315513163,-0.04442852432067301
2021-01-18,0.0033600927637360556,-0.001779676568673061,0.008091175835695186
2021-01-19,-0.016156654285262473,0.02184723961948265,-0.0026543520388915276
2021-01-20,-0.021053409197832273,-0.01687210497936853,-0.018672073757112884
2021-01-21,-0.014416770250475608,-0.023673989414981556,0.01120218521851113
2021-01-22,-0.018618085814434693,-0.01683787950191995,-0.0020372065159670605
2021-01-26,-0.024282860484658997,-0.0033277900926744763,-0.015358294527653804
2021-01-27,0.015850768766067613,0.01397595385597361,-0.028186447348716115
2021-01-28,0.029010578082456107,0.013783315778300942,0.02107676467994901
2021-01-29,-0.03143286428905068,-0.03930717222217073,-0.035189333082345176
2021-02-01,0.020404788757026893,0.03098735573808309,0.03705367534521864
2021-02-02,-0.018920548655933178,0.04022610324550957,-0.04035645153812295
2021-02-03,0.004763804165868191,0.006607570554082898,0.03111037576172615
2021-02-04,0.029654923739191208,-0.0010404023827326192,-0.01268657122326422
2021-02-05,-0.0053970832626224485,0.006915656884665999,0.03737109235861613
2021-02-08,-0.021489398921962,-0.0318598625376012,0.014140567702718432
2021-02-09,0.005121145720555997,-0.020485891617931795,0.002549666737660772
2021-02-10,-0.011062933849307122,0.009396527396082544,0.004763173863912229
2021-02-11,0.0011911853701529473,0.01002155846101882,-0.017039815909011047
2021-02-12,0.0,0.012739025777429802,0.008449699987434833
2021-02-17,-0.0007939659011761968,0.03963986147707832,0.02586351058991898
2021-02-18,-0.004406175764676501,-0.010873365708323757,0.010838815788114076
2021-02-19,-0.008466085640157495,-0.0685781007638182,0.0037915708690903216
2021-02-22,-0.06783680199403275,-0.24226035456595052,-0.02506344947115169
2021-02-23,0.04655940354674826,0.11482606517250682,0.016641049642232897
2021-02-24,-0.00705543495348504,0.014032421752623314,0.010057556044042126
2021-02-25,-0.02402644552434996,-0.050861981031715686,-0.022930151524887865
2021-02-26,-0.018949748779661935,-0.04182868188505884,-0.012511333889107856
2021-03-01,-0.033601746546768396,-0.010850016024065656,0.04195550335864029
2021-03-02,0.04572737463888643,-0.00045464879164613947,0.030276579467034104
2021-03-03,0.00872605885980704,-0.037058432286461995,-0.012379459902034817
2021-03-04,0.03793337817649656,0.047463411931276234,-0.014959367363533538
2021-03-05,0.04617776476166435,0.007621646399179616,0.0563428129345418
2021-03-08,-0.03619016613331594,-0.05934139012864259,-0.00540325509087225
2021-03-09,0.008247469430016974,0.022957204044695034,-0.010083780110289986
2021-03-10,0.016697598287796822,0.03414854911433873,-0.015524773045625828
2021-03-11,0.017217642548123635,0.04164529025519492,0.025909501144343317
2021-03-12,-0.00677158532575417,-0.005165745451964687,-0.02333946631930317
2021-03-15,0.013891868572425636,0.020504776493657006,-0.0059726261369412725
2021-03-16,-0.016693551413663243,-0.015768492074704765,-0.0032069545925033083
2021-03-17,0.0408380264558712,0.033786997577383016,0.014299919617419832
2021-03-18,0.01830016758561115,-0.03550668845690974,-0.017933078749567066
2021-03-19,0.010148555434787543,0.032178898364235264,-0.014455054247455301
2021-03-22,-0.005249355886143725,-0.02020270731751972,-0.016703404466376526
2021-03-23,-0.01096212073545244,-0.031090587070030873,-0.023336382166429637
2021-03-24,-0.010315277711832493,0.0008768084735344406,0.02269246714096118
2021-03-25,0.02202899562659688,0.01651493423833461,-0.007651311641417635
2021-03-26,0.0067390745498454585,0.011144564553065228,0.03288054887573688
2021-03-29,0.004096077222003558,0.01564844788532116,0.025323041928512424
2021-03-30,0.016584128015534993,0.0,-0.009331008486293868
2021-03-31,-0.021800235222088293,0.011266549385958724,0.009228941632415832
2021-04-01,-0.037295037639007766,-0.008751879158891196,-0.005937773383442924
2021-04-05,-0.004220224947669937,0.006259148329288644,0.05978470962549398
2021-04-06,-0.015888727975043704,-0.0008322930151694052,-0.013045356342748171
2021-04-07,-0.010997754209541188,-0.0008329863038916141,0.02429818006011253
2021-04-08,-0.003164559602963468,-0.012578782206860373,-0.0005739979111005766
2021-04-09,-0.0015860431556347088,-0.0021119332031434013,-0.014458083175229675
2021-04-12,0.02042490485204107,-0.0029258119095305624,0.003875973844692737
2021-04-13,-0.00859044720503821,0.0033430871085746716,0.0017392989214162213
2021-04-14,0.011696039763191557,0.015728801082305788,0.03248457346616096
2021-04-15,0.0,-0.026075424774681277,0.011244949121651082
2021-04-16,0.01156082240107592,-0.006081686859850111,0.004241983491202639
2021-04-19,-0.010947477755185009,0.056335029684743576,-0.008687670168658457
2021-04-20,-0.01535866367869776,-0.019127402264143667,-0.014680706882149508
2021-04-22,-0.0069025295627707095,-0.0046286638498398425,0.0006591647679705659
2021-04-23,0.018443585211523228,-0.000843881906619881,0.016432075452746275
2021-04-26,0.0008496177231558377,0.003791873091941733,0.005356495999091493
2021-04-27,-0.008957193604016922,-0.029012273734887906,0.014175554030646076
2021-04-28,0.04850449069227114,0.03571808260207909,0.016213650082819164
2021-04-29,-0.030248836178578653,-0.013456889360610846,0.0002680126875382882
2021-04-30,0.0033599359622478175,0.0,-0.026520991408628625
2021-05-03,0.029334885944591438,-0.008076558249511923,-0.005149910223220644
2021-05-04,-0.04115807249350745,-0.023317118555229,0.015007602315719737
2021-05-05,0.0016792615197198657,0.04024515714617527,0.0055251261427411436
2021-05-06,0.005020931050099708,-0.013944869960537343,0.0384526466099997
2021-05-07,0.004164937299284244,0.0367627029030122,0.003470719319129678
2021-05-10,0.023820428118786374,0.013040119580805865,-0.006604699424073601
2021-05-11,-0.001624695727001857,0.01805465291181685,0.03453494304263938
2021-05-12,-0.020534602441708127,-0.014821020344751856,-0.03767877586519219
2021-05-13,0.02297065723958891,0.008438868645864517,-0.016224674749143908
2021-05-14,0.009283618643302738,0.0503324487695489,-0.017305968785374937
2021-05-17,0.004409708488700037,0.014356121134152744,0.025891991879061216
2021-05-18,0.01587334915629013,-0.011696039763191113,0.009997452382218164
2021-05-19,0.006670615278604242,-0.007619084476439664,-0.020719277658275637
2021-05-20,0.009342224427427048,-0.008448590960358882,-0.010207825026445683
2021-05-21,0.004638585820050611,0.0007710100613249615,-0.01550981160803655
2021-05-24,-0.0027032262068615864,0.016813540903334978,0.00346747313386242
2021-05-25,-0.005039747050058718,-0.021061471600831716,-0.025182348086051576
2021-05-26,0.022671480163463986,0.009628420234236046,0.029000881683121982
2021-05-27,0.00606062461169099,-0.006923104574618311,0.007143210445073933
2021-05-28,0.002263297835253919,0.04083743245589444,0.005391333033721857
2021-05-31,-0.002263297835253919,-0.004456004402513258,0.028185812482607098
2021-06-01,0.02240571697526672,0.015509912092847244,-0.013861086911133746
2021-06-02,0.04064420093813492,0.027824739954067645,0.014035318116382811
2021-06-04,-0.0010674258263119185,0.015559012600289801,-0.016689012729849573
2021-06-07,0.012382963818887927,-0.007395701961129042,-0.009790910434617217
2021-06-08,-0.007057192309998683,0.012994037086550225,-0.016958732246959762
2021-06-09,-0.004969836285341422,0.0,0.02053016461455659
2021-06-10,0.0017777782459993396,0.0006975933313935201,-0.00330313204849908
2021-06-11,-0.003915292419309768,-0.0038427994887375583,0.02219660479572827
2021-06-14,-0.004288784272217683,0.00628055100067737,-0.00543717905302632
2021-06-15,0.000716075934644067,0.009692010793179495,-0.019714695882624866
2021-06-16,0.004998225328794348,0.003782022730519863,-0.03050543850110632
2021-06-17,-0.004282661792000653,-0.03527517826529314,-0.02102389979170649
2021-06-18,-0.012959144642505471,0.0067316463237534485,0.029677977002304345
2021-06-21,0.0025330210757306126,0.022001935193485256,0.009306636515834299
2021-06-22,-0.018603491108339476,0.005167970158442614,0.011647461367684464
2021-06-23,-0.004428051515732001,0.006849341845574841,0.014879768453969433
2021-06-24,0.007369230106548219,0.011874609420712723,-0.006195306010801538
2021-06-25,-0.03170133076607895,-0.018723951266287564,0.012263502393416559
2021-06-28,-0.00493828164058252,-0.0017196908795265031,-0.01614384837135674
2021-06-29,-0.006111554546002207,0.004465059796719295,0.017122017494746622
2021-06-30,-0.014277688034995073,0.008531019150741947,0.006555657780162427
2021-07-01,-0.012514828961580182,-0.012651904103244682,-0.017548216747956147
2021-07-02,0.015113637810048264,0.004120884952502735,0.02045788683409988
2021-07-05,-0.014685717396713649,-0.011373550140530764,-0.0036163214714370895
2021-07-06,-0.012472501255596402,-0.04176119915527421,0.005287753573774978
2021-07-07,0.00726102423704722,0.0136398381698708,0.002896390316404762
2021-07-08,-0.01172441164287763,-0.020166329791551085,-0.0038637209990541876
2021-07-12,0.0249008849717276,0.008692557450532323,0.012329102966392114
2021-07-13,-0.0007936508353099114,0.006111829199633156,0.005892054130976376
2021-07-14,0.004357305368955622,-0.008277895028485194,-0.005457630387231127
2021-07-15,-0.015133701814221912,-0.02155334575476031,0.003122292215621769
2021-07-16,-0.02231782628213752,-0.014881226996651176,-0.018175963501082748
2021-07-19,-0.014882457403952998,-0.016629256971534723,-0.010994968007372208
2021-07-20,0.015292713819963222,0.013250241179040056,0.008345959835795114
2021-07-21,0.00041008817470356007,0.013819080789177818,0.011428695823623158
2021-07-22,-0.00782057906518796,-0.0022279994363127997,0.00261894518962702
2021-07-23,-0.010384309305716766,-0.0059657149339962245,-0.005069497790025856
2021-07-26,0.008316056241657765,0.02693392843338538,0.02149874757109327
2021-07-27,0.007836707460799452,-0.011717453727238425,-0.020973123380279013
2021-07-28,0.02314824171470775,0.0204163124949428,0.02695860512331638
2021-07-29,-0.009681398732823698,0.0036023093709864895,-0.014858348672079913
2021-07-30,-0.01717131315777287,-0.032897703507059006,-0.0607327872230794
2021-08-02,0.006166514915663779,-0.01875523842977378,0.0015618543300837118
2021-08-03,-0.00731413256592095,0.016523094645833236,0.033491418315378496
2021-08-04,-0.04461861617572227,-0.021457627338464125,-0.0010659087880764417
2021-08-05,-0.010718216220024335,0.07581883655735133,-0.031049425644268602
2021-08-06,0.02174462140505007,0.0014099403111185183,0.005667809303797178
2021-08-09,-0.00042185193622845674,-0.007069665358858224,-0.006309746140917838
2021-08-10,-0.014449890181059466,0.0031875359023505467,0.009586050491345866
2021-08-11,0.003845336932262189,0.013696438866906302,-0.007203788048959048
2021-08-12,-0.014172451088111604,0.014886894282168495,-0.0006408202718493072
2021-08-13,0.004746502978140832,0.008554372096658991,-0.00827590930385913
2021-08-16,-0.008212710954627056,-0.024488204181660755,0.004606180414897132
2021-08-17,-0.003913899321136505,0.007054048184875317,-0.01668249995993598
2021-08-18,-0.006557400546158831,-0.008918676731838993,-0.034127165265022796
2021-08-19,-0.0021953905634357618,-0.005614837884329038,-0.05874673234985561
2021-08-20,-0.0057306747089849175,-0.0015026298845350894,0.00041013022209224204
2021-08-23,0.007048487331061892,0.01566611674439944,-0.013935709397459028
2021-08-24,0.02599799802488567,0.02051353983310289,0.03583661516903991
2021-08-25,0.0017094021256491843,0.005423987262531238,-0.0021083286761536257
2021-08-26,-0.019401341468564315,-0.008692557450532323,-0.012845976477769305
2021-08-27,0.012975960613193394,0.035730846332662214,0.024734822240745302
2021-08-30,-0.010801574020463889,-0.006691343860624865,-0.006376428897780784
2021-08-31,0.005631377238506374,-0.04001254600481241,-0.013787769368586389
2021-09-01,-0.001729356245953717,-0.005532007469616129,0.0017212579554692908
2021-09-02,-0.03180480087006643,-0.01640603538711005,-0.0031409925008087924
2021-09-03,-0.004949391430863148,-0.010202242279435225,0.0007101192284206803
2021-09-06,0.010320935232773998,0.00492518517859164,-0.01584333236716695
2021-09-08,-0.05931409700076484,-0.05795905439512783,-0.02103148836273583
2021-09-09,0.004254319817737606,0.02100334787269853,-0.003583855422301774
2021-09-10,-0.012339976235575811,-0.006294277271387649,0.0011608887378349309
2021-09-13,0.020326863888665336,0.03451961898578926,-0.0005275096392827194
2021-09-14,-0.00657279361589147,-0.013433324246082012,-0.007095608271910692
2021-09-15,-0.008989887845655797,0.017238503875518063,-0.02529328184964852
2021-09-16,-0.012915749981488034,-0.008773659179570181,-0.04241744577811479
2021-09-17,-0.036777864000946625,-0.04586341679318151,-0.020451080416972633
2021-09-20,-0.038182291460799433,-0.011294997046767286,-0.03352137298712066
2021-09-21,0.014425804005099963,0.02246384071112928,0.009675760847681403
2021-09-22,0.014724815425351867,0.025069859754609958,0.03492733699630124
2021-09-23,0.04339931553455534,0.03758271114904277,-0.0036683362874363468
2021-09-24,-0.022450918570744438,0.0022329745043121463,-0.015581413570614266
2021-09-27,0.029664222268571905,0.008882367798929813,0.014186447901503918
2021-09-28,-0.021308312259578965,-0.0066543683626165695,-0.05142688599819589
2021-09-29,0.017948577877741734,0.015823697230880285,0.012612181782688303
2021-09-30,0.0014412685656082225,-0.005858676589318268,0.005787966697620828
2021-10-01,0.024657484401753305,0.027885203489535382,-0.000524796653345927
2021-10-04,-0.019111905180277056,0.027823594448880495,-0.009361265541067088
2021-10-05,0.016742797225473005,0.021646610549207246,-0.00717897260292677
2021-10-06,0.007561472700576832,-0.026870373080846832,0.02776311464940484
2021-10-07,-0.025269520966245462,-0.0013976242666378091,0.029410123778605524
2021-10-08,0.0067372728373173985,0.01801850550267803,0.006155411684404033
2021-10-11,-0.01839354857161224,0.006844653689965785,0.021924455316638447
2021-10-13,-0.002935422851444436,0.010517484567023061,-0.030098031157279603
2021-10-14,-0.009352763229428351,0.001686056713705586,0.0
2021-10-15,0.051095450881118776,-0.002699056969164726,0.01851441426563083
2021-10-18,0.017237789975054874,-0.005080451232418959,-0.009464578745713048
2021-10-19,-0.031435851480347665,-0.05013232082557861,-0.011578281873276364
2021-10-20,0.029586567550643483,0.014179606594079353,-0.03333427480754603
2021-10-21,-0.016799275148368764,-0.0343750279105568,-0.01649440311421113
2021-10-22,-0.038374012881615016,-0.009884759232542173,0.01216624369187036
2021-10-25,0.015045175808876987,0.06619278123359784,0.01202000361654898
2021-10-26,-0.022899904459964482,-0.009688657103749332,-0.010706460803225681
2021-10-27,0.01321928674924111,-0.002436902859572765,-0.02297120192044
2021-10-28,-0.003410478336156153,0.009366937524242225,-0.010124959934727062
2021-10-29,-0.02921723052036196,-0.060862046408262316,-0.02876807017644234
2021-11-01,0.034085789309251435,0.027150989065950704,0.009865987065072357
2021-11-03,0.0004903162638072445,-0.04193868922033017,-0.07894863456094203
2021-11-04,-0.06846779927746072,-0.032169282933391496,-0.011437295481184773
2021-11-05,0.048165046939598444,-0.005785937067043889,-0.030114428042628205
2021-11-08,-0.023280403623720858,0.010390703453792227,0.05300762504975243
2021-11-09,-0.011846648977747787,0.019712541263957828,-0.024862745405333175
2021-11-10,0.05493948867552367,-0.007914117055990655,-0.003798530739203443
2021-11-11,0.004892377664444503,0.000756429688110849,0.03470804628316548
2021-11-12,0.009713529506643503,0.020210268725604497,0.004255013389196982
2021-11-16,-0.0014510280659592034,0.010320769827584009,-0.029267483039279618
2021-11-17,0.004346782985214848,-0.025628143572397732,-0.020255013641827357
2021-11-18,-0.00968530573446369,-0.0015060243810376406,-0.04194441907487789
2021-11-19,-0.0009737099114013326,-0.016717714575413822,0.02690887270995157
2021-11-22,-0.01719521610537944,0.009912395305658794,0.054108319581552156
2021-11-23,0.01914168873940314,0.05318831106228483,0.025994454284946844
2021-11-24,0.025439336817155045,0.020296228124168536,0.02294364982114061
2021-11-25,0.008024588730124904,0.043117560018892664,-0.006785437400127492
2021-11-26,-0.040782816475626316,-0.03959890754970674,-0.026737254638516283
2021-11-29,-0.007372852272610864,0.03452189545965734,0.012451297391039784
2021-11-30,-0.01791984238780353,-0.0013582345042220112,0.00645394854074377
2021-12-01,-0.004026175544400434,0.005759799084633421,0.003994869059438688
2021-12-02,0.030726630862076387,0.04951327463401345,0.04537377236985085
2021-12-03,-0.002886004889134597,0.014005831188919515,-0.022290411060428728
2021-12-06,0.02097312338027857,0.004509981625297588,0.052843504462930735
2021-12-07,-0.011862535309820288,0.01613768926817105,0.007363609867097054
2021-12-08,-0.006224583181323684,-0.0003406574722095712,-0.007495596932555859
2021-12-09,-0.025785909349099523,-0.002046385434463005,-0.007685210741791071
2021-12-10,-0.003950622422193462,0.012215964604092022,0.006232202098332973
2021-12-13,-0.01847742955880305,-0.006089328694130813,0.028794901947944762
2021-12-14,0.015007785433689413,-0.011947573421118296,-0.00012844390230215552
2021-12-15,0.0,0.0061622926945363865,-0.005667927063385481
2021-12-16,0.012336697295947552,0.01322277275264705,0.03839559368782908
2021-12-17,-0.028353055684521955,-0.023859345842104585,-0.01591412572110862
2021-12-20,-0.02090313172092273,-0.029048411643722627,-0.011305296655466979
2021-12-21,-0.010940458173183565,0.0014194466542263307,0.02597548640326064
2021-12-22,0.004703431717635542,-0.0014194466542263307,-0.005241494590838336
2021-12-23,0.0031233757822684005,0.006018782552583701,-0.00968134801327647
2021-12-27,0.011369631520298462,0.014716453400934526,-0.002530045625370292
2021-12-28,-0.003603607503298356,0.0010429342158619903,-0.027610100548024707
2021-12-29,-0.004652373343720484,-0.008374089410531305,0.005842275624228677
2021-12-30,-0.004674119130374521,-0.003158451476350521,0.009148958861505019
2022-01-03,0.024679915870568614,0.022246311934770446,0.0005129520502316076
2022-01-04,0.006079046076382433,0.003774236767125849,-0.011864983143426322
2022-01-05,-0.007095822981469269,-0.03946731890044486,0.009426114082673465
2022-01-06,0.014141649814671808,-0.0007127584050858893,0.01997648972608035
2022-01-07,0.014438886645962157,0.004623874501828773,0.05657035148839462
2022-01-10,0.003454234868087269,-0.006050917198516803,-0.01197619104671599
2022-01-11,0.001476741592513875,0.029201723144730796,0.018857224247744497
2022-01-12,-0.007405612714792564,0.03005690743281031,0.010818543898372557
2022-01-13,0.01768218957494927,0.019987340924612518,-0.0153214546944338
2022-01-14,0.015938516588697382,0.036591422372278526,0.005802609685226834
2022-01-17,0.005733412743432087,0.001588562685137962,-0.005208961701036685
2022-01-18,0.01794193549851464,0.004434597067865642,0.024156896999095512
2022-01-19,-0.012715028849035193,-0.004752107786519577,0.021774869039108857
2022-01-20,-0.0009483168088593175,0.007277361653713843,-0.017151117881606837
2022-01-21,-0.010491274100535186,0.001575051514777659,-0.02097734537779683
2022-01-24,0.020873623142752873,0.005649732542118979,-0.01232389101495146
2022-01-25,0.039130423775765255,0.032032304416945934,0.0022628485806501786
2022-01-26,0.0009025271370752819,0.026325181589190283,0.0028510354308393104
2022-01-27,0.004949391430863148,0.00029520295417340137,0.002251319156943321
2022-01-28,0.014260491219157068,-0.04035476799296189,-0.009872218150701162
2022-01-31,0.008810629682154847,-0.005856080843982259,-0.03391803890632117
2022-02-01,0.003502630551202035,0.01989354051957104,0.05344875381287251
2022-02-02,-0.009751850331174428,-0.014652276786870644,0.005610768664270349
2022-02-03,0.014592343830773125,-0.013934270974546248,-0.00046636353882423265
2022-02-04,0.006563138850776529,0.017311096900165523,0.025673429874523812
2022-02-07,-0.003494979529599096,-0.014819659921600614,0.024143556647745257
2022-02-08,-0.005705523487263164,-0.010003209389627177,0.013882990715791799
2022-02-09,-0.08973595596492956,0.0037629395295426527,0.00021881838161696976
2022-02-10,0.014340589928076408,0.01522004842366842,0.02655596468317345
2022-02-11,0.0033167526259942903,0.03988444048054385,-0.02044840943429449
2022-02-14,0.001418104704681955,-0.02276910826127576,-0.0043587297949656545
2022-02-15,0.0009442871334339742,-0.01588304617300329,-0.030154152518980126
2022-02-16,0.011728963922393643,0.013759581094795692,0.007289070680148946
2022-02-17,-0.011728963922393643,-0.003955580998174835,-0.04396940051068032
2022-02-18,0.005647073830318039,0.006079046076382433,0.002099370959999014
2022-02-21,-0.011800939404696287,0.025431437891803466,0.0008152332600817047
2022-02-22,-0.0038059037376783067,-0.003254922240461866,0.017197030649242606
2022-02-23,-0.004777839953713059,0.01412619134622517,-0.010583326667113369
2022-02-24,-0.030636969461889763,-0.024553814508484262,0.012298298790410556
2022-02-25,0.004926118336055829,0.01810407066059838,0.05273160154280365
2022-03-02,-0.010373024598187897,0.01951423508077088,0.0768366133532501
2022-03-03,0.02218478955049985,-0.012480208423391037,0.0005016303089888652
2022-03-04,-0.029188319927837103,-0.00029209873144742105,0.022512975408341518
2022-03-07,-0.02593585497553308,-0.07363616275596252,0.029948142324549565
2022-03-08,0.012797717538101328,0.02054227230031369,-0.04486715637878458
2022-03-09,0.06211952447770175,0.0030759790478946947,-0.016844276560075144
2022-03-10,-0.00623353732680032,0.034413296223976264,0.032484970357233856
2022-03-11,-0.004338401598598551,-0.03656548767730694,-0.005255306030961471
2022-03-14,0.007220247973487304,-0.019267221251763722,-0.055112411480913615
2022-03-15,-0.0024009615375382154,-0.02445730924405698,-0.029132037423408086
2022-03-16,0.014320053774748764,-0.008719577287129354,0.02398782425135959
2022-03-17,0.00378429969123939,-0.026957582445783057,0.03419413113137626
2022-03-18,-0.002363508545295101,0.01979609350504541,0.018804062649764752
2022-03-21,0.023387408337002036,0.036880883421613664,0.02791356191769445
2022-03-22,0.012405396857487538,-0.0044178045976090985,-0.022620072988399187
2022-03-23,-0.00641321483471291,0.013507351585352989,-0.0021762794225947957
2022-03-24,0.014598799421152275,0.01147833294085121,0.005380250950581811
2022-03-25,0.009017193650188826,-0.003708286078919265,-0.01748769454050425
2022-03-28,-0.004949391430863148,-0.021910109635744135,0.00115443157072459
2022-03-29,0.017881567201224247,0.021910109635744135,-0.008637997457972446
2022-03-30,-0.006222242297327263,0.02113725501187913,0.014181654770198726
2022-03-31,-0.009406564320633137,0.013847301333747453,-0.0028202870315503503
2022-04-01,-0.010859835236008752,-0.013241240709135571,0.014125702263648954
2022-04-04,-0.0036513048325037545,-0.009435467961893984,0.010056523953166696
2022-04-05,-0.028288461774874207,-0.009525344719969908,-0.029320929779876437
2022-04-06,-0.005187467421515102,-0.0009266409929469255,0.015026892380229029
2022-04-07,0.00424629088145112,0.050613211514882295,0.005989278539715315
2022-04-08,0.011236073266925661,0.004981695284340226,-0.020595693672079918
2022-04-11,-0.0013976242666378091,-0.007629144984808267,-0.012159811472154836
2022-04-12,-0.00889727246022387,-0.0029498546464212794,-0.006724687774169347
2022-04-13,0.01029489672686168,0.02104725457524914,0.00032125073896249745
2022-04-14,-0.0023304601551781268,-0.010497949123116523,-0.014124985501521081
2022-04-18,0.01757677072805164,-0.017745263190278582,-0.0166433273464186
2022-04-19,-0.0167219503224616,0.029824240310713623,-0.03242920918715164
2022-04-20,-0.0035833158382834185,0.004728141195946112,-0.02634772240518135
2022-04-22,-0.014463062027554763,-0.039774325487811346,-0.05971022735613207
2022-04-25,-0.006263068489562151,-0.014834621804677095,-0.01717587513597607
2022-04-26,-0.043880769026580335,-0.0016619581688144258,-0.013751171612824464
2022-04-27,0.005999472590225707,0.0,0.052081445253504555
2022-04-28,-0.009287146784417555,0.006631324035381692,0.024404649305184378
2022-04-29,-0.013259862788337795,0.0006607202090380682,-0.010866427301031933
2022-05-02,-0.0005563282480065546,-0.009956935894796182,-0.004452206379670365
2022-05-03,0.006106041730083334,0.008965691802398812,-0.005077994226943439
2022-05-04,0.0142859572474765,0.05842482922821279,-0.008398807815027887
2022-05-05,-0.03328094176549712,-0.0018726597232916475,-0.01825633533988613
2022-05-06,0.020653818185663475,0.032275738411106314,-0.007121024532138254
2022-05-09,0.014806960955254134,-0.02760064808211249,-0.04186211231980819
2022-05-10,0.009750889826409814,0.008668784936446627,-0.012497696049463602
2022-05-11,0.01710357032701504,0.034240581744731546,0.04085376526258111
2022-05-12,0.006339165443735251,0.007715171800673382,-0.01009012967018963
2022-05-13,0.011518451956271214,0.01292235309390044,-0.0011559952478634727
2022-05-16,0.016520768108122308,0.009872321760735492,0.029505147579159452
2022-05-17,0.020274389336115473,-0.013087288726883806,-0.004251600752235518
2022-05-18,-0.01873946961803208,-0.016529301951210496,-0.025639175728161767
2022-05-19,-0.007698267425752192,0.016821999158041834,0.02626554593342023
2022-05-20,0.013306235220048812,0.019131018250709175,0.017504015898559544
2022-05-23,0.016137516111340844,0.03858003445381586,0.02022239700799755
2022-05-24,0.020792828309444733,0.012739025777429802,0.01341658840922122
2022-05-25,-0.011332961896290517,0.01414006277381219,0.003088989031009959
2022-05-26,0.005436138912260358,0.00249298976108836,-0.0005932957753387313
2022-05-27,0.014191576568180153,-0.048790164169431716,0.01729760137290537
2022-05-30,-0.009765702611324478,-0.020136016197418005,0.010790845556238438
2022-05-31,0.005870858349783514,0.002331391563910934,-0.005090835939781435
2022-06-01,-0.018213646492662328,-0.001331558119512355,0.023274194723414077
2022-06-02,-0.011417349142810451,-0.008698616240424784,0.018637566532326844
2022-06-03,-0.006009031601621917,0.017322218604356898,-0.016147469037393947
2022-06-06,0.0010040161485984633,0.000660283946075424,0.0010168917886623774
2022-06-07,-0.00856644190498157,0.011811160928344666,0.02310757501014926
2022-06-08,-0.017871295138803145,-0.004904374715089865,-0.035036145875423585
2022-06-09,-0.0005153311116363746,-0.014526501728140406,-0.03441399822492475
2022-06-10,-0.01506130781710091,-0.01406587155670369,0.00023654642333870157
2022-06-13,-0.01476041558312069,-0.012899024739939868,-0.03220658076889382
2022-06-14,-0.010141533411615722,0.011211260626220465,-0.0019559908436672657
2022-06-15,0.006950041340972213,-0.017723708664696414,-0.0006120325792364767
2022-06-17,-0.015570784384879133,-0.06279771717970473,-0.05357076615356293
2022-06-20,0.026169717733384612,0.01128721249553255,-0.024983314961642744
2022-06-21,-0.012793351459909452,-0.020114044354936134,0.006600684031352166
2022-06-22,-0.004301081899390713,-0.002959676596296923,-0.008589415213826612
2022-06-23,-0.026755622753917407,-0.018699123745935076,-0.03717900324175405
2022-06-24,-0.008335697057352487,-0.0075786645421884735,0.027443645962261343
2022-06-27,0.01385447486129543,0.06230133049554576,0.044941079168429265
2022-06-28,-0.01441266633545979,0.012431344605089656,0.017778246021284083
2022-06-29,-0.017460314028514112,-0.008863734684814606,-0.00834180772512827
2022-06-30,-0.022989518224698635,-0.00535619920052488,-0.028711338112898055
2022-07-01,0.007529719908107246,0.02125478526832314,-0.019254188374609793
2022-07-04,-0.006400952899518586,0.02115563554165023,-0.005742153722478882
2022-07-05,0.002332362573355784,-0.03883643559036187,-0.004967453323896809
2022-07-06,-0.008187180234787483,-0.012926571377862572,0.009377161812596846
2022-07-07,0.020343625162649204,0.02885329274494053,0.028652242573162567
2022-07-08,0.0005752085289456588,0.01117330059812538,-0.023333081095562314
2022-07-11,-0.020331806965022015,-0.004872964741874597,-0.034679316784086645
2022-07-12,0.004099566502932195,-0.015117180134627706,0.0030161799668846356
2022-07-13,-0.02305748024754628,0.0007082153270516756,-0.0034281829940683295
2022-07-14,-0.022989518224698635,-0.027271155415295567,-0.06894381460548749
2022-07-15,0.00610130019617694,0.016952615188455145,0.006161991328549998
2022-07-18,0.012692826798418988,0.02263180046019775,0.005251653207811291
2022-07-19,0.035981469228829166,0.020076825268832366,0.002180074985961067
2022-07-20,-0.012828164254112373,-0.00034275921500936946,-0.021869221161349373
2022-07-21,0.013407370757417603,-0.005155536423588458,0.017358482338147407
2022-07-22,-0.012820688429061367,0.010625635533318079,0.009290239557498747
2022-07-25,0.013399559646383619,0.04565177160379186,0.018325494932012187
2022-07-26,-0.006968669316093301,0.010047078519205943,-0.0018459359164268996
2022-07-27,0.005810591595465819,0.010904533966572316,0.0022714376603123476
2022-07-28,0.0075036427109096415,0.029543317691254067,0.0024077626531933127
2022-07-29,0.0022975311657380537,0.056005001246615116,-0.013386699481387598
2022-08-01,-0.0022975311657380537,-0.013858396642673299,-0.02423393643635663
2022-08-02,0.015398080111121981,0.004443793418491548,0.03137682394873664
2022-08-03,0.015721828602682564,0.0014768869912367144,-0.03963645792615367
2022-08-04,0.018217451091716352,0.009693129205659456,-0.005792812337041653
2022-08-05,0.011963166058274854,0.019108861698046375,0.01287666722544678
2022-08-08,0.0032379952737753293,0.04924071610316316,0.0084932418586674
2022-08-09,0.014442615311006435,0.01624731109390254,0.020494295014584996
2022-08-10,0.015806440783100673,-0.0032284128121191635,0.0007140307336568341
2022-08-11,0.00832904346547636,-0.023447093771822747,0.034239348529770286
2022-08-12,0.01236491797094974,0.08589391437280947,0.014721004764207013
2022-08-15,-0.005133481499238979,0.00031530821639114137,-0.021724243191582726
2022-08-16,0.014307857775280208,0.009100957215124161,0.02387093453474609
2022-08-17,0.0015209128407067674,0.02315990500309706,-0.024896350284158153
2022-08-18,0.00606062461169099,0.019946264182379103,-0.007502793562397692
2022-08-19,-0.01266801840877152,-0.05189191757214351,-0.011286131083714679
2022-08-22,-0.013864150183106716,0.021204411558351843,-0.014743760380784288
2022-08-23,0.00721280818924086,0.031285771063044976,0.062139085228722024
2022-08-24,-0.0056628207954845244,0.005963046888246559,-0.03271861043200497
2022-08-25,0.007201677216115421,-0.010759219151739607,0.019239771437360886
2022-08-26,-0.0035943556027269175,0.010759219151739607,-0.015127561207181284
2022-08-29,0.0035943556027269175,0.024663610690744964,-0.01953591803260668
2022-08-30,-0.003080084570564967,-0.06129552547626593,-0.029422807902285797
2022-08-31,-0.025515573237579137,0.024369162047276127,-0.007260401090712687
2022-09-01,0.008403410796379518,0.01848591699178126,-0.009502369187475157
2022-09-02,0.00727653938286954,-0.012784476191036287,-0.015298776424174765
2022-09-05,0.002069323035368331,-0.0026966308475993017,0.035902092171095745
2022-09-06,-0.006220859875102569,-0.037601862183678225,-0.024052676332238843
2022-09-08,-0.00573665197743356,-0.00938974034983886,0.013106756515216311
2022-09-09,0.013506698839365061,-0.0003145148634198236,0.07522566782530138
2022-09-12,0.012817401825749641,-0.006627766095215204,0.008589888179018068
2022-09-13,-0.01075554542519086,-0.02989134644527569,-0.027458372483400773
2022-09-14,-0.004645169642939262,0.015218036927970413,-0.01848481467410279
2022-09-15,-0.0036278868502601647,-0.0019298815896497956,0.019948943778992145
2022-09-16,-0.011488377006759976,-0.009055689309807935,-0.0014641291048893557
2022-09-19,0.025409715525368082,0.015794043059016882,0.03186773884802241
2022-09-20,0.03174869831458027,-0.0057729473990875135,-0.01443810371273857
2022-09-21,-0.0059701669865037665,0.0025698697085831945,-0.014503517465894955
2022-09-22,0.02269460992769856,0.024403049007621025,0.022677363792061644
2022-09-23,-0.01970507107933228,-0.06466376379538419,-0.02092579423024654
2022-09-26,-0.016048488870464173,-0.016161967956998424,-0.008347416120166429
2022-09-27,-0.008121872057349044,0.0071030232682463,-0.004421525257876979
2022-09-28,0.0005095541511526136,-0.013573333598936088,0.009409066768916396
2022-09-29,0.007612317906196431,0.00136565401900679,0.0013160782772603241
2022-09-30,0.0030287756621607542,0.016579638788557727,0.05141019534334923
2022-10-03,0.06677266671986404,0.07683674805287843,0.02684357289641426
2022-10-04,-0.01778240586753599,-0.02549311936165033,0.023901264619767826
2022-10-05,0.010800762428331279,0.03692534645199119,0.015319448533513302
2022-10-06,-0.02076525768776305,0.03353282010808156,-0.01849111763870237
2022-10-07,-0.024132445240630407,-0.0008916630104813805,-0.000529590903414423
2022-10-10,-0.0152599564700302,-0.011363758650315248,-0.020335148877874687
2022-10-11,-0.002483239418606953,-0.007547205635382692,-0.006780606396679545
2022-10-13,-0.014525674882718942,0.02808669833959998,-0.017986343326137355
2022-10-14,-0.0065806362508076255,-0.015439736638832802,-0.0330992823566989
2022-10-17,0.007085049880670269,-0.000898069211684227,0.011957437844819285
2022-10-18,0.007535830688703005,0.02426154503395006,0.01808925437956921
2022-10-19,0.004494389587839098,0.03475863336517415,-0.011882435186905571
2022-10-20,0.011394723239495086,0.029213372465901166,0.012715884325302351
2022-10-21,0.02096104039994673,0.03370045294466806,0.028876450447899327
2022-10-24,-0.04337791931448898,-0.09650389305702234,-0.030126884789363206
2022-10-25,-0.006063687098675441,-0.02124600423009726,0.0
2022-10-26,-0.04456696065406529,-0.024759718927844787,0.022000062328865866
2022-10-27,0.018378044161687423,0.007613863490978812,-0.03628201889222549
2022-10-28,0.0057068896780934075,-0.011903085753129261,-0.0500248846621405
2022-10-31,0.02704936539678693,-0.08854771159816188,-0.00475554470310513
2022-11-01,0.005523488810697419,0.0016758844210640333,0.029936204661833443
2022-11-03,0.0005100739717831537,0.003009532450414021,-0.02963831964324637
2022-11-04,-0.010766574138972196,-0.05666751991226615,0.07320340402329473
2022-11-07,-0.033546122491204144,-0.04148475826924747,-0.005273395512190415
2022-11-08,-0.009641210192386396,0.007339482488045945,0.02988160923345662
2022-11-09,-0.19097025935248624,-0.01659024226019712,-0.012228413247674652
2022-11-10,-0.029754261081792244,-0.029424982199563132,0.018957913744614086
2022-11-11,0.016639319003964648,0.03276512262168296,0.0989010664722767
2022-11-14,0.0006598482588473509,0.02596598616337964,0.012197482303793805
2022-11-16,0.0032927260569759476,-0.020055366813348297,-0.01049783396455961
2022-11-17,0.021464238668299718,0.00036825631055092956,0.00797394583914457
2022-11-18,0.004494389587839542,-0.01708173728429152,-0.02769651811564966
2022-11-21,-0.007071710602140069,0.002991774856822449,-0.01132204940545467
2022-11-22,-0.003878479328570883,0.014245870104188985,0.0027489708677004288
2022-11-23,-0.007149851712907385,0.004703878675473394,0.009809478299612095
2022-11-24,0.02002004223344267,0.033972652674680415,0.0064047515404430655
2022-11-25,-0.018716261083959296,-0.01621320071372212,-0.006775510983607624
2022-11-28,-0.001303781149483374,0.020739026171926245,0.004932192489318865
2022-11-29,0.01167328430472514,0.041019019444545,0.03789520642635491
2022-11-30,0.004503063254154505,0.0492028524643211,0.014928281930671083
2022-12-01,-0.011620531023018632,-0.040962664578865216,0.005468627276901117
2022-12-02,-0.0019499518690793138,0.012427344402321516,0.007168489478612372
2022-12-05,-0.03779037678043462,-0.01125569810543059,-0.001037404277235865
2022-12-06,0.0233733511853087,0.000780335583880909,0.014426629875514685
2022-12-07,-0.01128455386630467,-0.011374902015277133,-0.0362287175681022
2022-12-08,-0.02912498447157219,-0.022741853836195425,0.01218384331409883
2022-12-09,-0.017331456351640018,-0.0028288562004776807,0.032759772940183396
2022-12-12,-0.011251876797434779,-0.03291123853028566,-0.03031748528090006
2022-12-13,-0.030153038170687374,-0.024985419987941793,-0.0010440230633363967
2022-12-14,0.02091673805117633,-0.0826547495916019,0.008436918002981741
2022-12-15,-0.012208410159392002,0.02620237239402412,0.003217284172370327
2022-12-16,-0.0014461318499998654,0.00045361760814133234,-0.01724080888399193
2022-12-19,0.027125146267691136,0.014855100990923908,-0.0036246751172779312
2022-12-20,0.035285570006131195,0.030365369301883494,0.00444133502383437
2022-12-21,0.008124621536494736,0.021441644762377532,0.005698021114637797
2022-12-22,0.0033658732551051784,0.01766235990356302,-0.005698021114637797
2022-12-23,0.017322218604356898,0.0460272647483948,0.00662523490382938
2022-12-26,-0.02406533248924747,-0.007191401348107362,0.009110366880921816
2022-12-27,-0.004747380906709342,0.0067932329176030315,0.023597237847314823
2022-12-28,0.030132845600879588,-0.012422519998557036,-0.0022449218093445467
2022-12-29,-0.0006598482588473509,-0.012170535620255052,-0.0012368585373963015
2023-01-02,-0.026757449169549474,-0.06666322570414263,0.0058335368480939565
2023-01-03,-0.052863489557067656,-0.025631098205483926,-0.0017913126151372083
2023-01-04,0.002853068982406448,0.03128697580160278,0.0017913126151372083
2023-01-05,0.04252993686541107,0.03537551908174352,0.016639319003964204
2023-01-06,0.027601886908671158,-0.005879899342879025,0.015717415895410092
2023-01-09,0.017319449200180692,0.005461051169216802,0.00108236832733688
2023-01-10,0.03641670105233841,0.00917437627604123,0.012256900031890616
2023-01-11,0.01967276559870479,0.007856149564517523,-0.0035326269141453537
2023-01-12,-0.02365419089788956,0.01431224594114866,0.005240933970634742
2023-01-13,-0.0033300064071872804,-0.002439025599358491,0.0008530604057517266
2023-01-16,-0.031167834532315197,-0.021807076866080966,-0.016875769979675326
2023-01-17,0.0068587374498414455,0.05974334880958221,-0.0013016597997959067
2023-01-18,0.014925650216675912,-0.01779054630638699,0.013048117400829007
2023-01-19,0.0020181641562371233,0.029864694937546954,0.004276251972890499
2023-01-20,-0.014213437250055527,0.02069039325744626,0.0026634011376502897
2023-01-23,-0.04318219637513554,0.015801683191321914,0.0032927960072015594
2023-01-24,0.010619568827460402,-0.007117467768863683,0.010548621020745053
2023-01-25,-0.007067167223092419,0.01270095519456449,0.009399547011503806
2023-01-26,0.0028328630843041935,-0.027852760215166583,0.018538120998911722
2023-01-27,-0.030153038170687818,-0.022386114298463156,-0.02772782644003069
2023-01-30,0.005089069507471233,0.005061330641156658,-0.00357330910956577
2023-01-31,0.016541189801233536,0.012350600835665304,-0.004960694114011233
2023-02-01,-0.019446057493863744,-0.013905206667612191,-0.011172111734684798
2023-02-02,0.022489159623936494,-0.047390910209787585,-0.04732536975387003
2023-02-03,-0.02248915962393605,0.010951234979088564,-0.0021337534065652974
2023-02-06,-0.0036751235778913482,0.03915865146394237,-0.01255743635062423
2023-02-07,-0.005908436686166585,-0.0062257010424531245,0.0065812106368765555
2023-02-08,0.04773140282118993,0.016644471730787647,0.003387154644014956
2023-02-09,-0.02575249610241448,-0.004617168648803016,-0.0037265019692549473
2023-02-10,-0.08543159783011145,0.03001174911787219,-0.018152219406552206
2023-02-13,0.03490078918289541,0.002989538848365836,-0.001037404277235865
2023-02-14,0.009104766992919178,-0.0037383221106073172,0.004487666469388252
2023-02-15,0.03852328199633526,0.0014970062675936369,0.021579485873682636
2023-02-16,0.018719049101246554,0.004105249281076695,0.0021325559459759447
2023-02-17,-0.005722476274066413,-0.015387805971388335,-0.013091260205301047
2023-02-22,-0.010093813169218535,-0.026055113747332825,-0.007640153476219602
2023-02-23,-0.004357305368955622,0.030206846451795055,-0.0047042711963030115
2023-02-24,-0.032547251566495294,-0.0220877220132909,-0.022211506766599776
2023-02-27,-0.009822519472518554,0.006907164836274848,0.0
2023-02-28,-0.006857169726136814,-0.0354191528379193,0.003287159569457465
2023-03-01,-0.007674634753108922,0.002374358060462267,0.044472145982814126
2023-03-02,-0.0101128827637047,-0.02643325706815558,-0.0022446698538240994
2023-03-03,0.005458103218722421,0.042119853235854876,0.0033651181503140393
2023-03-06,0.03289015391568073,0.010065899934715183,-0.035911524908515347
2023-03-07,0.02305792001685214,-0.0336890456981509,-0.009563870425444598
2023-03-08,0.030415088864437667,0.012668419623569793,0.0090994561595803
2023-03-09,-0.0035727083375736157,-0.004336691204275489,-0.013209614021408633
2023-03-10,-0.029050699422092485,-0.013124069859601128,-0.0033003330286565102
2023-03-13,-0.01111534230324196,-0.03213618007549579,0.004123717183861508
2023-03-14,-0.005979091056058206,-0.01793583012749167,0.010293328465075469
2023-03-15,0.014142401695218965,-0.017834867636034257,-0.03058934020799331
2023-03-16,0.02769856375265478,-0.003433479767891434,0.003676474729308765
2023-03-17,-0.042590871744734304,0.010690715461459721,0.011916483424728952
2023-03-20,-0.017404903983511133,-0.024979765682164867,0.00818591305142835
2023-03-21,0.003048782849358389,0.020289925493842453,-0.00842769254970488
2023-03-22,-0.00917437627604123,-0.0029959363303171394,-0.01253133984740451
2023-03-23,-0.035173614178267254,-0.0229795500729435,-0.02604636885762801
2023-03-24,0.011076062599206793,-0.0004386927028021681,-0.011500916657631421
2023-03-27,0.017934203871391663,0.016967994654012664,-0.001653839191287254
2023-03-28,-0.0015467907182986629,0.017533055507978013,0.010512413952920241
2023-03-29,0.005403332328052457,0.013055565517881451,0.014260937209105151
2023-03-30,0.029581224017574126,0.0029245895088281237,0.016140312189363293
2023-03-31,-0.01581953894489274,-0.02193255355400492,-0.018876632304659857
2023-04-03,-0.025376217493374487,0.04339437607178809,0.00024906600377772037
2023-04-04,0.01382510499184253,-0.009023851225566482,-0.028672630445459646
2023-04-05,0.00835553664793176,0.0032908297900888783,-0.01484568671082176
2023-04-06,-0.014476443286786544,-0.014478019180653057,-0.0018224425767821018
2023-04-10,0.011446137937607404,0.02102736719207554,0.01909981922968207
2023-04-11,0.051027705252379096,0.04585216164746919,0.05144667646260004
2023-04-12,-0.005059642163581124,0.007377241766947762,-0.021601232647006086
2023-04-13,0.0007243752580414764,0.006939118052035731,-0.01361584959919071
2023-04-14,-0.0014492756159905085,0.010319220177245292,-0.00884290754783379
2023-04-17,-0.00436047202533052,0.015469087938150494,-0.011999122776663818
2023-04-18,-0.00657656736456369,0.025139956153116927,0.008567279560969254
2023-04-19,-0.018498492712234693,-0.032655962974052155,-0.029590633662342825
2023-04-20,0.008921992269026013,0.006766943115498414,-0.021072942001083117
2023-04-24,-0.00817544501524159,0.018928009885518904,-0.03683406440410586
2023-04-25,0.022141125877213508,-0.0040523172049478084,-0.027615167032973176
2023-04-26,-0.014706147389695445,-0.012630182754988173,0.0038497231547474087
2023-04-27,0.01907614706081384,-0.024599159013368066,0.020982252546434488
2023-04-28,0.00651940012815011,0.004228336109521003,0.008879081641129716
2023-05-02,-0.01454571100237878,-0.04134955981869526,-0.040304172811954864
2023-05-03,0.0146522767868702,-0.0035242327225297743,-0.007795621982456424
2023-05-04,0.023006047013717446,0.015762147693876294,-0.03150562360530662
2023-05-05,0.048553225416990475,0.041690427054209334,0.03208516578321996
2023-05-08,0.03656106776915724,0.02102736719207554,0.013380531982632782
2023-05-09,-0.0098393709520046,0.0032586586880798407,0.010237541425057284
2023-05-10,0.001975634491789613,-0.002442997957703419,-0.01899378771057636
2023-05-11,0.013072081567353067,0.03603272116363021,-0.0196555792847386
2023-05-12,0.00453515516539138,0.0317364096036048,0.0010287310775711767
2023-05-15,0.015394787682554867,-0.02273262985014224,0.014292207696727566
2023-05-16,-0.008309411824927615,0.02463557999622834,-0.020776167931466638
2023-05-17,0.004482876543559833,-0.02463557999622834,0.03257996123547624
2023-05-18,0.0031897953681001567,0.005828654543031941,0.001430001673686121
2023-05-19,0.023915551396557877,0.004252857753551442,-0.011064126085770454
2023-05-22,-0.010000083334583021,-0.011641575015485905,-0.016168147698305102
2023-05-23,0.008132669159787831,0.02429269256904476,-0.022873416642513522
2023-05-24,-0.031005330825779165,0.015123161574220667,-0.022947591554438596
2023-05-25,0.035357218328236684,-0.007532992307545339,-0.003079294196061788
2023-05-26,0.0,0.013145729212502566,0.022565372775011916
2023-05-29,0.0012399257633202154,-0.0041129241003781125,-0.007566622057679329
2023-05-30,-0.02763995048754042,-0.011303812901199972,-0.02382712061047343
2023-05-31,-0.012175735165814938,-0.010283846107002503,-0.007338622989056187
2023-06-01,0.017258338229281023,0.031652981635876376,0.02093586585358853
2023-06-02,0.0043736402114471495,0.008127122678891041,0.041779178998593736
2023-06-05,0.017918304544005004,0.01061309138418487,-0.008276724754030962
2023-06-06,0.015796197219979824,0.02089413186152278,0.0032597450705114106
2023-06-07,-0.0006029544952044219,0.02881436170613849,0.01570443958366674
2023-06-09,0.016746802866560717,0.047684434894404326,-0.004524564385194996
2023-06-12,-0.008338344917154128,0.017351884039328525,-0.018305796088439408
2023-06-13,0.00119545740477367,-0.013081081535852856,0.010522512799037376
2023-06-14,0.006549591737041727,0.04206861840910525,0.017391742711869274
2023-06-15,0.0029629651306568583,-0.023870691324004323,0.007793371816224859
2023-06-16,0.0029542118974315024,0.008470319997060383,0.0015801195559452808
2023-06-19,0.017544309650909806,0.02597548640326064,-0.003882941529268713
2023-06-20,0.002316156217830212,0.004918849071596565,-0.026130966410172096
2023-06-21,-0.002316156217830212,0.04101824611542915,-0.010108603990035547
2023-06-22,-0.02643325706815558,-0.012638398871723133,-0.005393271499939178
2023-06-23,-0.01257878220686015,-0.041882440006693944,-0.010115584104150255
2023-06-26,-0.004833846270316577,0.022296005555373366,0.0021221775434656642
2023-06-27,-0.008515866548993056,-0.007812539736793855,0.01189146247105155
2023-06-28,-0.016631119392626292,0.009432497972155396,-0.032081808772742804
2023-06-29,0.004338401598598107,0.004521971529798385,0.012132529993548857
2023-06-30,0.017167803622365696,-0.049547782704457255,-0.019888114082417196
2023-07-03,0.012685159527315637,0.01845380332580726,0.030818843835520138
2023-07-04,-0.003018414606807962,0.0023244240915558656,-0.00499509098842621
2023-07-05,0.0018121418429264402,-0.0013275806795522982,-0.008840173406197582
2023-07-06,-0.024436157849456297,-0.01539521704990765,-0.007221357339811441
2023-07-07,0.0067796869853786745,-0.005071862097960622,0.00936235831058152
2023-07-10,0.0006140620395593821,0.0016934805063333336,-0.015394392685742275
2023-07-11,0.0006136851987630365,-0.013628831055606305,0.03235935575958715
2023-07-12,-0.009245058144050855,0.0006858710831290082,0.007034377580808382
2023-07-13,0.024466052154406448,0.015646577705843878,0.0229996869751119
2023-07-14,-0.012770012391215335,-0.019768878287553804,0.0
2023-07-17,0.015786605930641073,-0.0020675403643561907,-0.011138910421921278
2023-07-18,-0.0018088639240261273,-0.0055344312832530385,-0.006357676474963547
2023-07-19,-0.0036275735064350556,0.009321662527136176,-0.002673401265499642
2023-07-20,0.0006055101607951308,0.001030396793896049,0.0022283304177106444
2023-07-21,0.032164773970701166,0.018704847327836394,0.006065555988224336
2023-07-24,-0.027333846701035114,0.020674294216143974,0.029787890756620694
2023-07-25,-0.0036210057669525675,0.02283949196982249,0.03045491255780508
2023-07-26,0.010225653011757263,0.0,-0.0034777805102348402
2023-07-27,-0.023003435624929125,-0.05333272405432021,-0.01884990402363451
2023-07-28,0.010962350949663247,0.012510729534065401,-0.040425642140057505
2023-07-31,0.009044378806660092,0.04436410094465426,0.0223709892282411
2023-08-01,-0.0024038473113945358,-0.016529301951210496,-0.013978095965673454
2023-08-02,0.01025031585616798,-0.002290202211548298,-0.016409563274619732
2023-08-03,-0.007224594939630791,0.012693416972434424,0.006240733478982463
2023-08-04,-0.0687770984793179,-0.030205842057065446,0.0007403568858199705
2023-08-07,-0.007145207404644083,0.006313362056591831,0.0050199426250516765
2023-08-08,0.004552853392914447,0.000993213125846104,-0.006501204931146809
2023-08-09,-0.005204956448301878,0.00791039062242227,-0.009083526085551963
2023-08-10,0.008444350275553347,0.005565573377667832,-0.011887883585308234
2023-08-11,-0.005838485608771649,-0.002287956546363823,-0.008360617218858835
2023-08-14,-0.005218537609533502,0.002614380574070818,-0.017297035982328346
2023-08-15,0.0026126729427518036,0.007154502062624246,-0.009903482192909596
2023-08-16,-0.0052321898303020475,0.02179573459987738,-0.003923496940926974
2023-08-17,-0.01054723027366311,-0.0031756139738865485,0.013988516974427156
2023-08-18,0.006605043827923929,0.0025412974286727064,-0.011207784013874456
2023-08-21,-0.007267954027871504,-0.007004167443570797,-0.0003267439989858012
2023-08-22,0.00660940938767407,0.00360006934395507,0.022298548722455624
2023-08-23,0.013739175883303645,0.05188116468110637,0.007323707308887428
2023-08-24,-0.024335301514799124,-0.0015520723277107074,-0.013414445804489805
2023-08-25,-0.012730490186148025,-0.006857882238966884,-0.002092219319572486
2023-08-28,0.03185405351975179,0.011197628665591708,0.014236823683586586
2023-08-29,0.011688444759184957,0.002162831060942061,0.03142602078329171
2023-08-30,-0.021534274214551452,0.0067671743945840745,0.00015390534851489335
2023-08-31,-0.01394908037753062,-0.021066454406001522,0.0015377521098827174
2023-09-01,0.00267201227781122,0.021372967818363175,0.056893747254267435
2023-09-04,-0.0026809667532576853,-0.0104745258350456,0.007375837907654503
2023-09-05,-0.02171048637090145,0.032899707993098826,-0.004332136739134906
2023-09-06,-0.013812374287611284,0.004484982850599728,-0.01604702559751736
2023-09-08,0.0,-0.0035863756312277673,-0.019152838454683074
2023-09-11,0.018601983170175362,-0.0008986072193719608,0.014288083522710604
2023-09-12,0.012211820686764518,0.004783267714854489,-0.0007391529643943073
2023-09-13,0.004037690546077055,-0.015024321075439051,-0.0038524273456688185
2023-09-14,0.00402145314077762,0.02511342742698197,0.0401566901189625
2023-09-15,-0.00200870506108064,0.0005903187892797312,-0.008305933473318206
2023-09-18,0.0,0.007056777299656147,-0.011861848903715444
2023-09-19,-0.011459511989786009,0.0023412360708974234,0.0018899474986637799
2023-09-20,0.004059545493878769,0.0023357674853157206,0.006658970755229365
2023-09-21,-0.037844213293557694,-0.015577096747072972,-0.02646159805140913
2023-09-22,-0.0077437908969031355,0.00796581878505842,0.007380107297622729
2023-09-25,-0.002830858224524224,0.006444076195419868,-0.02080312762976355
2023-09-26,-0.010687668530496186,-0.023335869149556654,-0.015738823670714108
2023-09-27,-0.0028694424279525066,0.031188170656549552,0.0021331716149357582
2023-09-28,0.023430251808385538,-0.0020298687555597716,0.015106027431013302
2023-09-29,0.003502630551202479,0.005500086234567103,0.013107128364565845
2023-10-02,-0.014084739881739416,-0.015125361070756238,-0.008768726765967738
2023-10-03,-0.009302392662313252,-0.004405940450985746,-0.00613912237329739
2023-10-04,0.03323034635754896,-0.04055218497962487,-0.010721129494277282
2023-10-05,0.0041637811717794015,0.0033664913202211544,0.0004553388558599103
2023-10-06,0.002075407178712574,0.02355181323612987,0.014462439483490908
2023-10-09,-0.00902470547191836,0.04207456693060063,-0.00720507470012377
2023-10-10,0.01109581425505457,0.007411664487141589,0.006007828223679734
2023-10-11,0.014378885186817403,-0.0025593644000450055,0.008647735418562785
2023-10-13,-0.015068778280755257,0.032495856480019736,-0.011496953811540145
2023-10-16,0.010298752200574413,0.01096502214132844,0.010605820528150733
2023-10-17,-0.010298752200574413,0.026632374315685325,0.00813914963019613
2023-10-18,-0.009012192712512856,0.022313565225975385,-0.0373889357291306
2023-10-19,0.004862809165701254,-0.004683849312426602,-0.014486306648694658
2023-10-20,-0.018888284520205634,-0.012862757734040553,-0.02738172641523251
2023-10-23,0.0014114328384078334,-0.06833258754087623,-0.0019163212507646854
2023-10-24,0.0,0.01488164484801402,0.02260072491431364
2023-10-25,-0.00282486063555476,0.005281457724852334,-0.0009380863727335154
2023-10-26,0.025140988958102017,-0.010310806129854466,0.021203301503749827
2023-10-27,-0.01039870722089864,-0.007309563048713219,0.03417206128169781
2023-10-30,-0.01121245103367885,-0.010209958232898053,0.008987169145673768
2023-10-31,-0.01419470249456145,-0.009739406691023245,0.011955237887502523
2023-11-01,0.009249443387706169,0.010879007953957132,0.018949748779661935
2023-11-03,0.019829709585717836,0.01188805395958914,0.012436565041008762
2023-11-06,-0.000677277370961793,-0.0008444757715087015,0.0042046312820316345
2023-11-07,0.026079712783051878,-0.016754615983594956,-0.02006000307182587
2023-11-08,0.005266634951691884,-0.02171166484420084,0.0007132159206828526
2023-11-09,0.001967858949240675,0.0205655329135781,0.004836424790112481
2023-11-10,-0.014521707334617329,-0.004597709248629123,0.015209418663528762
2023-11-13,-0.02014843176050274,0.027554647709919333,-0.0020986366569215598
2023-11-14,0.020813104433694107,0.013635942465080042,0.030483016725075807
2023-11-16,0.03396799465102207,-0.017566323717899124,0.006634646231426622
2023-11-17,-0.009032319470837713,0.032109041259492876,0.0018875561759044146
2023-11-20,0.0025889982099056574,0.0008168822782370633,0.024219414022168095
2023-11-21,-0.0038860152529505143,-0.00655381919853415,0.02390345037658914
2023-11-22,0.020553067738162234,0.00742224360859467,-0.013271594928903951
2023-11-23,0.026350332598478854,0.0002843736689150944,-0.006299022368713381
2023-11-24,0.0006190034242838927,0.0028392977620694815,-0.008506093276994697
2023-11-27,-0.006207344574333806,-0.005686680095873697,-0.005983969984433735
2023-11-28,0.009296627228969179,0.014999573705897884,0.00218013439669118
2023-11-29,-0.004947443610467506,-0.010447645504838565,-0.00027225701230015886
2023-11-30,0.008642029093829162,0.01911781588484507,0.005431106357502102
2023-12-01,0.0030684283050144145,-0.0067058088671911875,0.018381144064801624
2023-12-04,-0.002469137056920978,-0.021536678253855523,-0.02272366683405913
2023-12-05,0.009227995352028007,-0.00459374910614363,-0.009290953566917004
2023-12-06,-0.010464853889424308,-0.036634133179779926,-0.00661068376317786
2023-12-07,0.0024721891453891587,-0.002390915663773363,0.0031730729527144064
2023-12-08,0.015921953010585188,0.031514903781502124,0.002751033371890088
2023-12-11,-0.007929288266550039,-0.0037763298326951578,0.0008238363777772761
2023-12-12,-0.004910998206627326,-0.00818239515493957,0.001782653883123153
2023-12-13,0.0427647215880107,0.014275551972418032,0.00013699568485048275
2023-12-14,0.016954513113611736,0.021463121802226315,0.005464494472078307
2023-12-15,0.009806827946988061,0.00226244440396961,0.006247473803947301
2023-12-18,0.0074349784875180625,0.012352767967001022,0.004727502557624774
2023-12-19,0.0,0.011374793193953625,0.006982705960156821
2023-12-20,-0.016662264256592785,0.0035797917892925746,-0.0032167297540137696
2023-12-21,0.0005792065033052296,0.0002748385340924919,0.03275084735804157
2023-12-22,0.006557400546158831,0.009572068162910785,-0.007563937992958181
2023-12-26,0.0029664809650964408,0.015931213139512845,0.0035282623991408357
2023-12-27,0.0059066917153902665,0.0008033204341493239,0.009606720643272837
2023-12-28,0.006457316244298017,-0.0032171609517752664,-0.0025873235649509496
2024-01-02,-0.020095238856423947,0.014396409664497067,-0.0019448952646063944
2024-01-03,0.0035885205973316125,0.030755616700970823,-0.00520495644830099
2024-01-04,-0.013826490178243223,-0.008506302096144225,-0.01352880685503699
2024-01-05,0.021557721074978886,0.0023270857301862513,-0.01291027447758708
2024-01-08,-0.0077312308967356635,-0.007517857831623953,-0.00510342230399452
2024-01-09,-0.0272331504583585,-0.008624122444096827,-0.012737299575497296
2024-01-10,-0.017327166172503627,-0.009228806437621806,-0.015114330042952595
2024-01-11,-0.005006268278144432,0.008441094699372265,0.0052471813294001635
2024-01-12,-0.008189022140688174,0.002623296362732397,-0.012751385527374204
2024-01-15,0.003787883316936913,0.010684140720444546,-0.0019547618623212415
2024-01-16,-0.008860817468131277,-0.012519725344927402,-0.0130831155022193
2024-01-17,0.00190536735954705,-0.00579101381477809,-0.016706321299887694
2024-01-18,-0.005727028061803807,-0.003967734341658424,-0.0065005646030935615
2024-01-19,-0.0019163212507642413,-0.005314920829289527,-0.013129291441792645
2024-01-22,-0.011575691957889322,0.004519481307035722,-0.004415018209116717
2024-01-23,-0.005188079081777985,0.012389772303173174,0.02043866767727387
2024-01-24,-0.003908799765052873,-0.007626598439260945,0.010064786616140964
2024-01-25,0.002607563407080793,0.03629221516838799,-0.02227779099237459
2024-01-26,0.010362787035546717,0.01716347029408727,0.016538894323356423
2024-01-29,-0.009061550677574637,0.015149923438003032,-0.004759509958253361
2024-01-30,-0.007177844846956827,-0.006181253455242786,-0.005654237608372803
2024-01-31,0.005225354802664839,0.0032190197413877186,-0.014940954660321193
2024-02-01,-0.001956309720760885,0.027312109760045722,-0.004585467690034317
2024-02-02,0.0013063359140557118,-0.013075246810451802,-0.020520453441042363
2024-02-05,0.020032980120940014,0.004377438896631336,-0.008663326468937527
2024-02-06,0.060210550929112205,0.00917880840409424,0.017552273886183745
2024-02-07,-0.17320659802827132,0.014560467287146217,0.0019480039126311688
2024-02-08,-0.029071814821976627,-0.008089504024112681,-0.008871571605845396
2024-02-09,-0.007401958295667921,-0.013468217050866649,-0.004389623335538051
2024-02-14,-0.006708933102729908,-0.007534365450740488,-0.003038592432149212
2024-02-15,0.004477619421294321,0.03145895153598577,-0.003200490425282254
2024-02-16,0.0037160949490147033,0.009177614717638338,0.03258791255418281
2024-02-19,0.01253241614680789,0.004907125164100634,-0.0028112765426526742
2024-02-20,0.02317265163790161,-0.010544913176614656,-0.02217319305463583
2024-02-21,-0.0035855183625970177,0.0014124296133419811,0.00754606659565038
2024-02-22,0.005730674708985362,-0.011312871063660968,0.010618510000629744
2024-02-23,-0.012940511275735034,-0.006897399208155353,0.002377415681447559
2024-02-26,-0.001448226176364642,0.018678873841778465,-0.024488566920533028
2024-02-27,0.015816289443284948,-0.0014064699927516244,0.02597158661989374
2024-02-28,-0.004288784272217683,-0.0529861471244395,-0.011026784354539743
2024-02-29,-0.015157273221646062,-0.007198740284487304,0.003738881196948096
2024-03-01,0.0036297680505787966,0.000996016018596002,-0.0016433857437299082
2024-03-04,-0.009478743954543845,-0.00249190261017862,-0.0022453418609309495
2024-03-05,0.005115100666770456,-0.0029985029962569243,-0.013275198726225401
2024-03-06,0.007262196041784907,0.021783039516112268,0.013574869091069086
2024-03-07,-0.004350985834326249,-0.011079763721143276,-0.0034516429556319395
2024-03-08,0.00579711768432567,-0.11173550102653707,-0.007696408624047635
2024-03-11,0.005763704716750251,-0.013097581688479742,-0.03154835773492559
2024-03-12,0.012138671004315427,0.03229202894462713,-0.024676576798483563
2024-03-13,0.010589580073240512,-0.012022002714955793,0.006389798098770605
2024-03-14,0.006300335856250783,-0.004407720634708845,-0.012820688429061367
2024-03-15,-0.015471475975357585,0.002757101277825136,-0.011480036236239943
2024-03-18,0.006358198742492327,0.0005505092349329388,0.018896633891289483
2024-03-19,-0.005649732542118979,-0.007457568052577912,0.00817666043724552
2024-03-20,0.012667305200765533,0.01731526014507745,0.006655328518085479
2024-03-21,-0.011251876797434779,-0.02762606627493147,-0.0024297412131777385
2024-03-22,-0.012811563134200288,0.009756174945364737,-0.01158156653072373
2024-03-25,-0.0014336920018487298,0.015141376676362395,-0.002135173678062152
2024-03-26,0.014245255136049018,-0.00933303508061556,-0.01274113372322594
2024-03-27,0.015438903151651306,0.0079659808690824,0.00911734454927604
2024-03-28,-0.0069881486339280485,0.02191942716485462,0.003788195257345528
2024-04-01,-0.009158218289714082,0.007732340885260314,0.006390845184652161
2024-04-02,0.005653725307229074,0.025437322754465974,0.01169224102779065
2024-04-03,0.01954004947144128,-0.005192119659957584,-0.014472973988343352
2024-04-04,0.0062005021251470005,-0.014154889022532924,-0.011200907748378786
2024-04-05,-0.002751033371889644,0.005791013814777646,-0.010992782249433564
2024-04-08,0.006863444924982254,0.013814894545534528,0.05315891194174993
2024-04-09,0.006137080291714003,0.0025853168484708533,-0.006692185587731103
2024-04-10,-0.02129932803139134,0.02196206759137853,-0.015304366373445788
2024-04-11,-0.0006946856826783865,-0.007352042242823931,0.0042118967174493704
2024-04-12,-0.012587578790267173,-0.009202518931161752,-0.0037250022827719498
2024-04-15,-0.014888612493750841,0.009456939489715488,0.005824316739676316
2024-04-16,-0.007168489478612372,0.004568535864788892,-0.008911992874411467
2024-04-17,-0.005048694459979242,0.007316798127268154,0.010845917731795218
2024-04-18,-0.004347832936103746,0.001758131810397856,0.0036962677679794886
2024-04-19,-0.009485660325247114,0.01692003540399334,0.01622947316697898
2024-04-22,-0.004408530284766066,0.023650986596435164,-0.00047359697783111443
2024-04-23,0.006605528605307942,-0.0019295712692142253,-0.008722599114531437
2024-04-24,0.0,-0.004597709248630011,0.012347790254707558
2024-04-25,-0.0007317965932140957,0.02372789570136602,-0.02130785019902426
2024-04-26,0.015977100936014565,0.002902057659477375,0.008322711293041074
2024-04-29,0.01288493130386037,0.017712286890388285,0.018320158620956928
2024-04-30,-0.004276556767260242,-0.0030889890310095147,-0.009592022596275118
2024-05-02,-0.011494379425735168,0.0038004796337736124,0.009904962670805428
2024-05-03,-0.014409471220151904,-0.01985669609628271,0.001094519693349394
2024-05-06,-0.0007259528449488073,0.006745809466158104,0.0029648145303422524
2024-05-07,0.0,0.012127360610346027,0.006213129648418025
2024-05-08,0.0021762794225952398,0.015137007770670952,-0.009177944178760278
2024-05-09,-0.025689486115310523,0.009645601669871606,0.00809342939278146
2024-05-10,-0.005965714933996669,-0.0021621630044954543,-0.0034161523905549274
2024-05-13,0.004477619421294765,0.0009615385356216422,0.005893317304906276
2024-05-14,-0.0007448789916106868,-0.018184523389302765,-0.0006187161836974653
2024-05-15,-0.009734258818381747,-0.062338837982504725,-0.0029441409660302398
2024-05-16,0.005253295383345513,-0.02879607236061421,0.007267136736603508
2024-05-17,0.0052258424266469206,-0.016757148865876204,0.019376607448089
2024-05-20,-0.007473876344529007,0.0016339872916550924,-0.00045341193250170164
2024-05-21,0.005237572766248366,-0.0019065782705816048,-0.0028763928695667573
2024-05-22,-0.022642476749759943,0.013539334905034117,-0.007914805396906477
2024-05-23,-0.016936509530898203,-0.010001434902368267,-0.0059774873359770275
2024-05-24,0.0069632776521446615,-0.00544812025878505,0.0004610773923228173
2024-05-27,-0.0030888055445861262,0.010866719265919755,0.003374753931548291
2024-05-28,-0.00077369442931019,0.02112095622747745,-0.021829181668133746
2024-05-29,-0.0101128827637047,-0.0013236269305081372,-0.010225842272980401
2024-05-31,-0.009426621257703438,0.027177005756841677,-0.0006327111884596448
2024-06-03,0.006294277271387205,-0.005428473974292469,-0.02126889160991441
2024-06-04,0.009382398771913714,-0.011208249747117094,-0.010234838753414355
2024-06-05,-0.00546236239184017,0.0013097578820637779,-0.014308277981148088
2024-06-06,0.020906684819313792,0.004700974967024152,0.013818282054643749
2024-06-07,-0.007692345623155461,-0.038241515808460136,-0.01315592071232885
2024-06-10,-0.006974069336073807,0.015045958205271326,0.010866093084393569
2024-06-11,0.005428473974292913,0.0042575902526409415,-0.0014748056749347427
2024-06-12,-0.018735911057469856,-0.03105925076164473,-0.013870763999725533
2024-06-13,0.0007877117382495413,-0.010101095986504216,0.011407910772231133
2024-06-14,0.010184185162999349,-0.022242148733720768,-0.0034582167029570954
2024-06-17,0.010852819700807537,0.003741549911006725,-0.003966947350964478
2024-06-18,-0.024732014469845964,0.030832593670885533,0.004626577981742486
2024-06-19,0.004834820054583133,0.0008353056311940499,0.0031273171731012184
2024-06-20,-0.0024144880945176084,0.015739659463018807,0.008998015719560382
2024-06-21,-0.000806126605524593,0.006009305163843681,-0.009326746820482512
2024-06-24,0.0032206147000422014,0.009216655104923976,0.0011500863832369923
2024-06-25,-0.008071068833791717,-0.0008098259316922096,-0.004113539325791837
2024-06-26,0.002428167927154945,0.0016189965759783043,0.012290199763037357
2024-06-27,0.004033890100936244,0.01657791976876588,0.0026024738175820517
2024-06-28,-0.003225809248882605,0.008975773037429136,0.010664182498812291
2024-07-01,-0.008925008533630319,0.015128092370495061,0.01467799166035455
2024-07-02,-0.0024499808089841757,-0.003111228851372605,-0.0033314855910031582
2024-07-03,0.0032653090237388938,-0.01755120364313978,0.019668638142868566
2024-07-04,0.004066699382553551,-0.013837368204534517,-0.004998448395074906
2024-07-05,0.011299555253933669,0.005344748158881085,-0.004079716940559752
2024-07-08,0.0,0.024224459964067524,-0.007892700798908692
2024-07-09,0.0,-0.00026017952533896604,-0.0012686332180389392
2024-07-10,0.01671348097374059,-0.009411834182346368,-0.013579568047882518
2024-07-11,0.0,0.006806308998057453,-0.0025769059194598043
2024-07-12,-0.0023706056143364407,-0.004707121661997604,0.014568415828290604
2024-07-15,-0.0023762387418830855,0.009132483563272675,0.001111905443760719
2024-07-16,0.0031670651967008467,-0.0026007817000577305,-0.010533132813078439
2024-07-17,0.01178795575204239,0.0051948168771041026,-0.0093488753126727
2024-07-18,-0.018928009885518904,-0.0018151178327188155,-0.009437102253612828
2024-07-19,-0.005588836902566285,0.0041440100743552755,-0.00081772839620875
2024-07-22,0.011146612224913532,-0.02010249132560027,-0.0011459443015513493
2024-07-23,-0.007151401157625248,-0.013006155470483893,-0.01352263350108407
2024-07-24,0.0007971303730185397,0.00798301205988139,0.006124326019639081
2024-07-25,-0.016064602503806924,-0.001326084268056693,-0.000495172082412676
2024-07-26,0.008064559836730378,-0.0010621349909833988,0.014749529926062266
2024-07-29,0.004008021397538641,-0.020397916028785712,0.0017878915774360848
2024-07-30,-0.008032171697264001,-0.006255970355732554,-0.022332619442766433
2024-07-31,0.002416432911628519,0.020524620027394302,0.023144241920563857
2024-08-01,0.01278994253363619,-0.015353836972948454,-0.022646192603387405
2024-08-02,-0.000790201542501201,-0.030593539351788213,-0.01404001000311439
2024-08-05,0.07314760148984556,-0.000839983249724785,0.01252994421799869
2024-08-06,0.032529069719144044,0.017217864947498995,0.00507304507912032
2024-08-07,0.002131439528070267,-0.001377600438281057,-0.0019212301778939178
2024-08-08,0.011291580804070556,0.015864665340534323,-0.006137678189207296
2024-08-09,0.024264621999630975,-0.00926942296780009,0.003687125588809348
2024-08-12,0.00682596507040012,0.02247894244603099,-0.005095328602719107
2024-08-13,0.012170535620255052,-0.006178663041070287,-0.0044134593663085475
2024-08-14,0.008698616240424784,0.017363866204793688,-0.009242867081177497
2024-08-15,0.009943734568855334,0.015243396340198778,0.004098731568961345
2024-08-16,-0.012612181782688747,0.0041645036762401055,-0.0026711795777756286
2024-08-19,0.043783536685627844,-0.0015596571916471902,0.015921086343427593
2024-08-20,0.0038289772370974084,-0.003909818612888305,0.003853569315989791
2024-08-21,-0.004468567920877131,-0.006024903621199673,0.019048194970694432
2024-08-22,-0.007062629678312504,-0.004301081899390713,0.0013712720695222558
2024-08-23,0.008980175807584256,-0.006215396309415588,-0.01692906210044809
2024-08-26,-0.0031979560353163627,0.07013074378874862,0.011260404818379754
2024-08-27,-0.01224636639215726,-0.013484493852441215,0.029700952812685255
2024-08-28,0.01608268823274628,0.014242356715543192,-0.0072166126740018655
2024-08-29,-0.002555911934544408,-0.0068415318167165395,-0.0011797422789041612
2024-08-30,0.0006395906837797227,0.0010165185119279663,0.004710641281456596
2024-09-02,-0.0025608208616736405,-0.009442458825999811,-0.014199021514662569
2024-09-03,0.009569451016150587,-0.01212448749158046,-0.03799572320834432
2024-09-04,0.0075901692666757725,0.00025950434815413814,0.007750611284778941
2024-09-05,0.008782992470305562,-0.006246766799619774,0.007168489478612372
2024-09-06,-0.019552814654360873,-0.01977651797645663,-0.01262288850304083
2024-09-09,0.0031796529173795385,0.010859595531583555,0.0
2024-09-10,0.0031695747612792147,-0.01673568081523502,-0.012069724087330869
2024-09-11,-0.011457795621381273,-0.0010720987357628609,0.02799725078343185
2024-09-12,-0.004491505786296646,-0.011326981944676184,0.008988824568433085
2024-09-13,0.0,-0.0046214571855287545,0.006688988150796771
2024-09-16,-0.007746972250173734,0.0138007872980066,0.0
2024-09-17,-0.006501973491346735,-0.004579132580552425,-0.004797815920333459
2024-09-18,-0.0058881426252224145,-0.024321461173204995,-0.01174858019407532
2024-09-19,-0.013875346493617435,0.0033140046900372866,0.011920327725626567
2024-09-20,-0.018805120979053846,-0.0002757479681059216,-0.015227842273648928
2024-09-23,-0.02610038269489534,0.010152371464017929,0.003133707299822319
2024-09-24,-0.001392757885303464,0.004086642385451977,0.04768868285571326
2024-09-25,0.006252191259049855,0.00731413256592095,0.004464662232278371
2024-09-26,0.025300494815027275,-0.0218289704414123,0.058321827812135574
2024-09-27,0.008739551424963743,-0.003869546011317393,-0.004523835809575605
2024-09-30,-0.01619468591998041,-0.0027731576285825454,-0.0070605141508703895
2024-10-01,0.004776535864153164,0.02631009528775685,0.004869247035214297
2024-10-02,0.011247224087347796,0.013700684421680709,0.00546919091232656
2024-10-03,-0.010582109330536937,0.012198507136647052,-0.019353920126163437
2024-10-04,0.0013289038500539085,-0.0026392203231906386,-0.007335386104830199
2024-10-07,0.009253205480483029,0.01390916007518328,0.008764297993588244
2024-10-08,0.001314924581309107,-0.020271853863012,-0.030771658666753687
2024-10-09,-0.01990775765792474,-0.01015779918174431,-0.0026212334798740855
2024-10-10,0.0053476063265951446,0.011486703031797774,0.00474593804644563
2024-10-11,-0.013423020332140823,-0.0007971303730180956,0.014265114650766186
2024-10-14,0.014755465565919224,0.00238948739738154,-0.0032242491256333494
2024-10-15,0.00861788561938992,-0.008254606849779744,-0.012347841695495632
2024-10-16,-0.0033057881344999984,-0.005093162061954981,0.018946401084717568
2024-10-17,0.006600684031352166,-0.007553313494059299,-0.02567159661161922
2024-10-18,0.007863736460214543,-0.0027114984074980697,-0.003462207728470723
2024-10-21,-0.002614380574070818,-0.01587334915629013,-0.0036399775464310835
2024-10-22,-0.006566011770890334,-0.003869546011317393,0.0013251616979794711
2024-10-23,-0.003960401216096976,-0.01254022285437184,-0.017702533094972495
2024-10-24,0.001982161203991417,0.006707683059238967,0.005879899342879025
2024-10-25,-0.014627920404279404,0.006939653110540345,0.03343801600724827
2024-10-28,0.017922816301131572,-0.0016611299500763899,0.018458111715146774
2024-10-29,-0.014579449763157282,-0.0022191409939136264,-0.0035048625969058556
2024-10-30,0.00333222567580993,-0.004453110615154188,-0.0030368440185668533
2024-10-31,-0.04490550367394963,0.0016722411923617564,-0.0065847824852443
2024-11-01,-0.018258934226210943,-0.013739175883303645,-0.0004835200352082403
2024-11-04,-0.006358198742492327,0.0022560641266826664,0.010264725251558193
2024-11-05,-0.012838978073008711,-0.003103402123997956,-0.00881486595609804
2024-11-06,-0.008651820370513263,0.0002825257823566574,-0.011332483267809668
2024-11-07,-0.010921113278556938,0.00310252681526757,0.03424882665583873
2024-11-08,-0.01104170217053646,0.018692133012152556,-0.047194521584875915
2024-11-11,-0.0037078277555258055,0.0019329013335345202,-0.033202244984154916
2024-11-12,-0.005214164513500652,0.018584847563788198,-0.022937972139513096
2024-11-13,0.006698945781080212,-0.0013548301760786252,-0.002795249898304597
2024-11-14,0.003702336698535369,0.010519314802774016,-0.00561404983276681
2024-11-18,0.013945180115042533,0.024646802121362388,0.012413831938991482
2024-11-19,0.007262196041784907,-0.010526412986987754,0.0022563578088021785
2024-11-21,-0.003624505598960326,0.0029058269027015804,-0.001040763320311111
2024-11-22,0.002176279422595684,0.039058372196330904,0.009671923410673244
2024-11-25,-0.014598799421153164,-0.006106889208179478,-0.00017189514438564757
2024-11-26,0.006595846558351326,-0.0012769762940734175,-0.01280294304646512
2024-11-27,-0.027398974188114433,-0.0035842332278153144,0.012115066837054211
2024-11-28,-0.0429513871955991,-0.010312027444978611,-0.010375330838057195
2024-11-29,-0.010240341554244026,0.008001075074873132,0.02149511011556937
2024-12-02,-0.021609484332855367,0.006406171812411543,0.002378930603658347
2024-12-03,-0.009708814126960785,0.008900249470264132,-0.007666789406850505
2024-12-04,0.011317824932661757,-0.006349227678658753,-0.01968975526728789
2024-12-05,0.013573062665794389,0.009887265233369913,0.008164728758040418
2024-12-06,-0.02326619187145429,-0.015508128269263732,-0.017276409109296065
2024-12-09,-0.006514681021193347,0.025548373254496326,0.051794840832904754
2024-12-10,0.019418085857101364,0.003739254014089699,-0.001003344565777553
2024-12-11,0.017474630523263812,0.009903522389696828,-0.01568196710292602
2024-12-12,-0.0352600629564801,-0.009862524790877902,-0.012093741299584071
2024-12-13,-0.013136477905370203,-0.0062794554848433215,-0.015102001508905616
2024-12-16,-0.016667052485211276,-0.004208317625786773,-0.0005372011947617494
2024-12-17,0.007534568921939044,0.00944393167973212,0.005002690440611524
2024-12-18,-0.04259587717875846,-0.026188508953533862,-0.023441390704855625
2024-12-19,0.000869943508539972,-0.004028473287428724,-0.01915696823643831
2024-12-20,0.02235690710127658,-0.008377295310292077,0.015684425223972287
2024-12-23,-0.018018505502678472,0.00027133360633158077,0.004202070675680236
2024-12-26,0.00776200533548943,0.003921573653181465,0.002912800166127383
2024-12-27,-0.00776200533548943,-0.0030799408359323266,-0.004920283274833626
2024-12-30,0.0008654262764289378,0.014753225140657023,-0.003476991333453583
2025-01-02,0.00792606527242068,0.015899457737529765,-0.005514719858510819
2025-01-03,-0.017699577099401065,-0.010663122223204535,-0.01879299889365793
2025-01-06,0.019452425926815398,-0.004683849312426158,-0.012854619350555652
2025-01-07,0.013913267916985106,0.02104190218142854,-0.009750579115377356
2025-01-08,-0.01566611674439944,-0.00814557857071474,-0.009652584598009106
2025-01-09,-0.0070422826254130655,0.004352563998842207,-0.006226912511857918
2025-01-10,-0.012444605048083535,0.002710763383987569,0.005644783844987344
2025-01-13,0.0035714323675972715,0.003513042391547039,-0.0001941182186042667
2025-01-14,0.018543577712168968,-0.006766841357709108,0.006578971098042619
2025-01-15,0.03439720018357617,0.012684018385797913,0.014361185068128002
2025-01-16,-0.00848901532491153,-0.006456842448633537,0.0013299137516336046
2025-01-17,-0.012007005313723784,0.004040409537005019,0.03397116509970921
2025-01-20,0.0034453091789128365,0.002416432911628519,-0.0036771506776474006
2025-01-21,0.0008594757727187208,0.0002681324590403378,-0.004985699552890299
2025-01-22,-0.013841051411871419,-0.005645935148270276,-0.025498194296305954
2025-01-23,-0.00787061343232942,-0.00703466104452577,-0.006477446919220142
2025-01-24,-0.00793305174079606,-0.0051721906510442395,0.01347908400009512
2025-01-27,0.024476746426554286,0.014630442487368445,0.017385240190516793
2025-01-28,0.004308494385723893,-0.0013457141043091703,-0.02457679275957103
2025-01-29,-0.01037174379678163,-0.006213717142507402,0.0028449521322313487
2025-01-30,0.05328956289756093,0.013191737942540804,0.041367300359451686
2025-01-31,-0.00412712100465118,0.007991518290021649,-0.015751241401859684
2025-02-03,-0.001655629517260948,-0.005053874302678896,0.0007381436024389565
2025-02-04,0.0,-0.009915664787376155,-0.0035110449077770944
2025-02-05,0.02300841020977451,-0.007298315947311895,0.005354023682284215
2025-02-06,0.013715422744919437,-0.001900883124994035,0.014985660554838631
2025-02-07,-0.04005439390185872,-0.005724426153963513,-0.005456543185635265
2025-02-10,0.0008336807485775921,0.006811087494254409,0.01034210433728111
2025-02-11,0.023065272930995917,0.0,-0.0043415408281370915
2025-02-12,-0.046675138570129615,-0.015046105210037908,-0.006730357374776563
2025-02-13,0.01355952978563213,0.0011019284861566447,0.001276789959132607
2025-02-14,0.025759629558681052,0.03037109787629877,0.014656916685959143
2025-02-17,0.0016393446294333813,0.006124370094558351,-0.005403471360540646
2025-02-18,-0.0008193363834023693,0.01815122831128768,0.006660091218926301
2025-02-19,-0.018197359051907558,0.0020833340868544603,-0.0008974244522246266
2025-02-20,-0.0025073143097835704,0.001559657191646746,0.03614957663321183
2025-02-21,-0.00924764892166019,-0.002861232281032411,0.007247658990474637
2025-02-24,-0.017895662925286437,-0.007057930226705089,-0.009154567776688882
2025-02-25,0.011965954741611995,-0.004469574944362176,-0.0097646808999583
2025-02-26,-0.01973466019223169,0.0,-0.006151702324744601
2025-02-27,-0.006084329938674138,-0.03594807670949418,-0.007432347078227597
2025-02-28,-0.02025608667573442,-0.018748826006717678,-0.020637789446133148
2025-03-05,0.02025608667573442,-0.03714105137736379,0.007946583265866725
2025-03-06,0.01131923273993829,-0.010453056852089304,0.010913427934267528
2025-03-07,0.012048338516174706,0.010741865518356875,0.014485326584880553
2025-03-10,-0.014649120216231992,-0.0002888086662675704,-0.00443541662277358
2025-03-11,-0.006094925267496443,-0.015134165458592364,0.008300333553069805
2025-03-12,0.0,0.0,-0.012569481568371454
2025-03-13,0.017316450011461093,0.009921295270058916,0.013671005454304108
2025-03-14,0.040375542944249165,0.025679014417691715,0.032316197806737
2025-03-17,0.014730217240403132,0.018420839042605497,0.014287217186029544
2025-03-18,-0.0008126778179899929,0.0008293020516751959,0.007328596750826311
2025-03-19,0.008903336838143705,-0.0008293020516751959,-0.0017400387198729383
2025-03-20,-0.004846536142529612,0.0022099456508031246,-0.0031397200046678897
2025-03-21,0.013671302597966228,0.015334364000106238,0.003662049606514284
2025-03-24,0.010329849501577115,-0.0013596195160396896,-0.005235614053944904
2025-03-25,0.01646450363594365,0.007860184119133251,0.0033190702144043627
2025-03-26,0.016197808826657223,0.009404879211043493,0.006085387813573817
2025-03-27,-0.0038328908557070385,0.0074607327149274205,0.007942030695875513
2025-03-28,-0.013921338518608106,-0.006391499787611998,-0.010197996945506382
2025-03-31,-0.013328303928767493,-0.00723960797069978,-0.015053671285460535
2025-04-01,0.0008028904485906097,0.0037604127041319657,0.008604847193518506
2025-04-02,-0.0008016032493363134,-0.0026845653706688566,-0.004556614964234207
2025-04-03,0.019063325509417695,-0.03278982282299081,-0.0368556918921068
2025-04-04,-0.011076062599206793,-0.041111388242431435,-0.04073087419580368
2025-04-07,-0.016847570572611215,-0.04046026545138037,-0.012031081814102507
2025-04-08,-0.02789352292248326,-0.03621138196257201,-0.056311171562715145
2025-04-09,0.03675383058488357,0.03982149418667191,0.05246131117727382
2025-04-10,-0.0016051367812286443,-0.06417822569141096,0.01777739639964171
2025-04-11,0.013562234202350698,0.0196582107231853,0.016535513922300016
2025-04-14,0.00867855545624785,-0.003774776423068449,0.012960744285464898
2025-04-15,0.0007852375747021689,-0.023275401109957627,-0.010169265781614811
2025-04-16,-0.0015710922320413268,0.0,-0.023503949324973128
2025-04-17,0.004705891037412702,0.0058517722252364734,0.0060698213670757895
2025-04-22,-0.003920036380073544,0.002266473367824151,0.01761994975532888
2025-04-23,0.032460346054458356,-0.011384087816477706,0.011821341946853803
2025-04-24,0.015843409484725957,-0.004590171993863468,0.0154872367609733
2025-04-25,0.0014958865915830621,0.0029532425073766078,-0.026751320404188927
2025-04-28,-0.0022446698538240994,-0.003939598004080391,0.0035221094896003002
2025-04-29,0.01117330059812538,0.005249355886143725,-0.0037078277555258055
2025-04-30,0.016893534335495897,-0.01882797153740201,-0.0183697761603292
2025-05-02,-0.021347884684876473,0.026975319847658774,-0.0011357184639275708
2025-05-05,-0.01121507082013995,-0.0380399758987906,0.003025720916537189
2025-05-06,-0.004521484718845947,0.016385586463408597,0.0007550019233693028
2025-05-07,-0.015220994010355149,0.0046327018659511054,-0.0018885746878685161
2025-05-08,0.14534780608130315,0.01377070941358527,-0.0030291579391130696
2025-05-09,0.002649008171577094,0.006491421691293908,0.003973891122274864
2025-05-12,-0.014657157799973675,0.023658392446160192,0.02480776291925313
2025-05-13,0.021249139482126367,0.015052024537582032,0.01626349231767099
2025-05-14,-0.001314924581309107,-0.006870732837614746,-0.004905978768854347
2025-05-15,0.009820046180975428,-0.0012543118609071868,0.008148528563904911
2025-05-16,0.0032520353863771945,0.0046955791393235025,0.000721110541433756
2025-05-19,0.009049835519918226,-0.0012500001627606672,-0.002706849979029702
2025-05-20,0.009606221805439574,0.0040568006956145375,0.00018068479586608177
2025-05-21,-0.018006917412916934,-0.01127478276272198,-0.012910443892111712
2025-05-22,0.0025923540117300803,-0.013316620374600241,-0.0075319544095653335
2025-05-23,0.012222731773410711,0.0022317879501074778,0.0016582223974714871
2025-05-26,0.005102051883895342,-0.0031897953681001567,-0.005723268645640989
2025-05-27,0.02015181543730815,0.007321376010861691,-0.0031525292683269868
2025-05-28,0.006834447230296803,-0.0031766227474929742,-0.008018690984793686
2025-05-29,-0.004343785917845011,-0.0060635258379910795,0.0007486431193752807
2025-05-30,0.0074349784875180625,-0.0109431410677856,-0.02558168871173283
2025-06-02,0.0024660924951933616,0.005808341595746835,0.008790425417033898
2025-06-03,0.009744291474678146,0.00999009307508647,-0.0005709392104851219
2025-06-04,-0.003034903695153801,-0.027886907065597377,0.004558412451706406
2025-06-05,-0.029613514984459854,0.0003406574722095712,0.0026495094984637646
2025-06-06,-0.0006263702052584641,0.009154157839158739,0.0013221269278833603
2025-06-09,-0.007547205635382692,-0.015646577705843434,0.00583421246476723
2025-06-10,-0.0006315124933591321,0.029721877101586358,0.006732772768016648
2025-06-11,0.03048447564304002,0.03273614739827124,-0.008799083261833651
2025-06-12,0.009756174945364737,0.0222939169592129,-0.006603174638649456
2025-06-13,-0.01159610186737181,0.024270015146559576,-0.013338612396209815
2025-06-16,0.02125801277910888,-0.009885777142152996,0.03209033379285131
2025-06-17,0.014912295426646072,0.022410761406387092,-0.0459982265054526
2025-06-18,-0.0077266357657714835,-0.000911161794245885,-0.0033122290388796216
2025-06-20,-0.008388305626635173,-0.002738477293303898,-0.026098752967361527
2025-06-23,-0.007852652855794506,-0.025302182862218192,0.012541221405308445
2025-06-24,0.003027553024037566,-0.019883880597139747,-0.00019784350643270443
2025-06-25,-0.008500354765392348,-0.0051134659198988075,-0.001187883727090444
2025-06-26,0.009104766992919178,0.007978341347443685,0.02966650034846996
2025-06-27,0.0012077296153996109,-0.007978341347443685,0.019048194970694432
2025-06-30,0.015569176764242965,0.005432191022198385,-0.006625674972137396
2025-07-01,0.0060132472234517564,0.0034992878080468692,0.013395163027383639
2025-07-02,-0.019371065755999783,0.017627148253745784,0.035711506920920844
2025-07-03,0.02355892709647467,0.00342626094408649,-0.004712714903200688
2025-07-04,-0.004787561508373006,-0.0012445552322044584,0.0029027596579611625
2025-07-07,-0.009644438830665791,-0.0018697418971540536,-0.014782639848180068
2025-07-08,0.0024198438910350006,0.014246137498203026,0.003487201845322918
2025-07-09,-0.011546770648470872,-0.006169051026715167,-0.009943002188194328
2025-07-10,-0.013538668332798043,-0.002478316014467019,0.022686666367416564
2025-07-11,-0.005591813265777734,0.012024192966801461,0.01294051127573459
2025-07-14,0.0037313476128577605,-0.01326565805486668,-0.011494379425735168
2025-07-15,-0.0006209251984654607,-0.007794271726818902,-0.026541321845836574
2025-07-16,-0.0024875634718015682,-0.005020405900832525,0.009048164398319347
2025-07-17,-0.0018697418971540536,-0.01011706384639588,-0.0018399269220070735
2025-07-18,-0.022713910253532088,-0.015370139276658534,0.004776786595316995
2025-07-21,0.0006379585543321298,0.0019342365798311612,0.026943135982962385
2025-07-22,-0.003193870488876538,0.009615458699441692,0.02554079828513567
2025-07-23,0.015868311385604628,0.020209086882497118,-0.0013922731103868102
2025-07-24,-0.01267444089672809,-0.0015642111745601817,-0.015621204005718425
2025-07-25,-0.007682496172016329,0.001251564618941714,-0.014791323753961194
2025-07-28,-0.0077419741536153275,0.0012500001627606672,0.003996372257973224
2025-07-29,-0.0019448952646059503,0.013031521678643188,-0.006182962050460983
2025-07-30,0.01609304123063282,0.010121233463511459,-0.018038405538167268
2025-07-31,-0.008336053402061339,-0.003974932614817295,-0.007082974625699734
2025-08-01,0.0019298815896497956,-0.013261566752798881,0.005409956296999141
2025-08-04,-0.004460026507529413,-0.0015535190323419101,0.007968169649176904
2025-08-05,0.0019138761822841133,0.004653335525641289,-0.001292825002304987
2025-08-06,-0.0012755103770114573,0.0012372411105028291,-0.006303320833056958
2025-08-07,0.0076287718996210785,0.005548719538350788,0.006303320833056958
2025-08-08,0.010708763754112116,-0.06345293373847394,0.023380060390368662
2025-08-11,-0.0037664827954766444,0.0003255738267404773,-0.001083815134994115
2025-08-12,0.023003812004760427,0.0026007817000572864,0.010427998128535343
2025-08-13,-0.008642029093829162,-0.007495554076785371,-0.00387490105655397
2025-08-14,-0.007467365128493775,-0.012839682563040355,-0.012464118201520602
2025-08-15,0.0012484396128380482,-0.0003314001687333423,-0.001873712371307068
2025-08-18,0.019765930721800995,0.006277899356459393,-0.002253098962909039
2025-08-19,-0.034851069075712005,-0.010596125631495035,0.0007515971793119469
2025-08-20,0.00316155811872898,0.0059741299486595345,-0.0045180799747890354
2025-08-21,-0.00316155811872898,0.002313668194552587,0.008454723918932316
2025-08-22,0.03240158836537166,0.01921861670177094,0.024761058079270093
2025-08-25,0.002449480710340346,0.005890069384602903,0.0023698853494460437
2025-08-26,-0.002449480710340346,-0.007203698473341014,0.008882501979488033
2025-08-27,0.00733051541625418,0.007529909534788715,-0.0005415651364426566
2025-08-28,0.021674539040272833,0.008767713253309939,0.00036107601042223436
2025-08-29,0.0023795371132653287,0.005481232488210086,0.002883924132905058
2025-09-01,-0.0065574005461592755,0.00224827459405752,0.0007196833703937422
2025-09-02,0.003033062683112764,0.0051200111848546115,-0.0037841292115241565
2025-09-03,-0.0006058770255013002,-0.00865528724355924,0.0037841292115241565
2025-09-04,0.01980262729617932,0.0,0.001976462776187571
2025-09-05,0.024069257032832247,-0.015247659557729332,0.00911290144566168
2025-09-08,-0.005234091623597781,0.00391517628991922,0.0024871215520936296
2025-09-09,-0.009373237928108402,0.007784664677874087,-0.003020881906373063
2025-09-10,-0.007088039125963785,0.01793195663857805,0.006916760749314577
2025-09-11,0.009439598116720127,-0.0038155849153209687,0.007746517611104675
2025-09-12,-0.011813486471882406,-0.0067125072242317785,-0.0003508156499756332
2025-09-15,0.011813486471882406,0.008622119516819016,0.008733679968754515
2025-09-16,-0.0023515589907563417,0.0025404904105199577,0.0034722257107491217
2025-09-17,0.03413695657319016,0.006007923209677912,0.0017316021642779234
2025-09-18,-0.01029168603654762,-0.009821083216092319,-0.001904927409533741
2025-09-19,0.01765924557425924,-0.011205495830013845,0.003978899808662728
2025-09-22,0.0016925250866912656,0.00993120448204543,0.0013802624689587262
2025-09-23,0.006181531344214619,0.016753987588212116,-0.005705902919098005
2025-09-24,-0.007874056430905885,0.022319587402069185,0.0038075504635917135
2025-09-25,-0.00793654959573642,-0.008002505002576932,0.005512503192731
2025-09-26,0.005109292976808177,-0.0034050489485095703,-0.019428191307476528
2025-09-29,0.010140931976049039,-0.013737337480728584,0.00332255267622239
2025-09-30,-0.007321913870969254,-0.011063808130920894,0.005223762531639586
2025-10-01,-0.017104179805502273,-0.0025461503252453,0.012598320050035028
2025-10-02,-0.012790872060618241,-0.009606221805440018,0.006666121599986141
2025-10-03,0.0005849663811146044,-0.0025773210143005265,-0.0018756932773538182
2025-10-06,-0.00586511945239776,-0.009073296205674986,0.016923741202190534
2025-10-07,-0.016607736399660844,0.0035743336185878327,-0.014196621734619441
2025-10-08,0.016019328027284896,-0.005855579515838372,0.007630388865692339
2025-10-09,0.005283252676583583,-0.014459666983639874,-0.0015214270536825225
2025-10-10,-0.013557531562053082,-0.008977616407098488,-0.00406849179610802
2025-10-13,0.004145697379706714,0.009639429799884525,0.014837567771450288
2025-10-14,0.014084739881738528,-0.006970982586051111,0.0
2025-10-15,0.011587615172388155,-0.009034694213676975,0.01840695365720446
2025-10-16,0.01145487897476638,-0.010135221894043145,-0.009244040735684855
2025-10-17,0.006810469002526798,0.00946272691241079,-0.002823218681662354
2025-10-20,0.0184931019783674,0.0006724949816323544,0.012724289664373778
2025-10-21,-0.013415517021305057,-0.008099943036790513,0.0024701535820623732
2025-10-22,0.0011248595111839066,0.011455650883763102,0.017607236732744447
2025-10-23,0.010623527365730467,0.011325903880136323,-0.001941119988345008
2025-10-24,0.00554632592055615,-0.01166096838318742,-0.00048586931071614714
2025-10-27,0.008262233726541446,0.0053476063265951446,-0.0011346139478005668
2025-10-28,0.0005483959556138451,-0.00033338890123779663,0.008719577287130242
2025-10-29,0.031834358022875264,0.000999833444398135,0.018004150783204942
2025-10-30,-0.03953940439728054,-0.004339849909468896,0.007550767351916399
2025-10-31,0.0033094349013671476,-0.004694844304208079,0.022469373284918603
2025-11-03,0.010953012019196962,0.011696039763191557,0.0013781489050570528
2025-11-04,0.00490330592852084,0.004971012722020163,-0.01123347967387911
2025-11-05,0.02097414881043358,0.019640565874546656,0.017031481879132393
2025-11-06,-0.004266673139375232,0.005172982760960565,-0.0035052996342779252
2025-11-07,0.0010683761699987748,0.0370354084518798,-0.011053228898023626
2025-11-10,0.01851414956414299,0.005577950626053596,0.006615917661927817
2025-11-11,0.021260847499329216,0.025626783732151992,-0.0026103661655554333
2025-11-12,-0.0025687144871762158,-0.025935854975533523,0.011009285508369437
2025-11-13,0.002055499182096021,0.004318328734099541,-0.0013695505450437295
2025-11-14,-0.0005134788302809667,0.006442728222198824,-0.006109687555754917
2025-11-17,-0.007733990599736451,0.003656311203110274,-0.000766342285952959
2025-11-18,-0.011976191046715545,0.0033399150525110777,-0.003071255485414426
2025-11-19,-0.010002715672059459,-0.0051663995785453665,-0.0010771717591504526
2025-11-21,-0.005837108640223132,-0.007646466373802507,0.0032280406172358056
2025-11-24,0.0005320564105302239,-0.0009215174972503348,-0.0010748561495486086
2025-11-25,0.007947061692531676,-0.008022258389143833,0.00780476836574806
2025-11-26,0.029635649456511093,-0.001550147574401528,0.014828536196834996
2025-11-27,-0.002051282770557439,0.005260726970937046,-0.003761948609414034
2025-11-28,0.008689040100880785,-0.01900664787557238,0.01600273438079647
2025-12-01,-0.015384918839479234,0.0018856070954611504,0.00768552408483103
2025-12-02,0.008222040152016774,0.00688363168689099,0.008211189830394261
2025-12-03,-0.02802466744819654,0.0074557661313434664,0.03176238834937628
2025-12-04,0.014110503259834761,0.0064785048432032255,0.01725026998050261
2025-12-05,-0.06153318181144174,-0.036003262477023235,-0.023921219423079343
2025-12-08,0.007148779413667317,0.00920203225027949,-0.006859129492780447
2025-12-09,-0.013237920840635908,0.006297250029036139,0.0005733945111225935
2025-12-10,0.01761190266374868,0.0025078383049641495,0.01817715483425264
2025-12-11,0.011391498286095647,-0.021519817793536067,0.01314152842317462
2025-12-12,0.00645163528148851,0.010501289820663118,0.012613836942989565
2025-12-15,0.013837368204534517,0.0034760660692412237,0.006102896012584402
2025-12-16,-0.02786889900879208,-0.030751942772785146,0.0037594029239054194
2025-12-17,-0.008185584586439365,0.010999787388997095,0.012620273624907696
2025-12-18,0.004373981823112771,-0.005808341595746835,0.0025619142962005625
2025-12-19,0.009231670232665579,0.0035535492086578024,0.007082182576291451
2025-12-22,-0.014153747438093944,0.002898086072830708,0.02879798367377262
2025-12-23,0.009277010598801372,-0.007886994547892545,-0.00027431079584960827
2025-12-26,-0.0005433306300464125,0.003293810619561466,0.0030132881312825432
2025-12-29,0.0048793807840934456,0.010467874453119919,-0.013770528810778337
2025-12-30,-0.010935046086198774,0.0029244537495767275,-0.0022209892527840225
